province,month,type,p_esta,m_esta
กรุงเทพมหานคร,มกราคม,S,2368,4106.358938
กรุงเทพมหานคร,มกราคม,M,3,310.0
กรุงเทพมหานคร,มกราคม,L,2,9050.0
กรุงเทพมหานคร,กุมภาพันธ์,S,2210,4164.23735
กรุงเทพมหานคร,กุมภาพันธ์,M,6,810.2902
กรุงเทพมหานคร,กุมภาพันธ์,L,1,1000.0
กรุงเทพมหานคร,มีนาคม,S,2194,8622.411555
กรุงเทพมหานคร,มีนาคม,M,7,628.152
กรุงเทพมหานคร,มีนาคม,L,1,800.0
กรุงเทพมหานคร,เมษายน,S,1812,3508.4103
กรุงเทพมหานคร,เมษายน,M,11,1856.0
กรุงเทพมหานคร,เมษายน,L,2,8495.0316
กรุงเทพมหานคร,พฤษภาคม,S,0,0.0
กรุงเทพมหานคร,พฤษภาคม,M,0,0.0
กรุงเทพมหานคร,พฤษภาคม,L,0,0.0
กรุงเทพมหานคร,มิถุนายน,S,0,0.0
กรุงเทพมหานคร,มิถุนายน,M,0,0.0
กรุงเทพมหานคร,มิถุนายน,L,0,0.0
กรุงเทพมหานคร,กรกฎาคม,S,0,0.0
กรุงเทพมหานคร,กรกฎาคม,M,0,0.0
กรุงเทพมหานคร,กรกฎาคม,L,0,0.0
กรุงเทพมหานคร,สิงหาคม,S,0,0.0
กรุงเทพมหานคร,สิงหาคม,M,0,0.0
กรุงเทพมหานคร,สิงหาคม,L,0,0.0
กรุงเทพมหานคร,กันยายน,S,0,0.0
กรุงเทพมหานคร,กันยายน,M,0,0.0
กรุงเทพมหานคร,กันยายน,L,0,0.0
กรุงเทพมหานคร,ตุลาคม,S,0,0.0
กรุงเทพมหานคร,ตุลาคม,M,0,0.0
กรุงเทพมหานคร,ตุลาคม,L,0,0.0
กรุงเทพมหานคร,พฤศจิกายน,S,0,0.0
กรุงเทพมหานคร,พฤศจิกายน,M,0,0.0
กรุงเทพมหานคร,พฤศจิกายน,L,0,0.0
กรุงเทพมหานคร,ธันวาคม,S,0,0.0
กรุงเทพมหานคร,ธันวาคม,M,0,0.0
กรุงเทพมหานคร,ธันวาคม,L,0,0.0
ชัยนาท,มกราคม,S,17,21.8
ชัยนาท,มกราคม,M,0,0.0
ชัยนาท,มกราคม,L,0,0.0
ชัยนาท,กุมภาพันธ์,S,14,12.0
ชัยนาท,กุมภาพันธ์,M,0,0.0
ชัยนาท,กุมภาพันธ์,L,0,0.0
ชัยนาท,มีนาคม,S,12,19.8
ชัยนาท,มีนาคม,M,0,0.0
ชัยนาท,มีนาคม,L,0,0.0
ชัยนาท,เมษายน,S,6,12.0
ชัยนาท,เมษายน,M,0,0.0
ชัยนาท,เมษายน,L,0,0.0
ชัยนาท,พฤษภาคม,S,0,0.0
ชัยนาท,พฤษภาคม,M,0,0.0
ชัยนาท,พฤษภาคม,L,0,0.0
ชัยนาท,มิถุนายน,S,0,0.0
ชัยนาท,มิถุนายน,M,0,0.0
ชัยนาท,มิถุนายน,L,0,0.0
ชัยนาท,กรกฎาคม,S,0,0.0
ชัยนาท,กรกฎาคม,M,0,0.0
ชัยนาท,กรกฎาคม,L,0,0.0
ชัยนาท,สิงหาคม,S,0,0.0
ชัยนาท,สิงหาคม,M,0,0.0
ชัยนาท,สิงหาคม,L,0,0.0
ชัยนาท,กันยายน,S,0,0.0
ชัยนาท,กันยายน,M,0,0.0
ชัยนาท,กันยายน,L,0,0.0
ชัยนาท,ตุลาคม,S,0,0.0
ชัยนาท,ตุลาคม,M,0,0.0
ชัยนาท,ตุลาคม,L,0,0.0
ชัยนาท,พฤศจิกายน,S,0,0.0
ชัยนาท,พฤศจิกายน,M,0,0.0
ชัยนาท,พฤศจิกายน,L,0,0.0
ชัยนาท,ธันวาคม,S,0,0.0
ชัยนาท,ธันวาคม,M,0,0.0
ชัยนาท,ธันวาคม,L,0,0.0
นครปฐม,มกราคม,S,138,175.888001
นครปฐม,มกราคม,M,0,0.0
นครปฐม,มกราคม,L,0,0.0
นครปฐม,กุมภาพันธ์,S,117,241.2172
นครปฐม,กุมภาพันธ์,M,0,0.0
นครปฐม,กุมภาพันธ์,L,0,0.0
นครปฐม,มีนาคม,S,120,162.705
นครปฐม,มีนาคม,M,0,0.0
นครปฐม,มีนาคม,L,0,0.0
นครปฐม,เมษายน,S,117,189.521
นครปฐม,เมษายน,M,0,0.0
นครปฐม,เมษายน,L,0,0.0
นครปฐม,พฤษภาคม,S,0,0.0
นครปฐม,พฤษภาคม,M,0,0.0
นครปฐม,พฤษภาคม,L,0,0.0
นครปฐม,มิถุนายน,S,0,0.0
นครปฐม,มิถุนายน,M,0,0.0
นครปฐม,มิถุนายน,L,0,0.0
นครปฐม,กรกฎาคม,S,0,0.0
นครปฐม,กรกฎาคม,M,0,0.0
นครปฐม,กรกฎาคม,L,0,0.0
นครปฐม,สิงหาคม,S,0,0.0
นครปฐม,สิงหาคม,M,0,0.0
นครปฐม,สิงหาคม,L,0,0.0
นครปฐม,กันยายน,S,0,0.0
นครปฐม,กันยายน,M,0,0.0
นครปฐม,กันยายน,L,0,0.0
นครปฐม,ตุลาคม,S,0,0.0
นครปฐม,ตุลาคม,M,0,0.0
นครปฐม,ตุลาคม,L,0,0.0
นครปฐม,พฤศจิกายน,S,0,0.0
นครปฐม,พฤศจิกายน,M,0,0.0
นครปฐม,พฤศจิกายน,L,0,0.0
นครปฐม,ธันวาคม,S,0,0.0
นครปฐม,ธันวาคม,M,0,0.0
นครปฐม,ธันวาคม,L,0,0.0
นนทบุรี,มกราคม,S,469,622.982
นนทบุรี,มกราคม,M,0,0.0
นนทบุรี,มกราคม,L,0,0.0
นนทบุรี,กุมภาพันธ์,S,471,633.370642
นนทบุรี,กุมภาพันธ์,M,0,0.0
นนทบุรี,กุมภาพันธ์,L,0,0.0
นนทบุรี,มีนาคม,S,437,588.03
นนทบุรี,มีนาคม,M,0,0.0
นนทบุรี,มีนาคม,L,0,0.0
นนทบุรี,เมษายน,S,379,711.215
นนทบุรี,เมษายน,M,0,0.0
นนทบุรี,เมษายน,L,1,370.0
นนทบุรี,พฤษภาคม,S,0,0.0
นนทบุรี,พฤษภาคม,M,0,0.0
นนทบุรี,พฤษภาคม,L,0,0.0
นนทบุรี,มิถุนายน,S,0,0.0
นนทบุรี,มิถุนายน,M,0,0.0
นนทบุรี,มิถุนายน,L,0,0.0
นนทบุรี,กรกฎาคม,S,0,0.0
นนทบุรี,กรกฎาคม,M,0,0.0
นนทบุรี,กรกฎาคม,L,0,0.0
นนทบุรี,สิงหาคม,S,0,0.0
นนทบุรี,สิงหาคม,M,0,0.0
นนทบุรี,สิงหาคม,L,0,0.0
นนทบุรี,กันยายน,S,0,0.0
นนทบุรี,กันยายน,M,0,0.0
นนทบุรี,กันยายน,L,0,0.0
นนทบุรี,ตุลาคม,S,0,0.0
นนทบุรี,ตุลาคม,M,0,0.0
นนทบุรี,ตุลาคม,L,0,0.0
นนทบุรี,พฤศจิกายน,S,0,0.0
นนทบุรี,พฤศจิกายน,M,0,0.0
นนทบุรี,พฤศจิกายน,L,0,0.0
นนทบุรี,ธันวาคม,S,0,0.0
นนทบุรี,ธันวาคม,M,0,0.0
นนทบุรี,ธันวาคม,L,0,0.0
ปทุมธานี,มกราคม,S,438,548.73
ปทุมธานี,มกราคม,M,1,150.85
ปทุมธานี,มกราคม,L,0,0.0
ปทุมธานี,กุมภาพันธ์,S,364,500.1618
ปทุมธานี,กุมภาพันธ์,M,0,0.0
ปทุมธานี,กุมภาพันธ์,L,0,0.0
ปทุมธานี,มีนาคม,S,370,475.381
ปทุมธานี,มีนาคม,M,0,0.0
ปทุมธานี,มีนาคม,L,0,0.0
ปทุมธานี,เมษายน,S,308,415.89
ปทุมธานี,เมษายน,M,0,0.0
ปทุมธานี,เมษายน,L,0,0.0
ปทุมธานี,พฤษภาคม,S,0,0.0
ปทุมธานี,พฤษภาคม,M,0,0.0
ปทุมธานี,พฤษภาคม,L,0,0.0
ปทุมธานี,มิถุนายน,S,0,0.0
ปทุมธานี,มิถุนายน,M,0,0.0
ปทุมธานี,มิถุนายน,L,0,0.0
ปทุมธานี,กรกฎาคม,S,0,0.0
ปทุมธานี,กรกฎาคม,M,0,0.0
ปทุมธานี,กรกฎาคม,L,0,0.0
ปทุมธานี,สิงหาคม,S,0,0.0
ปทุมธานี,สิงหาคม,M,0,0.0
ปทุมธานี,สิงหาคม,L,0,0.0
ปทุมธานี,กันยายน,S,0,0.0
ปทุมธานี,กันยายน,M,0,0.0
ปทุมธานี,กันยายน,L,0,0.0
ปทุมธานี,ตุลาคม,S,0,0.0
ปทุมธานี,ตุลาคม,M,0,0.0
ปทุมธานี,ตุลาคม,L,0,0.0
ปทุมธานี,พฤศจิกายน,S,0,0.0
ปทุมธานี,พฤศจิกายน,M,0,0.0
ปทุมธานี,พฤศจิกายน,L,0,0.0
ปทุมธานี,ธันวาคม,S,0,0.0
ปทุมธานี,ธันวาคม,M,0,0.0
ปทุมธานี,ธันวาคม,L,0,0.0
พระนครศรีอยุธยา,มกราคม,S,126,119.82
พระนครศรีอยุธยา,มกราคม,M,1,114.6
พระนครศรีอยุธยา,มกราคม,L,0,0.0
พระนครศรีอยุธยา,กุมภาพันธ์,S,81,126.55
พระนครศรีอยุธยา,กุมภาพันธ์,M,0,0.0
พระนครศรีอยุธยา,กุมภาพันธ์,L,0,0.0
พระนครศรีอยุธยา,มีนาคม,S,73,136.805
พระนครศรีอยุธยา,มีนาคม,M,0,0.0
พระนครศรีอยุธยา,มีนาคม,L,0,0.0
พระนครศรีอยุธยา,เมษายน,S,84,114.9
พระนครศรีอยุธยา,เมษายน,M,0,0.0
พระนครศรีอยุธยา,เมษายน,L,0,0.0
พระนครศรีอยุธยา,พฤษภาคม,S,0,0.0
พระนครศรีอยุธยา,พฤษภาคม,M,0,0.0
พระนครศรีอยุธยา,พฤษภาคม,L,0,0.0
พระนครศรีอยุธยา,มิถุนายน,S,0,0.0
พระนครศรีอยุธยา,มิถุนายน,M,0,0.0
พระนครศรีอยุธยา,มิถุนายน,L,0,0.0
พระนครศรีอยุธยา,กรกฎาคม,S,0,0.0
พระนครศรีอยุธยา,กรกฎาคม,M,0,0.0
พระนครศรีอยุธยา,กรกฎาคม,L,0,0.0
พระนครศรีอยุธยา,สิงหาคม,S,0,0.0
พระนครศรีอยุธยา,สิงหาคม,M,0,0.0
พระนครศรีอยุธยา,สิงหาคม,L,0,0.0
พระนครศรีอยุธยา,กันยายน,S,0,0.0
พระนครศรีอยุธยา,กันยายน,M,0,0.0
พระนครศรีอยุธยา,กันยายน,L,0,0.0
พระนครศรีอยุธยา,ตุลาคม,S,0,0.0
พระนครศรีอยุธยา,ตุลาคม,M,0,0.0
พระนครศรีอยุธยา,ตุลาคม,L,0,0.0
พระนครศรีอยุธยา,พฤศจิกายน,S,0,0.0
พระนครศรีอยุธยา,พฤศจิกายน,M,0,0.0
พระนครศรีอยุธยา,พฤศจิกายน,L,0,0.0
พระนครศรีอยุธยา,ธันวาคม,S,0,0.0
พระนครศรีอยุธยา,ธันวาคม,M,0,0.0
พระนครศรีอยุธยา,ธันวาคม,L,0,0.0
ลพบุรี,มกราคม,S,35,66.9
ลพบุรี,มกราคม,M,0,0.0
ลพบุรี,มกราคม,L,0,0.0
ลพบุรี,กุมภาพันธ์,S,21,26.8
ลพบุรี,กุมภาพันธ์,M,0,0.0
ลพบุรี,กุมภาพันธ์,L,0,0.0
ลพบุรี,มีนาคม,S,28,31.3
ลพบุรี,มีนาคม,M,0,0.0
ลพบุรี,มีนาคม,L,0,0.0
ลพบุรี,เมษายน,S,28,36.608
ลพบุรี,เมษายน,M,0,0.0
ลพบุรี,เมษายน,L,0,0.0
ลพบุรี,พฤษภาคม,S,0,0.0
ลพบุรี,พฤษภาคม,M,0,0.0
ลพบุรี,พฤษภาคม,L,0,0.0
ลพบุรี,มิถุนายน,S,0,0.0
ลพบุรี,มิถุนายน,M,0,0.0
ลพบุรี,มิถุนายน,L,0,0.0
ลพบุรี,กรกฎาคม,S,0,0.0
ลพบุรี,กรกฎาคม,M,0,0.0
ลพบุรี,กรกฎาคม,L,0,0.0
ลพบุรี,สิงหาคม,S,0,0.0
ลพบุรี,สิงหาคม,M,0,0.0
ลพบุรี,สิงหาคม,L,0,0.0
ลพบุรี,กันยายน,S,0,0.0
ลพบุรี,กันยายน,M,0,0.0
ลพบุรี,กันยายน,L,0,0.0
ลพบุรี,ตุลาคม,S,0,0.0
ลพบุรี,ตุลาคม,M,0,0.0
ลพบุรี,ตุลาคม,L,0,0.0
ลพบุรี,พฤศจิกายน,S,0,0.0
ลพบุรี,พฤศจิกายน,M,0,0.0
ลพบุรี,พฤศจิกายน,L,0,0.0
ลพบุรี,ธันวาคม,S,0,0.0
ลพบุรี,ธันวาคม,M,0,0.0
ลพบุรี,ธันวาคม,L,0,0.0
สมุทรปราการ,มกราคม,S,441,674.73
สมุทรปราการ,มกราคม,M,0,0.0
สมุทรปราการ,มกราคม,L,0,0.0
สมุทรปราการ,กุมภาพันธ์,S,379,616.685
สมุทรปราการ,กุมภาพันธ์,M,0,0.0
สมุทรปราการ,กุมภาพันธ์,L,0,0.0
สมุทรปราการ,มีนาคม,S,402,779.5
สมุทรปราการ,มีนาคม,M,0,0.0
สมุทรปราการ,มีนาคม,L,0,0.0
สมุทรปราการ,เมษายน,S,343,614.636
สมุทรปราการ,เมษายน,M,0,0.0
สมุทรปราการ,เมษายน,L,0,0.0
สมุทรปราการ,พฤษภาคม,S,0,0.0
สมุทรปราการ,พฤษภาคม,M,0,0.0
สมุทรปราการ,พฤษภาคม,L,0,0.0
สมุทรปราการ,มิถุนายน,S,0,0.0
สมุทรปราการ,มิถุนายน,M,0,0.0
สมุทรปราการ,มิถุนายน,L,0,0.0
สมุทรปราการ,กรกฎาคม,S,0,0.0
สมุทรปราการ,กรกฎาคม,M,0,0.0
สมุทรปราการ,กรกฎาคม,L,0,0.0
สมุทรปราการ,สิงหาคม,S,0,0.0
สมุทรปราการ,สิงหาคม,M,0,0.0
สมุทรปราการ,สิงหาคม,L,0,0.0
สมุทรปราการ,กันยายน,S,0,0.0
สมุทรปราการ,กันยายน,M,0,0.0
สมุทรปราการ,กันยายน,L,0,0.0
สมุทรปราการ,ตุลาคม,S,0,0.0
สมุทรปราการ,ตุลาคม,M,0,0.0
สมุทรปราการ,ตุลาคม,L,0,0.0
สมุทรปราการ,พฤศจิกายน,S,0,0.0
สมุทรปราการ,พฤศจิกายน,M,0,0.0
สมุทรปราการ,พฤศจิกายน,L,0,0.0
สมุทรปราการ,ธันวาคม,S,0,0.0
สมุทรปราการ,ธันวาคม,M,0,0.0
สมุทรปราการ,ธันวาคม,L,0,0.0
สมุทรสาคร,มกราคม,S,128,235.91
สมุทรสาคร,มกราคม,M,0,0.0
สมุทรสาคร,มกราคม,L,0,0.0
สมุทรสาคร,กุมภาพันธ์,S,124,189.8
สมุทรสาคร,กุมภาพันธ์,M,0,0.0
สมุทรสาคร,กุมภาพันธ์,L,0,0.0
สมุทรสาคร,มีนาคม,S,125,232.2
สมุทรสาคร,มีนาคม,M,0,0.0
สมุทรสาคร,มีนาคม,L,0,0.0
สมุทรสาคร,เมษายน,S,113,184.6
สมุทรสาคร,เมษายน,M,0,0.0
สมุทรสาคร,เมษายน,L,0,0.0
สมุทรสาคร,พฤษภาคม,S,0,0.0
สมุทรสาคร,พฤษภาคม,M,0,0.0
สมุทรสาคร,พฤษภาคม,L,0,0.0
สมุทรสาคร,มิถุนายน,S,0,0.0
สมุทรสาคร,มิถุนายน,M,0,0.0
สมุทรสาคร,มิถุนายน,L,0,0.0
สมุทรสาคร,กรกฎาคม,S,0,0.0
สมุทรสาคร,กรกฎาคม,M,0,0.0
สมุทรสาคร,กรกฎาคม,L,0,0.0
สมุทรสาคร,สิงหาคม,S,0,0.0
สมุทรสาคร,สิงหาคม,M,0,0.0
สมุทรสาคร,สิงหาคม,L,0,0.0
สมุทรสาคร,กันยายน,S,0,0.0
สมุทรสาคร,กันยายน,M,0,0.0
สมุทรสาคร,กันยายน,L,0,0.0
สมุทรสาคร,ตุลาคม,S,0,0.0
สมุทรสาคร,ตุลาคม,M,0,0.0
สมุทรสาคร,ตุลาคม,L,0,0.0
สมุทรสาคร,พฤศจิกายน,S,0,0.0
สมุทรสาคร,พฤศจิกายน,M,0,0.0
สมุทรสาคร,พฤศจิกายน,L,0,0.0
สมุทรสาคร,ธันวาคม,S,0,0.0
สมุทรสาคร,ธันวาคม,M,0,0.0
สมุทรสาคร,ธันวาคม,L,0,0.0
สระบุรี,มกราคม,S,60,99.2
สระบุรี,มกราคม,M,0,0.0
สระบุรี,มกราคม,L,0,0.0
สระบุรี,กุมภาพันธ์,S,47,61.06
สระบุรี,กุมภาพันธ์,M,0,0.0
สระบุรี,กุมภาพันธ์,L,0,0.0
สระบุรี,มีนาคม,S,63,100.6
สระบุรี,มีนาคม,M,0,0.0
สระบุรี,มีนาคม,L,0,0.0
สระบุรี,เมษายน,S,46,97.409999
สระบุรี,เมษายน,M,0,0.0
สระบุรี,เมษายน,L,0,0.0
สระบุรี,พฤษภาคม,S,0,0.0
สระบุรี,พฤษภาคม,M,0,0.0
สระบุรี,พฤษภาคม,L,0,0.0
สระบุรี,มิถุนายน,S,0,0.0
สระบุรี,มิถุนายน,M,0,0.0
สระบุรี,มิถุนายน,L,0,0.0
สระบุรี,กรกฎาคม,S,0,0.0
สระบุรี,กรกฎาคม,M,0,0.0
สระบุรี,กรกฎาคม,L,0,0.0
สระบุรี,สิงหาคม,S,0,0.0
สระบุรี,สิงหาคม,M,0,0.0
สระบุรี,สิงหาคม,L,0,0.0
สระบุรี,กันยายน,S,0,0.0
สระบุรี,กันยายน,M,0,0.0
สระบุรี,กันยายน,L,0,0.0
สระบุรี,ตุลาคม,S,0,0.0
สระบุรี,ตุลาคม,M,0,0.0
สระบุรี,ตุลาคม,L,0,0.0
สระบุรี,พฤศจิกายน,S,0,0.0
สระบุรี,พฤศจิกายน,M,0,0.0
สระบุรี,พฤศจิกายน,L,0,0.0
สระบุรี,ธันวาคม,S,0,0.0
สระบุรี,ธันวาคม,M,0,0.0
สระบุรี,ธันวาคม,L,0,0.0
สิงห์บุรี,มกราคม,S,13,59.05
สิงห์บุรี,มกราคม,M,0,0.0
สิงห์บุรี,มกราคม,L,0,0.0
สิงห์บุรี,กุมภาพันธ์,S,7,8.0
สิงห์บุรี,กุมภาพันธ์,M,0,0.0
สิงห์บุรี,กุมภาพันธ์,L,0,0.0
สิงห์บุรี,มีนาคม,S,8,12.0
สิงห์บุรี,มีนาคม,M,0,0.0
สิงห์บุรี,มีนาคม,L,0,0.0
สิงห์บุรี,เมษายน,S,9,12.3
สิงห์บุรี,เมษายน,M,0,0.0
สิงห์บุรี,เมษายน,L,0,0.0
สิงห์บุรี,พฤษภาคม,S,0,0.0
สิงห์บุรี,พฤษภาคม,M,0,0.0
สิงห์บุรี,พฤษภาคม,L,0,0.0
สิงห์บุรี,มิถุนายน,S,0,0.0
สิงห์บุรี,มิถุนายน,M,0,0.0
สิงห์บุรี,มิถุนายน,L,0,0.0
สิงห์บุรี,กรกฎาคม,S,0,0.0
สิงห์บุรี,กรกฎาคม,M,0,0.0
สิงห์บุรี,กรกฎาคม,L,0,0.0
สิงห์บุรี,สิงหาคม,S,0,0.0
สิงห์บุรี,สิงหาคม,M,0,0.0
สิงห์บุรี,สิงหาคม,L,0,0.0
สิงห์บุรี,กันยายน,S,0,0.0
สิงห์บุรี,กันยายน,M,0,0.0
สิงห์บุรี,กันยายน,L,0,0.0
สิงห์บุรี,ตุลาคม,S,0,0.0
สิงห์บุรี,ตุลาคม,M,0,0.0
สิงห์บุรี,ตุลาคม,L,0,0.0
สิงห์บุรี,พฤศจิกายน,S,0,0.0
สิงห์บุรี,พฤศจิกายน,M,0,0.0
สิงห์บุรี,พฤศจิกายน,L,0,0.0
สิงห์บุรี,ธันวาคม,S,0,0.0
สิงห์บุรี,ธันวาคม,M,0,0.0
สิงห์บุรี,ธันวาคม,L,0,0.0
อ่างทอง,มกราคม,S,12,17.7
อ่างทอง,มกราคม,M,0,0.0
อ่างทอง,มกราคม,L,0,0.0
อ่างทอง,กุมภาพันธ์,S,14,25.55
อ่างทอง,กุมภาพันธ์,M,0,0.0
อ่างทอง,กุมภาพันธ์,L,0,0.0
อ่างทอง,มีนาคม,S,11,12.6
อ่างทอง,มีนาคม,M,0,0.0
อ่างทอง,มีนาคม,L,0,0.0
อ่างทอง,เมษายน,S,13,48.07
อ่างทอง,เมษายน,M,0,0.0
อ่างทอง,เมษายน,L,0,0.0
อ่างทอง,พฤษภาคม,S,0,0.0
อ่างทอง,พฤษภาคม,M,0,0.0
อ่างทอง,พฤษภาคม,L,0,0.0
อ่างทอง,มิถุนายน,S,0,0.0
อ่างทอง,มิถุนายน,M,0,0.0
อ่างทอง,มิถุนายน,L,0,0.0
อ่างทอง,กรกฎาคม,S,0,0.0
อ่างทอง,กรกฎาคม,M,0,0.0
อ่างทอง,กรกฎาคม,L,0,0.0
อ่างทอง,สิงหาคม,S,0,0.0
อ่างทอง,สิงหาคม,M,0,0.0
อ่างทอง,สิงหาคม,L,0,0.0
อ่างทอง,กันยายน,S,0,0.0
อ่างทอง,กันยายน,M,0,0.0
อ่างทอง,กันยายน,L,0,0.0
อ่างทอง,ตุลาคม,S,0,0.0
อ่างทอง,ตุลาคม,M,0,0.0
อ่างทอง,ตุลาคม,L,0,0.0
อ่างทอง,พฤศจิกายน,S,0,0.0
อ่างทอง,พฤศจิกายน,M,0,0.0
อ่างทอง,พฤศจิกายน,L,0,0.0
อ่างทอง,ธันวาคม,S,0,0.0
อ่างทอง,ธันวาคม,M,0,0.0
อ่างทอง,ธันวาคม,L,0,0.0
กาญจนบุรี,มกราคม,S,56,77.135
กาญจนบุรี,มกราคม,M,0,0.0
กาญจนบุรี,มกราคม,L,0,0.0
กาญจนบุรี,กุมภาพันธ์,S,53,77.8
กาญจนบุรี,กุมภาพันธ์,M,0,0.0
กาญจนบุรี,กุมภาพันธ์,L,0,0.0
กาญจนบุรี,มีนาคม,S,52,64.7
กาญจนบุรี,มีนาคม,M,0,0.0
กาญจนบุรี,มีนาคม,L,0,0.0
กาญจนบุรี,เมษายน,S,22,23.91
กาญจนบุรี,เมษายน,M,0,0.0
กาญจนบุรี,เมษายน,L,0,0.0
กาญจนบุรี,พฤษภาคม,S,0,0.0
กาญจนบุรี,พฤษภาคม,M,0,0.0
กาญจนบุรี,พฤษภาคม,L,0,0.0
กาญจนบุรี,มิถุนายน,S,0,0.0
กาญจนบุรี,มิถุนายน,M,0,0.0
กาญจนบุรี,มิถุนายน,L,0,0.0
กาญจนบุรี,กรกฎาคม,S,0,0.0
กาญจนบุรี,กรกฎาคม,M,0,0.0
กาญจนบุรี,กรกฎาคม,L,0,0.0
กาญจนบุรี,สิงหาคม,S,0,0.0
กาญจนบุรี,สิงหาคม,M,0,0.0
กาญจนบุรี,สิงหาคม,L,0,0.0
กาญจนบุรี,กันยายน,S,0,0.0
กาญจนบุรี,กันยายน,M,0,0.0
กาญจนบุรี,กันยายน,L,0,0.0
กาญจนบุรี,ตุลาคม,S,0,0.0
กาญจนบุรี,ตุลาคม,M,0,0.0
กาญจนบุรี,ตุลาคม,L,0,0.0
กาญจนบุรี,พฤศจิกายน,S,0,0.0
กาญจนบุรี,พฤศจิกายน,M,0,0.0
กาญจนบุรี,พฤศจิกายน,L,0,0.0
กาญจนบุรี,ธันวาคม,S,0,0.0
กาญจนบุรี,ธันวาคม,M,0,0.0
กาญจนบุรี,ธันวาคม,L,0,0.0
ประจวบคีรีขันธ์,มกราคม,S,64,107.3
ประจวบคีรีขันธ์,มกราคม,M,0,0.0
ประจวบคีรีขันธ์,มกราคม,L,0,0.0
ประจวบคีรีขันธ์,กุมภาพันธ์,S,72,122.035
ประจวบคีรีขันธ์,กุมภาพันธ์,M,0,0.0
ประจวบคีรีขันธ์,กุมภาพันธ์,L,0,0.0
ประจวบคีรีขันธ์,มีนาคม,S,47,72.74
ประจวบคีรีขันธ์,มีนาคม,M,0,0.0
ประจวบคีรีขันธ์,มีนาคม,L,0,0.0
ประจวบคีรีขันธ์,เมษายน,S,46,85.41
ประจวบคีรีขันธ์,เมษายน,M,0,0.0
ประจวบคีรีขันธ์,เมษายน,L,0,0.0
ประจวบคีรีขันธ์,พฤษภาคม,S,0,0.0
ประจวบคีรีขันธ์,พฤษภาคม,M,0,0.0
ประจวบคีรีขันธ์,พฤษภาคม,L,0,0.0
ประจวบคีรีขันธ์,มิถุนายน,S,0,0.0
ประจวบคีรีขันธ์,มิถุนายน,M,0,0.0
ประจวบคีรีขันธ์,มิถุนายน,L,0,0.0
ประจวบคีรีขันธ์,กรกฎาคม,S,0,0.0
ประจวบคีรีขันธ์,กรกฎาคม,M,0,0.0
ประจวบคีรีขันธ์,กรกฎาคม,L,0,0.0
ประจวบคีรีขันธ์,สิงหาคม,S,0,0.0
ประจวบคีรีขันธ์,สิงหาคม,M,0,0.0
ประจวบคีรีขันธ์,สิงหาคม,L,0,0.0
ประจวบคีรีขันธ์,กันยายน,S,0,0.0
ประจวบคีรีขันธ์,กันยายน,M,0,0.0
ประจวบคีรีขันธ์,กันยายน,L,0,0.0
ประจวบคีรีขันธ์,ตุลาคม,S,0,0.0
ประจวบคีรีขันธ์,ตุลาคม,M,0,0.0
ประจวบคีรีขันธ์,ตุลาคม,L,0,0.0
ประจวบคีรีขันธ์,พฤศจิกายน,S,0,0.0
ประจวบคีรีขันธ์,พฤศจิกายน,M,0,0.0
ประจวบคีรีขันธ์,พฤศจิกายน,L,0,0.0
ประจวบคีรีขันธ์,ธันวาคม,S,0,0.0
ประจวบคีรีขันธ์,ธันวาคม,M,0,0.0
ประจวบคีรีขันธ์,ธันวาคม,L,0,0.0
เพชรบุรี,มกราคม,S,34,30.113
เพชรบุรี,มกราคม,M,1,170.0
เพชรบุรี,มกราคม,L,0,0.0
เพชรบุรี,กุมภาพันธ์,S,24,38.52
เพชรบุรี,กุมภาพันธ์,M,0,0.0
เพชรบุรี,กุมภาพันธ์,L,0,0.0
เพชรบุรี,มีนาคม,S,31,56.7
เพชรบุรี,มีนาคม,M,0,0.0
เพชรบุรี,มีนาคม,L,0,0.0
เพชรบุรี,เมษายน,S,23,32.45
เพชรบุรี,เมษายน,M,0,0.0
เพชรบุรี,เมษายน,L,0,0.0
เพชรบุรี,พฤษภาคม,S,0,0.0
เพชรบุรี,พฤษภาคม,M,0,0.0
เพชรบุรี,พฤษภาคม,L,0,0.0
เพชรบุรี,มิถุนายน,S,0,0.0
เพชรบุรี,มิถุนายน,M,0,0.0
เพชรบุรี,มิถุนายน,L,0,0.0
เพชรบุรี,กรกฎาคม,S,0,0.0
เพชรบุรี,กรกฎาคม,M,0,0.0
เพชรบุรี,กรกฎาคม,L,0,0.0
เพชรบุรี,สิงหาคม,S,0,0.0
เพชรบุรี,สิงหาคม,M,0,0.0
เพชรบุรี,สิงหาคม,L,0,0.0
เพชรบุรี,กันยายน,S,0,0.0
เพชรบุรี,กันยายน,M,0,0.0
เพชรบุรี,กันยายน,L,0,0.0
เพชรบุรี,ตุลาคม,S,0,0.0
เพชรบุรี,ตุลาคม,M,0,0.0
เพชรบุรี,ตุลาคม,L,0,0.0
เพชรบุรี,พฤศจิกายน,S,0,0.0
เพชรบุรี,พฤศจิกายน,M,0,0.0
เพชรบุรี,พฤศจิกายน,L,0,0.0
เพชรบุรี,ธันวาคม,S,0,0.0
เพชรบุรี,ธันวาคม,M,0,0.0
เพชรบุรี,ธันวาคม,L,0,0.0
ราชบุรี,มกราคม,S,75,138.6
ราชบุรี,มกราคม,M,0,0.0
ราชบุรี,มกราคม,L,0,0.0
ราชบุรี,กุมภาพันธ์,S,43,45.350005
ราชบุรี,กุมภาพันธ์,M,0,0.0
ราชบุรี,กุมภาพันธ์,L,0,0.0
ราชบุรี,มีนาคม,S,56,100.15
ราชบุรี,มีนาคม,M,0,0.0
ราชบุรี,มีนาคม,L,0,0.0
ราชบุรี,เมษายน,S,72,100.15
ราชบุรี,เมษายน,M,0,0.0
ราชบุรี,เมษายน,L,0,0.0
ราชบุรี,พฤษภาคม,S,0,0.0
ราชบุรี,พฤษภาคม,M,0,0.0
ราชบุรี,พฤษภาคม,L,0,0.0
ราชบุรี,มิถุนายน,S,0,0.0
ราชบุรี,มิถุนายน,M,0,0.0
ราชบุรี,มิถุนายน,L,0,0.0
ราชบุรี,กรกฎาคม,S,0,0.0
ราชบุรี,กรกฎาคม,M,0,0.0
ราชบุรี,กรกฎาคม,L,0,0.0
ราชบุรี,สิงหาคม,S,0,0.0
ราชบุรี,สิงหาคม,M,0,0.0
ราชบุรี,สิงหาคม,L,0,0.0
ราชบุรี,กันยายน,S,0,0.0
ราชบุรี,กันยายน,M,0,0.0
ราชบุรี,กันยายน,L,0,0.0
ราชบุรี,ตุลาคม,S,0,0.0
ราชบุรี,ตุลาคม,M,0,0.0
ราชบุรี,ตุลาคม,L,0,0.0
ราชบุรี,พฤศจิกายน,S,0,0.0
ราชบุรี,พฤศจิกายน,M,0,0.0
ราชบุรี,พฤศจิกายน,L,0,0.0
ราชบุรี,ธันวาคม,S,0,0.0
ราชบุรี,ธันวาคม,M,0,0.0
ราชบุรี,ธันวาคม,L,0,0.0
สมุทรสงคราม,มกราคม,S,12,16.1
สมุทรสงคราม,มกราคม,M,0,0.0
สมุทรสงคราม,มกราคม,L,0,0.0
สมุทรสงคราม,กุมภาพันธ์,S,7,16.3
สมุทรสงคราม,กุมภาพันธ์,M,0,0.0
สมุทรสงคราม,กุมภาพันธ์,L,0,0.0
สมุทรสงคราม,มีนาคม,S,10,11.0
สมุทรสงคราม,มีนาคม,M,0,0.0
สมุทรสงคราม,มีนาคม,L,0,0.0
สมุทรสงคราม,เมษายน,S,8,14.8
สมุทรสงคราม,เมษายน,M,0,0.0
สมุทรสงคราม,เมษายน,L,0,0.0
สมุทรสงคราม,พฤษภาคม,S,0,0.0
สมุทรสงคราม,พฤษภาคม,M,0,0.0
สมุทรสงคราม,พฤษภาคม,L,0,0.0
สมุทรสงคราม,มิถุนายน,S,0,0.0
สมุทรสงคราม,มิถุนายน,M,0,0.0
สมุทรสงคราม,มิถุนายน,L,0,0.0
สมุทรสงคราม,กรกฎาคม,S,0,0.0
สมุทรสงคราม,กรกฎาคม,M,0,0.0
สมุทรสงคราม,กรกฎาคม,L,0,0.0
สมุทรสงคราม,สิงหาคม,S,0,0.0
สมุทรสงคราม,สิงหาคม,M,0,0.0
สมุทรสงคราม,สิงหาคม,L,0,0.0
สมุทรสงคราม,กันยายน,S,0,0.0
สมุทรสงคราม,กันยายน,M,0,0.0
สมุทรสงคราม,กันยายน,L,0,0.0
สมุทรสงคราม,ตุลาคม,S,0,0.0
สมุทรสงคราม,ตุลาคม,M,0,0.0
สมุทรสงคราม,ตุลาคม,L,0,0.0
สมุทรสงคราม,พฤศจิกายน,S,0,0.0
สมุทรสงคราม,พฤศจิกายน,M,0,0.0
สมุทรสงคราม,พฤศจิกายน,L,0,0.0
สมุทรสงคราม,ธันวาคม,S,0,0.0
สมุทรสงคราม,ธันวาคม,M,0,0.0
สมุทรสงคราม,ธันวาคม,L,0,0.0
สุพรรณบุรี,มกราคม,S,48,49.605
สุพรรณบุรี,มกราคม,M,0,0.0
สุพรรณบุรี,มกราคม,L,0,0.0
สุพรรณบุรี,กุมภาพันธ์,S,36,41.7
สุพรรณบุรี,กุมภาพันธ์,M,0,0.0
สุพรรณบุรี,กุมภาพันธ์,L,0,0.0
สุพรรณบุรี,มีนาคม,S,56,63.0
สุพรรณบุรี,มีนาคม,M,0,0.0
สุพรรณบุรี,มีนาคม,L,0,0.0
สุพรรณบุรี,เมษายน,S,37,53.613111
สุพรรณบุรี,เมษายน,M,0,0.0
สุพรรณบุรี,เมษายน,L,0,0.0
สุพรรณบุรี,พฤษภาคม,S,0,0.0
สุพรรณบุรี,พฤษภาคม,M,0,0.0
สุพรรณบุรี,พฤษภาคม,L,0,0.0
สุพรรณบุรี,มิถุนายน,S,0,0.0
สุพรรณบุรี,มิถุนายน,M,0,0.0
สุพรรณบุรี,มิถุนายน,L,0,0.0
สุพรรณบุรี,กรกฎาคม,S,0,0.0
สุพรรณบุรี,กรกฎาคม,M,0,0.0
สุพรรณบุรี,กรกฎาคม,L,0,0.0
สุพรรณบุรี,สิงหาคม,S,0,0.0
สุพรรณบุรี,สิงหาคม,M,0,0.0
สุพรรณบุรี,สิงหาคม,L,0,0.0
สุพรรณบุรี,กันยายน,S,0,0.0
สุพรรณบุรี,กันยายน,M,0,0.0
สุพรรณบุรี,กันยายน,L,0,0.0
สุพรรณบุรี,ตุลาคม,S,0,0.0
สุพรรณบุรี,ตุลาคม,M,0,0.0
สุพรรณบุรี,ตุลาคม,L,0,0.0
สุพรรณบุรี,พฤศจิกายน,S,0,0.0
สุพรรณบุรี,พฤศจิกายน,M,0,0.0
สุพรรณบุรี,พฤศจิกายน,L,0,0.0
สุพรรณบุรี,ธันวาคม,S,0,0.0
สุพรรณบุรี,ธันวาคม,M,0,0.0
สุพรรณบุรี,ธันวาคม,L,0,0.0
จันทบุรี,มกราคม,S,34,67.9
จันทบุรี,มกราคม,M,0,0.0
จันทบุรี,มกราคม,L,0,0.0
จันทบุรี,กุมภาพันธ์,S,34,45.4
จันทบุรี,กุมภาพันธ์,M,0,0.0
จันทบุรี,กุมภาพันธ์,L,0,0.0
จันทบุรี,มีนาคม,S,43,95.2
จันทบุรี,มีนาคม,M,0,0.0
จันทบุรี,มีนาคม,L,0,0.0
จันทบุรี,เมษายน,S,41,75.1
จันทบุรี,เมษายน,M,0,0.0
จันทบุรี,เมษายน,L,0,0.0
จันทบุรี,พฤษภาคม,S,0,0.0
จันทบุรี,พฤษภาคม,M,0,0.0
จันทบุรี,พฤษภาคม,L,0,0.0
จันทบุรี,มิถุนายน,S,0,0.0
จันทบุรี,มิถุนายน,M,0,0.0
จันทบุรี,มิถุนายน,L,0,0.0
จันทบุรี,กรกฎาคม,S,0,0.0
จันทบุรี,กรกฎาคม,M,0,0.0
จันทบุรี,กรกฎาคม,L,0,0.0
จันทบุรี,สิงหาคม,S,0,0.0
จันทบุรี,สิงหาคม,M,0,0.0
จันทบุรี,สิงหาคม,L,0,0.0
จันทบุรี,กันยายน,S,0,0.0
จันทบุรี,กันยายน,M,0,0.0
จันทบุรี,กันยายน,L,0,0.0
จันทบุรี,ตุลาคม,S,0,0.0
จันทบุรี,ตุลาคม,M,0,0.0
จันทบุรี,ตุลาคม,L,0,0.0
จันทบุรี,พฤศจิกายน,S,0,0.0
จันทบุรี,พฤศจิกายน,M,0,0.0
จันทบุรี,พฤศจิกายน,L,0,0.0
จันทบุรี,ธันวาคม,S,0,0.0
จันทบุรี,ธันวาคม,M,0,0.0
จันทบุรี,ธันวาคม,L,0,0.0
ฉะเชิงเทรา,มกราคม,S,81,196.31
ฉะเชิงเทรา,มกราคม,M,0,0.0
ฉะเชิงเทรา,มกราคม,L,0,0.0
ฉะเชิงเทรา,กุมภาพันธ์,S,58,100.765
ฉะเชิงเทรา,กุมภาพันธ์,M,0,0.0
ฉะเชิงเทรา,กุมภาพันธ์,L,0,0.0
ฉะเชิงเทรา,มีนาคม,S,81,150.915
ฉะเชิงเทรา,มีนาคม,M,0,0.0
ฉะเชิงเทรา,มีนาคม,L,0,0.0
ฉะเชิงเทรา,เมษายน,S,54,85.85
ฉะเชิงเทรา,เมษายน,M,0,0.0
ฉะเชิงเทรา,เมษายน,L,0,0.0
ฉะเชิงเทรา,พฤษภาคม,S,0,0.0
ฉะเชิงเทรา,พฤษภาคม,M,0,0.0
ฉะเชิงเทรา,พฤษภาคม,L,0,0.0
ฉะเชิงเทรา,มิถุนายน,S,0,0.0
ฉะเชิงเทรา,มิถุนายน,M,0,0.0
ฉะเชิงเทรา,มิถุนายน,L,0,0.0
ฉะเชิงเทรา,กรกฎาคม,S,0,0.0
ฉะเชิงเทรา,กรกฎาคม,M,0,0.0
ฉะเชิงเทรา,กรกฎาคม,L,0,0.0
ฉะเชิงเทรา,สิงหาคม,S,0,0.0
ฉะเชิงเทรา,สิงหาคม,M,0,0.0
ฉะเชิงเทรา,สิงหาคม,L,0,0.0
ฉะเชิงเทรา,กันยายน,S,0,0.0
ฉะเชิงเทรา,กันยายน,M,0,0.0
ฉะเชิงเทรา,กันยายน,L,0,0.0
ฉะเชิงเทรา,ตุลาคม,S,0,0.0
ฉะเชิงเทรา,ตุลาคม,M,0,0.0
ฉะเชิงเทรา,ตุลาคม,L,0,0.0
ฉะเชิงเทรา,พฤศจิกายน,S,0,0.0
ฉะเชิงเทรา,พฤศจิกายน,M,0,0.0
ฉะเชิงเทรา,พฤศจิกายน,L,0,0.0
ฉะเชิงเทรา,ธันวาคม,S,0,0.0
ฉะเชิงเทรา,ธันวาคม,M,0,0.0
ฉะเชิงเทรา,ธันวาคม,L,0,0.0
ชลบุรี,มกราคม,S,705,1735.923
ชลบุรี,มกราคม,M,1,125.0
ชลบุรี,มกราคม,L,0,0.0
ชลบุรี,กุมภาพันธ์,S,548,1368.725
ชลบุรี,กุมภาพันธ์,M,1,60.0
ชลบุรี,กุมภาพันธ์,L,0,0.0
ชลบุรี,มีนาคม,S,664,1558.502
ชลบุรี,มีนาคม,M,0,0.0
ชลบุรี,มีนาคม,L,0,0.0
ชลบุรี,เมษายน,S,554,1468.9301
ชลบุรี,เมษายน,M,2,129.0
ชลบุรี,เมษายน,L,0,0.0
ชลบุรี,พฤษภาคม,S,0,0.0
ชลบุรี,พฤษภาคม,M,0,0.0
ชลบุรี,พฤษภาคม,L,0,0.0
ชลบุรี,มิถุนายน,S,0,0.0
ชลบุรี,มิถุนายน,M,0,0.0
ชลบุรี,มิถุนายน,L,0,0.0
ชลบุรี,กรกฎาคม,S,0,0.0
ชลบุรี,กรกฎาคม,M,0,0.0
ชลบุรี,กรกฎาคม,L,0,0.0
ชลบุรี,สิงหาคม,S,0,0.0
ชลบุรี,สิงหาคม,M,0,0.0
ชลบุรี,สิงหาคม,L,0,0.0
ชลบุรี,กันยายน,S,0,0.0
ชลบุรี,กันยายน,M,0,0.0
ชลบุรี,กันยายน,L,0,0.0
ชลบุรี,ตุลาคม,S,0,0.0
ชลบุรี,ตุลาคม,M,0,0.0
ชลบุรี,ตุลาคม,L,0,0.0
ชลบุรี,พฤศจิกายน,S,0,0.0
ชลบุรี,พฤศจิกายน,M,0,0.0
ชลบุรี,พฤศจิกายน,L,0,0.0
ชลบุรี,ธันวาคม,S,0,0.0
ชลบุรี,ธันวาคม,M,0,0.0
ชลบุรี,ธันวาคม,L,0,0.0
ตราด,มกราคม,S,4,10.7
ตราด,มกราคม,M,0,0.0
ตราด,มกราคม,L,0,0.0
ตราด,กุมภาพันธ์,S,14,26.2
ตราด,กุมภาพันธ์,M,0,0.0
ตราด,กุมภาพันธ์,L,0,0.0
ตราด,มีนาคม,S,7,7.15
ตราด,มีนาคม,M,0,0.0
ตราด,มีนาคม,L,0,0.0
ตราด,เมษายน,S,10,20.1
ตราด,เมษายน,M,0,0.0
ตราด,เมษายน,L,0,0.0
ตราด,พฤษภาคม,S,0,0.0
ตราด,พฤษภาคม,M,0,0.0
ตราด,พฤษภาคม,L,0,0.0
ตราด,มิถุนายน,S,0,0.0
ตราด,มิถุนายน,M,0,0.0
ตราด,มิถุนายน,L,0,0.0
ตราด,กรกฎาคม,S,0,0.0
ตราด,กรกฎาคม,M,0,0.0
ตราด,กรกฎาคม,L,0,0.0
ตราด,สิงหาคม,S,0,0.0
ตราด,สิงหาคม,M,0,0.0
ตราด,สิงหาคม,L,0,0.0
ตราด,กันยายน,S,0,0.0
ตราด,กันยายน,M,0,0.0
ตราด,กันยายน,L,0,0.0
ตราด,ตุลาคม,S,0,0.0
ตราด,ตุลาคม,M,0,0.0
ตราด,ตุลาคม,L,0,0.0
ตราด,พฤศจิกายน,S,0,0.0
ตราด,พฤศจิกายน,M,0,0.0
ตราด,พฤศจิกายน,L,0,0.0
ตราด,ธันวาคม,S,0,0.0
ตราด,ธันวาคม,M,0,0.0
ตราด,ธันวาคม,L,0,0.0
นครนายก,มกราคม,S,12,9.63
นครนายก,มกราคม,M,0,0.0
นครนายก,มกราคม,L,0,0.0
นครนายก,กุมภาพันธ์,S,13,16.8
นครนายก,กุมภาพันธ์,M,0,0.0
นครนายก,กุมภาพันธ์,L,0,0.0
นครนายก,มีนาคม,S,12,19.4
นครนายก,มีนาคม,M,0,0.0
นครนายก,มีนาคม,L,0,0.0
นครนายก,เมษายน,S,18,32.1
นครนายก,เมษายน,M,0,0.0
นครนายก,เมษายน,L,0,0.0
นครนายก,พฤษภาคม,S,0,0.0
นครนายก,พฤษภาคม,M,0,0.0
นครนายก,พฤษภาคม,L,0,0.0
นครนายก,มิถุนายน,S,0,0.0
นครนายก,มิถุนายน,M,0,0.0
นครนายก,มิถุนายน,L,0,0.0
นครนายก,กรกฎาคม,S,0,0.0
นครนายก,กรกฎาคม,M,0,0.0
นครนายก,กรกฎาคม,L,0,0.0
นครนายก,สิงหาคม,S,0,0.0
นครนายก,สิงหาคม,M,0,0.0
นครนายก,สิงหาคม,L,0,0.0
นครนายก,กันยายน,S,0,0.0
นครนายก,กันยายน,M,0,0.0
นครนายก,กันยายน,L,0,0.0
นครนายก,ตุลาคม,S,0,0.0
นครนายก,ตุลาคม,M,0,0.0
นครนายก,ตุลาคม,L,0,0.0
นครนายก,พฤศจิกายน,S,0,0.0
นครนายก,พฤศจิกายน,M,0,0.0
นครนายก,พฤศจิกายน,L,0,0.0
นครนายก,ธันวาคม,S,0,0.0
นครนายก,ธันวาคม,M,0,0.0
นครนายก,ธันวาคม,L,0,0.0
ปราจีนบุรี,มกราคม,S,51,148.565
ปราจีนบุรี,มกราคม,M,0,0.0
ปราจีนบุรี,มกราคม,L,0,0.0
ปราจีนบุรี,กุมภาพันธ์,S,42,64.27
ปราจีนบุรี,กุมภาพันธ์,M,0,0.0
ปราจีนบุรี,กุมภาพันธ์,L,0,0.0
ปราจีนบุรี,มีนาคม,S,35,54.09
ปราจีนบุรี,มีนาคม,M,1,100.5
ปราจีนบุรี,มีนาคม,L,0,0.0
ปราจีนบุรี,เมษายน,S,24,34.1
ปราจีนบุรี,เมษายน,M,0,0.0
ปราจีนบุรี,เมษายน,L,0,0.0
ปราจีนบุรี,พฤษภาคม,S,0,0.0
ปราจีนบุรี,พฤษภาคม,M,0,0.0
ปราจีนบุรี,พฤษภาคม,L,0,0.0
ปราจีนบุรี,มิถุนายน,S,0,0.0
ปราจีนบุรี,มิถุนายน,M,0,0.0
ปราจีนบุรี,มิถุนายน,L,0,0.0
ปราจีนบุรี,กรกฎาคม,S,0,0.0
ปราจีนบุรี,กรกฎาคม,M,0,0.0
ปราจีนบุรี,กรกฎาคม,L,0,0.0
ปราจีนบุรี,สิงหาคม,S,0,0.0
ปราจีนบุรี,สิงหาคม,M,0,0.0
ปราจีนบุรี,สิงหาคม,L,0,0.0
ปราจีนบุรี,กันยายน,S,0,0.0
ปราจีนบุรี,กันยายน,M,0,0.0
ปราจีนบุรี,กันยายน,L,0,0.0
ปราจีนบุรี,ตุลาคม,S,0,0.0
ปราจีนบุรี,ตุลาคม,M,0,0.0
ปราจีนบุรี,ตุลาคม,L,0,0.0
ปราจีนบุรี,พฤศจิกายน,S,0,0.0
ปราจีนบุรี,พฤศจิกายน,M,0,0.0
ปราจีนบุรี,พฤศจิกายน,L,0,0.0
ปราจีนบุรี,ธันวาคม,S,0,0.0
ปราจีนบุรี,ธันวาคม,M,0,0.0
ปราจีนบุรี,ธันวาคม,L,0,0.0
ระยอง,มกราคม,S,196,378.77
ระยอง,มกราคม,M,1,103.0
ระยอง,มกราคม,L,1,380.0
ระยอง,กุมภาพันธ์,S,152,315.36
ระยอง,กุมภาพันธ์,M,0,0.0
ระยอง,กุมภาพันธ์,L,0,0.0
ระยอง,มีนาคม,S,157,352.3025
ระยอง,มีนาคม,M,1,420.0
ระยอง,มีนาคม,L,0,0.0
ระยอง,เมษายน,S,149,303.46
ระยอง,เมษายน,M,1,158.85
ระยอง,เมษายน,L,0,0.0
ระยอง,พฤษภาคม,S,0,0.0
ระยอง,พฤษภาคม,M,0,0.0
ระยอง,พฤษภาคม,L,0,0.0
ระยอง,มิถุนายน,S,0,0.0
ระยอง,มิถุนายน,M,0,0.0
ระยอง,มิถุนายน,L,0,0.0
ระยอง,กรกฎาคม,S,0,0.0
ระยอง,กรกฎาคม,M,0,0.0
ระยอง,กรกฎาคม,L,0,0.0
ระยอง,สิงหาคม,S,0,0.0
ระยอง,สิงหาคม,M,0,0.0
ระยอง,สิงหาคม,L,0,0.0
ระยอง,กันยายน,S,0,0.0
ระยอง,กันยายน,M,0,0.0
ระยอง,กันยายน,L,0,0.0
ระยอง,ตุลาคม,S,0,0.0
ระยอง,ตุลาคม,M,0,0.0
ระยอง,ตุลาคม,L,0,0.0
ระยอง,พฤศจิกายน,S,0,0.0
ระยอง,พฤศจิกายน,M,0,0.0
ระยอง,พฤศจิกายน,L,0,0.0
ระยอง,ธันวาคม,S,0,0.0
ระยอง,ธันวาคม,M,0,0.0
ระยอง,ธันวาคม,L,0,0.0
สระแก้ว,มกราคม,S,34,38.8
สระแก้ว,มกราคม,M,0,0.0
สระแก้ว,มกราคม,L,0,0.0
สระแก้ว,กุมภาพันธ์,S,23,32.1
สระแก้ว,กุมภาพันธ์,M,0,0.0
สระแก้ว,กุมภาพันธ์,L,0,0.0
สระแก้ว,มีนาคม,S,23,48.21
สระแก้ว,มีนาคม,M,0,0.0
สระแก้ว,มีนาคม,L,0,0.0
สระแก้ว,เมษายน,S,14,21.7
สระแก้ว,เมษายน,M,0,0.0
สระแก้ว,เมษายน,L,0,0.0
สระแก้ว,พฤษภาคม,S,0,0.0
สระแก้ว,พฤษภาคม,M,0,0.0
สระแก้ว,พฤษภาคม,L,0,0.0
สระแก้ว,มิถุนายน,S,0,0.0
สระแก้ว,มิถุนายน,M,0,0.0
สระแก้ว,มิถุนายน,L,0,0.0
สระแก้ว,กรกฎาคม,S,0,0.0
สระแก้ว,กรกฎาคม,M,0,0.0
สระแก้ว,กรกฎาคม,L,0,0.0
สระแก้ว,สิงหาคม,S,0,0.0
สระแก้ว,สิงหาคม,M,0,0.0
สระแก้ว,สิงหาคม,L,0,0.0
สระแก้ว,กันยายน,S,0,0.0
สระแก้ว,กันยายน,M,0,0.0
สระแก้ว,กันยายน,L,0,0.0
สระแก้ว,ตุลาคม,S,0,0.0
สระแก้ว,ตุลาคม,M,0,0.0
สระแก้ว,ตุลาคม,L,0,0.0
สระแก้ว,พฤศจิกายน,S,0,0.0
สระแก้ว,พฤศจิกายน,M,0,0.0
สระแก้ว,พฤศจิกายน,L,0,0.0
สระแก้ว,ธันวาคม,S,0,0.0
สระแก้ว,ธันวาคม,M,0,0.0
สระแก้ว,ธันวาคม,L,0,0.0
กระบี่,มกราคม,S,56,87.55
กระบี่,มกราคม,M,0,0.0
กระบี่,มกราคม,L,0,0.0
กระบี่,กุมภาพันธ์,S,54,82.3
กระบี่,กุมภาพันธ์,M,0,0.0
กระบี่,กุมภาพันธ์,L,0,0.0
กระบี่,มีนาคม,S,40,60.028295
กระบี่,มีนาคม,M,0,0.0
กระบี่,มีนาคม,L,0,0.0
กระบี่,เมษายน,S,25,46.5
กระบี่,เมษายน,M,0,0.0
กระบี่,เมษายน,L,0,0.0
กระบี่,พฤษภาคม,S,0,0.0
กระบี่,พฤษภาคม,M,0,0.0
กระบี่,พฤษภาคม,L,0,0.0
กระบี่,มิถุนายน,S,0,0.0
กระบี่,มิถุนายน,M,0,0.0
กระบี่,มิถุนายน,L,0,0.0
กระบี่,กรกฎาคม,S,0,0.0
กระบี่,กรกฎาคม,M,0,0.0
กระบี่,กรกฎาคม,L,0,0.0
กระบี่,สิงหาคม,S,0,0.0
กระบี่,สิงหาคม,M,0,0.0
กระบี่,สิงหาคม,L,0,0.0
กระบี่,กันยายน,S,0,0.0
กระบี่,กันยายน,M,0,0.0
กระบี่,กันยายน,L,0,0.0
กระบี่,ตุลาคม,S,0,0.0
กระบี่,ตุลาคม,M,0,0.0
กระบี่,ตุลาคม,L,0,0.0
กระบี่,พฤศจิกายน,S,0,0.0
กระบี่,พฤศจิกายน,M,0,0.0
กระบี่,พฤศจิกายน,L,0,0.0
กระบี่,ธันวาคม,S,0,0.0
กระบี่,ธันวาคม,M,0,0.0
กระบี่,ธันวาคม,L,0,0.0
ชุมพร,มกราคม,S,24,32.5
ชุมพร,มกราคม,M,0,0.0
ชุมพร,มกราคม,L,0,0.0
ชุมพร,กุมภาพันธ์,S,23,26.9
ชุมพร,กุมภาพันธ์,M,0,0.0
ชุมพร,กุมภาพันธ์,L,0,0.0
ชุมพร,มีนาคม,S,23,26.9
ชุมพร,มีนาคม,M,0,0.0
ชุมพร,มีนาคม,L,0,0.0
ชุมพร,เมษายน,S,29,40.15
ชุมพร,เมษายน,M,0,0.0
ชุมพร,เมษายน,L,0,0.0
ชุมพร,พฤษภาคม,S,0,0.0
ชุมพร,พฤษภาคม,M,0,0.0
ชุมพร,พฤษภาคม,L,0,0.0
ชุมพร,มิถุนายน,S,0,0.0
ชุมพร,มิถุนายน,M,0,0.0
ชุมพร,มิถุนายน,L,0,0.0
ชุมพร,กรกฎาคม,S,0,0.0
ชุมพร,กรกฎาคม,M,0,0.0
ชุมพร,กรกฎาคม,L,0,0.0
ชุมพร,สิงหาคม,S,0,0.0
ชุมพร,สิงหาคม,M,0,0.0
ชุมพร,สิงหาคม,L,0,0.0
ชุมพร,กันยายน,S,0,0.0
ชุมพร,กันยายน,M,0,0.0
ชุมพร,กันยายน,L,0,0.0
ชุมพร,ตุลาคม,S,0,0.0
ชุมพร,ตุลาคม,M,0,0.0
ชุมพร,ตุลาคม,L,0,0.0
ชุมพร,พฤศจิกายน,S,0,0.0
ชุมพร,พฤศจิกายน,M,0,0.0
ชุมพร,พฤศจิกายน,L,0,0.0
ชุมพร,ธันวาคม,S,0,0.0
ชุมพร,ธันวาคม,M,0,0.0
ชุมพร,ธันวาคม,L,0,0.0
ตรัง,มกราคม,S,26,84.01
ตรัง,มกราคม,M,0,0.0
ตรัง,มกราคม,L,0,0.0
ตรัง,กุมภาพันธ์,S,12,17.05
ตรัง,กุมภาพันธ์,M,0,0.0
ตรัง,กุมภาพันธ์,L,0,0.0
ตรัง,มีนาคม,S,21,18.16
ตรัง,มีนาคม,M,0,0.0
ตรัง,มีนาคม,L,0,0.0
ตรัง,เมษายน,S,11,14.2
ตรัง,เมษายน,M,0,0.0
ตรัง,เมษายน,L,0,0.0
ตรัง,พฤษภาคม,S,0,0.0
ตรัง,พฤษภาคม,M,0,0.0
ตรัง,พฤษภาคม,L,0,0.0
ตรัง,มิถุนายน,S,0,0.0
ตรัง,มิถุนายน,M,0,0.0
ตรัง,มิถุนายน,L,0,0.0
ตรัง,กรกฎาคม,S,0,0.0
ตรัง,กรกฎาคม,M,0,0.0
ตรัง,กรกฎาคม,L,0,0.0
ตรัง,สิงหาคม,S,0,0.0
ตรัง,สิงหาคม,M,0,0.0
ตรัง,สิงหาคม,L,0,0.0
ตรัง,กันยายน,S,0,0.0
ตรัง,กันยายน,M,0,0.0
ตรัง,กันยายน,L,0,0.0
ตรัง,ตุลาคม,S,0,0.0
ตรัง,ตุลาคม,M,0,0.0
ตรัง,ตุลาคม,L,0,0.0
ตรัง,พฤศจิกายน,S,0,0.0
ตรัง,พฤศจิกายน,M,0,0.0
ตรัง,พฤศจิกายน,L,0,0.0
ตรัง,ธันวาคม,S,0,0.0
ตรัง,ธันวาคม,M,0,0.0
ตรัง,ธันวาคม,L,0,0.0
นครศรีธรรมราช,มกราคม,S,57,80.8
นครศรีธรรมราช,มกราคม,M,0,0.0
นครศรีธรรมราช,มกราคม,L,0,0.0
นครศรีธรรมราช,กุมภาพันธ์,S,39,64.8
นครศรีธรรมราช,กุมภาพันธ์,M,0,0.0
นครศรีธรรมราช,กุมภาพันธ์,L,0,0.0
นครศรีธรรมราช,มีนาคม,S,62,73.9
นครศรีธรรมราช,มีนาคม,M,0,0.0
นครศรีธรรมราช,มีนาคม,L,0,0.0
นครศรีธรรมราช,เมษายน,S,64,104.42
นครศรีธรรมราช,เมษายน,M,0,0.0
นครศรีธรรมราช,เมษายน,L,0,0.0
นครศรีธรรมราช,พฤษภาคม,S,0,0.0
นครศรีธรรมราช,พฤษภาคม,M,0,0.0
นครศรีธรรมราช,พฤษภาคม,L,0,0.0
นครศรีธรรมราช,มิถุนายน,S,0,0.0
นครศรีธรรมราช,มิถุนายน,M,0,0.0
นครศรีธรรมราช,มิถุนายน,L,0,0.0
นครศรีธรรมราช,กรกฎาคม,S,0,0.0
นครศรีธรรมราช,กรกฎาคม,M,0,0.0
นครศรีธรรมราช,กรกฎาคม,L,0,0.0
นครศรีธรรมราช,สิงหาคม,S,0,0.0
นครศรีธรรมราช,สิงหาคม,M,0,0.0
นครศรีธรรมราช,สิงหาคม,L,0,0.0
นครศรีธรรมราช,กันยายน,S,0,0.0
นครศรีธรรมราช,กันยายน,M,0,0.0
นครศรีธรรมราช,กันยายน,L,0,0.0
นครศรีธรรมราช,ตุลาคม,S,0,0.0
นครศรีธรรมราช,ตุลาคม,M,0,0.0
นครศรีธรรมราช,ตุลาคม,L,0,0.0
นครศรีธรรมราช,พฤศจิกายน,S,0,0.0
นครศรีธรรมราช,พฤศจิกายน,M,0,0.0
นครศรีธรรมราช,พฤศจิกายน,L,0,0.0
นครศรีธรรมราช,ธันวาคม,S,0,0.0
นครศรีธรรมราช,ธันวาคม,M,0,0.0
นครศรีธรรมราช,ธันวาคม,L,0,0.0
นราธิวาส,มกราคม,S,14,15.6
นราธิวาส,มกราคม,M,0,0.0
นราธิวาส,มกราคม,L,0,0.0
นราธิวาส,กุมภาพันธ์,S,10,25.0
นราธิวาส,กุมภาพันธ์,M,0,0.0
นราธิวาส,กุมภาพันธ์,L,0,0.0
นราธิวาส,มีนาคม,S,11,9.3
นราธิวาส,มีนาคม,M,0,0.0
นราธิวาส,มีนาคม,L,0,0.0
นราธิวาส,เมษายน,S,15,47.53
นราธิวาส,เมษายน,M,1,101.0
นราธิวาส,เมษายน,L,0,0.0
นราธิวาส,พฤษภาคม,S,0,0.0
นราธิวาส,พฤษภาคม,M,0,0.0
นราธิวาส,พฤษภาคม,L,0,0.0
นราธิวาส,มิถุนายน,S,0,0.0
นราธิวาส,มิถุนายน,M,0,0.0
นราธิวาส,มิถุนายน,L,0,0.0
นราธิวาส,กรกฎาคม,S,0,0.0
นราธิวาส,กรกฎาคม,M,0,0.0
นราธิวาส,กรกฎาคม,L,0,0.0
นราธิวาส,สิงหาคม,S,0,0.0
นราธิวาส,สิงหาคม,M,0,0.0
นราธิวาส,สิงหาคม,L,0,0.0
นราธิวาส,กันยายน,S,0,0.0
นราธิวาส,กันยายน,M,0,0.0
นราธิวาส,กันยายน,L,0,0.0
นราธิวาส,ตุลาคม,S,0,0.0
นราธิวาส,ตุลาคม,M,0,0.0
นราธิวาส,ตุลาคม,L,0,0.0
นราธิวาส,พฤศจิกายน,S,0,0.0
นราธิวาส,พฤศจิกายน,M,0,0.0
นราธิวาส,พฤศจิกายน,L,0,0.0
นราธิวาส,ธันวาคม,S,0,0.0
นราธิวาส,ธันวาคม,M,0,0.0
นราธิวาส,ธันวาคม,L,0,0.0
ปัตตานี,มกราคม,S,13,39.4
ปัตตานี,มกราคม,M,0,0.0
ปัตตานี,มกราคม,L,0,0.0
ปัตตานี,กุมภาพันธ์,S,14,12.4
ปัตตานี,กุมภาพันธ์,M,0,0.0
ปัตตานี,กุมภาพันธ์,L,0,0.0
ปัตตานี,มีนาคม,S,9,18.0
ปัตตานี,มีนาคม,M,0,0.0
ปัตตานี,มีนาคม,L,0,0.0
ปัตตานี,เมษายน,S,21,42.5
ปัตตานี,เมษายน,M,0,0.0
ปัตตานี,เมษายน,L,0,0.0
ปัตตานี,พฤษภาคม,S,0,0.0
ปัตตานี,พฤษภาคม,M,0,0.0
ปัตตานี,พฤษภาคม,L,0,0.0
ปัตตานี,มิถุนายน,S,0,0.0
ปัตตานี,มิถุนายน,M,0,0.0
ปัตตานี,มิถุนายน,L,0,0.0
ปัตตานี,กรกฎาคม,S,0,0.0
ปัตตานี,กรกฎาคม,M,0,0.0
ปัตตานี,กรกฎาคม,L,0,0.0
ปัตตานี,สิงหาคม,S,0,0.0
ปัตตานี,สิงหาคม,M,0,0.0
ปัตตานี,สิงหาคม,L,0,0.0
ปัตตานี,กันยายน,S,0,0.0
ปัตตานี,กันยายน,M,0,0.0
ปัตตานี,กันยายน,L,0,0.0
ปัตตานี,ตุลาคม,S,0,0.0
ปัตตานี,ตุลาคม,M,0,0.0
ปัตตานี,ตุลาคม,L,0,0.0
ปัตตานี,พฤศจิกายน,S,0,0.0
ปัตตานี,พฤศจิกายน,M,0,0.0
ปัตตานี,พฤศจิกายน,L,0,0.0
ปัตตานี,ธันวาคม,S,0,0.0
ปัตตานี,ธันวาคม,M,0,0.0
ปัตตานี,ธันวาคม,L,0,0.0
พังงา,มกราคม,S,16,32.6
พังงา,มกราคม,M,0,0.0
พังงา,มกราคม,L,0,0.0
พังงา,กุมภาพันธ์,S,16,18.7
พังงา,กุมภาพันธ์,M,0,0.0
พังงา,กุมภาพันธ์,L,0,0.0
พังงา,มีนาคม,S,34,62.8082
พังงา,มีนาคม,M,0,0.0
พังงา,มีนาคม,L,0,0.0
พังงา,เมษายน,S,15,28.3
พังงา,เมษายน,M,0,0.0
พังงา,เมษายน,L,0,0.0
พังงา,พฤษภาคม,S,0,0.0
พังงา,พฤษภาคม,M,0,0.0
พังงา,พฤษภาคม,L,0,0.0
พังงา,มิถุนายน,S,0,0.0
พังงา,มิถุนายน,M,0,0.0
พังงา,มิถุนายน,L,0,0.0
พังงา,กรกฎาคม,S,0,0.0
พังงา,กรกฎาคม,M,0,0.0
พังงา,กรกฎาคม,L,0,0.0
พังงา,สิงหาคม,S,0,0.0
พังงา,สิงหาคม,M,0,0.0
พังงา,สิงหาคม,L,0,0.0
พังงา,กันยายน,S,0,0.0
พังงา,กันยายน,M,0,0.0
พังงา,กันยายน,L,0,0.0
พังงา,ตุลาคม,S,0,0.0
พังงา,ตุลาคม,M,0,0.0
พังงา,ตุลาคม,L,0,0.0
พังงา,พฤศจิกายน,S,0,0.0
พังงา,พฤศจิกายน,M,0,0.0
พังงา,พฤศจิกายน,L,0,0.0
พังงา,ธันวาคม,S,0,0.0
พังงา,ธันวาคม,M,0,0.0
พังงา,ธันวาคม,L,0,0.0
พัทลุง,มกราคม,S,18,21.1
พัทลุง,มกราคม,M,0,0.0
พัทลุง,มกราคม,L,0,0.0
พัทลุง,กุมภาพันธ์,S,20,28.28
พัทลุง,กุมภาพันธ์,M,0,0.0
พัทลุง,กุมภาพันธ์,L,0,0.0
พัทลุง,มีนาคม,S,16,24.5
พัทลุง,มีนาคม,M,0,0.0
พัทลุง,มีนาคม,L,0,0.0
พัทลุง,เมษายน,S,16,13.3
พัทลุง,เมษายน,M,0,0.0
พัทลุง,เมษายน,L,0,0.0
พัทลุง,พฤษภาคม,S,0,0.0
พัทลุง,พฤษภาคม,M,0,0.0
พัทลุง,พฤษภาคม,L,0,0.0
พัทลุง,มิถุนายน,S,0,0.0
พัทลุง,มิถุนายน,M,0,0.0
พัทลุง,มิถุนายน,L,0,0.0
พัทลุง,กรกฎาคม,S,0,0.0
พัทลุง,กรกฎาคม,M,0,0.0
พัทลุง,กรกฎาคม,L,0,0.0
พัทลุง,สิงหาคม,S,0,0.0
พัทลุง,สิงหาคม,M,0,0.0
พัทลุง,สิงหาคม,L,0,0.0
พัทลุง,กันยายน,S,0,0.0
พัทลุง,กันยายน,M,0,0.0
พัทลุง,กันยายน,L,0,0.0
พัทลุง,ตุลาคม,S,0,0.0
พัทลุง,ตุลาคม,M,0,0.0
พัทลุง,ตุลาคม,L,0,0.0
พัทลุง,พฤศจิกายน,S,0,0.0
พัทลุง,พฤศจิกายน,M,0,0.0
พัทลุง,พฤศจิกายน,L,0,0.0
พัทลุง,ธันวาคม,S,0,0.0
พัทลุง,ธันวาคม,M,0,0.0
พัทลุง,ธันวาคม,L,0,0.0
ภูเก็ต,มกราคม,S,238,520.55
ภูเก็ต,มกราคม,M,0,0.0
ภูเก็ต,มกราคม,L,0,0.0
ภูเก็ต,กุมภาพันธ์,S,207,491.398888
ภูเก็ต,กุมภาพันธ์,M,0,0.0
ภูเก็ต,กุมภาพันธ์,L,0,0.0
ภูเก็ต,มีนาคม,S,237,498.0
ภูเก็ต,มีนาคม,M,0,0.0
ภูเก็ต,มีนาคม,L,0,0.0
ภูเก็ต,เมษายน,S,199,443.32
ภูเก็ต,เมษายน,M,0,0.0
ภูเก็ต,เมษายน,L,0,0.0
ภูเก็ต,พฤษภาคม,S,0,0.0
ภูเก็ต,พฤษภาคม,M,0,0.0
ภูเก็ต,พฤษภาคม,L,0,0.0
ภูเก็ต,มิถุนายน,S,0,0.0
ภูเก็ต,มิถุนายน,M,0,0.0
ภูเก็ต,มิถุนายน,L,0,0.0
ภูเก็ต,กรกฎาคม,S,0,0.0
ภูเก็ต,กรกฎาคม,M,0,0.0
ภูเก็ต,กรกฎาคม,L,0,0.0
ภูเก็ต,สิงหาคม,S,0,0.0
ภูเก็ต,สิงหาคม,M,0,0.0
ภูเก็ต,สิงหาคม,L,0,0.0
ภูเก็ต,กันยายน,S,0,0.0
ภูเก็ต,กันยายน,M,0,0.0
ภูเก็ต,กันยายน,L,0,0.0
ภูเก็ต,ตุลาคม,S,0,0.0
ภูเก็ต,ตุลาคม,M,0,0.0
ภูเก็ต,ตุลาคม,L,0,0.0
ภูเก็ต,พฤศจิกายน,S,0,0.0
ภูเก็ต,พฤศจิกายน,M,0,0.0
ภูเก็ต,พฤศจิกายน,L,0,0.0
ภูเก็ต,ธันวาคม,S,0,0.0
ภูเก็ต,ธันวาคม,M,0,0.0
ภูเก็ต,ธันวาคม,L,0,0.0
ยะลา,มกราคม,S,15,19.56
ยะลา,มกราคม,M,1,90.0
ยะลา,มกราคม,L,0,0.0
ยะลา,กุมภาพันธ์,S,12,15.05
ยะลา,กุมภาพันธ์,M,0,0.0
ยะลา,กุมภาพันธ์,L,0,0.0
ยะลา,มีนาคม,S,9,12.035
ยะลา,มีนาคม,M,0,0.0
ยะลา,มีนาคม,L,0,0.0
ยะลา,เมษายน,S,12,14.1
ยะลา,เมษายน,M,0,0.0
ยะลา,เมษายน,L,0,0.0
ยะลา,พฤษภาคม,S,0,0.0
ยะลา,พฤษภาคม,M,0,0.0
ยะลา,พฤษภาคม,L,0,0.0
ยะลา,มิถุนายน,S,0,0.0
ยะลา,มิถุนายน,M,0,0.0
ยะลา,มิถุนายน,L,0,0.0
ยะลา,กรกฎาคม,S,0,0.0
ยะลา,กรกฎาคม,M,0,0.0
ยะลา,กรกฎาคม,L,0,0.0
ยะลา,สิงหาคม,S,0,0.0
ยะลา,สิงหาคม,M,0,0.0
ยะลา,สิงหาคม,L,0,0.0
ยะลา,กันยายน,S,0,0.0
ยะลา,กันยายน,M,0,0.0
ยะลา,กันยายน,L,0,0.0
ยะลา,ตุลาคม,S,0,0.0
ยะลา,ตุลาคม,M,0,0.0
ยะลา,ตุลาคม,L,0,0.0
ยะลา,พฤศจิกายน,S,0,0.0
ยะลา,พฤศจิกายน,M,0,0.0
ยะลา,พฤศจิกายน,L,0,0.0
ยะลา,ธันวาคม,S,0,0.0
ยะลา,ธันวาคม,M,0,0.0
ยะลา,ธันวาคม,L,0,0.0
ระนอง,มกราคม,S,10,19.5
ระนอง,มกราคม,M,0,0.0
ระนอง,มกราคม,L,0,0.0
ระนอง,กุมภาพันธ์,S,9,9.42
ระนอง,กุมภาพันธ์,M,0,0.0
ระนอง,กุมภาพันธ์,L,0,0.0
ระนอง,มีนาคม,S,11,19.3
ระนอง,มีนาคม,M,0,0.0
ระนอง,มีนาคม,L,0,0.0
ระนอง,เมษายน,S,11,15.1
ระนอง,เมษายน,M,0,0.0
ระนอง,เมษายน,L,0,0.0
ระนอง,พฤษภาคม,S,0,0.0
ระนอง,พฤษภาคม,M,0,0.0
ระนอง,พฤษภาคม,L,0,0.0
ระนอง,มิถุนายน,S,0,0.0
ระนอง,มิถุนายน,M,0,0.0
ระนอง,มิถุนายน,L,0,0.0
ระนอง,กรกฎาคม,S,0,0.0
ระนอง,กรกฎาคม,M,0,0.0
ระนอง,กรกฎาคม,L,0,0.0
ระนอง,สิงหาคม,S,0,0.0
ระนอง,สิงหาคม,M,0,0.0
ระนอง,สิงหาคม,L,0,0.0
ระนอง,กันยายน,S,0,0.0
ระนอง,กันยายน,M,0,0.0
ระนอง,กันยายน,L,0,0.0
ระนอง,ตุลาคม,S,0,0.0
ระนอง,ตุลาคม,M,0,0.0
ระนอง,ตุลาคม,L,0,0.0
ระนอง,พฤศจิกายน,S,0,0.0
ระนอง,พฤศจิกายน,M,0,0.0
ระนอง,พฤศจิกายน,L,0,0.0
ระนอง,ธันวาคม,S,0,0.0
ระนอง,ธันวาคม,M,0,0.0
ระนอง,ธันวาคม,L,0,0.0
สงขลา,มกราคม,S,113,127.856
สงขลา,มกราคม,M,0,0.0
สงขลา,มกราคม,L,0,0.0
สงขลา,กุมภาพันธ์,S,101,146.6
สงขลา,กุมภาพันธ์,M,0,0.0
สงขลา,กุมภาพันธ์,L,0,0.0
สงขลา,มีนาคม,S,113,157.99498
สงขลา,มีนาคม,M,0,0.0
สงขลา,มีนาคม,L,0,0.0
สงขลา,เมษายน,S,108,178.574
สงขลา,เมษายน,M,0,0.0
สงขลา,เมษายน,L,0,0.0
สงขลา,พฤษภาคม,S,0,0.0
สงขลา,พฤษภาคม,M,0,0.0
สงขลา,พฤษภาคม,L,0,0.0
สงขลา,มิถุนายน,S,0,0.0
สงขลา,มิถุนายน,M,0,0.0
สงขลา,มิถุนายน,L,0,0.0
สงขลา,กรกฎาคม,S,0,0.0
สงขลา,กรกฎาคม,M,0,0.0
สงขลา,กรกฎาคม,L,0,0.0
สงขลา,สิงหาคม,S,0,0.0
สงขลา,สิงหาคม,M,0,0.0
สงขลา,สิงหาคม,L,0,0.0
สงขลา,กันยายน,S,0,0.0
สงขลา,กันยายน,M,0,0.0
สงขลา,กันยายน,L,0,0.0
สงขลา,ตุลาคม,S,0,0.0
สงขลา,ตุลาคม,M,0,0.0
สงขลา,ตุลาคม,L,0,0.0
สงขลา,พฤศจิกายน,S,0,0.0
สงขลา,พฤศจิกายน,M,0,0.0
สงขลา,พฤศจิกายน,L,0,0.0
สงขลา,ธันวาคม,S,0,0.0
สงขลา,ธันวาคม,M,0,0.0
สงขลา,ธันวาคม,L,0,0.0
สตูล,มกราคม,S,8,10.3
สตูล,มกราคม,M,0,0.0
สตูล,มกราคม,L,0,0.0
สตูล,กุมภาพันธ์,S,5,4.5
สตูล,กุมภาพันธ์,M,0,0.0
สตูล,กุมภาพันธ์,L,0,0.0
สตูล,มีนาคม,S,4,3.11
สตูล,มีนาคม,M,0,0.0
สตูล,มีนาคม,L,0,0.0
สตูล,เมษายน,S,18,25.35
สตูล,เมษายน,M,0,0.0
สตูล,เมษายน,L,0,0.0
สตูล,พฤษภาคม,S,0,0.0
สตูล,พฤษภาคม,M,0,0.0
สตูล,พฤษภาคม,L,0,0.0
สตูล,มิถุนายน,S,0,0.0
สตูล,มิถุนายน,M,0,0.0
สตูล,มิถุนายน,L,0,0.0
สตูล,กรกฎาคม,S,0,0.0
สตูล,กรกฎาคม,M,0,0.0
สตูล,กรกฎาคม,L,0,0.0
สตูล,สิงหาคม,S,0,0.0
สตูล,สิงหาคม,M,0,0.0
สตูล,สิงหาคม,L,0,0.0
สตูล,กันยายน,S,0,0.0
สตูล,กันยายน,M,0,0.0
สตูล,กันยายน,L,0,0.0
สตูล,ตุลาคม,S,0,0.0
สตูล,ตุลาคม,M,0,0.0
สตูล,ตุลาคม,L,0,0.0
สตูล,พฤศจิกายน,S,0,0.0
สตูล,พฤศจิกายน,M,0,0.0
สตูล,พฤศจิกายน,L,0,0.0
สตูล,ธันวาคม,S,0,0.0
สตูล,ธันวาคม,M,0,0.0
สตูล,ธันวาคม,L,0,0.0
สุราษฎร์ธานี,มกราคม,S,237,402.66
สุราษฎร์ธานี,มกราคม,M,0,0.0
สุราษฎร์ธานี,มกราคม,L,0,0.0
สุราษฎร์ธานี,กุมภาพันธ์,S,195,446.601
สุราษฎร์ธานี,กุมภาพันธ์,M,0,0.0
สุราษฎร์ธานี,กุมภาพันธ์,L,0,0.0
สุราษฎร์ธานี,มีนาคม,S,193,388.25045
สุราษฎร์ธานี,มีนาคม,M,0,0.0
สุราษฎร์ธานี,มีนาคม,L,0,0.0
สุราษฎร์ธานี,เมษายน,S,175,374.398888
สุราษฎร์ธานี,เมษายน,M,0,0.0
สุราษฎร์ธานี,เมษายน,L,0,0.0
สุราษฎร์ธานี,พฤษภาคม,S,0,0.0
สุราษฎร์ธานี,พฤษภาคม,M,0,0.0
สุราษฎร์ธานี,พฤษภาคม,L,0,0.0
สุราษฎร์ธานี,มิถุนายน,S,0,0.0
สุราษฎร์ธานี,มิถุนายน,M,0,0.0
สุราษฎร์ธานี,มิถุนายน,L,0,0.0
สุราษฎร์ธานี,กรกฎาคม,S,0,0.0
สุราษฎร์ธานี,กรกฎาคม,M,0,0.0
สุราษฎร์ธานี,กรกฎาคม,L,0,0.0
สุราษฎร์ธานี,สิงหาคม,S,0,0.0
สุราษฎร์ธานี,สิงหาคม,M,0,0.0
สุราษฎร์ธานี,สิงหาคม,L,0,0.0
สุราษฎร์ธานี,กันยายน,S,0,0.0
สุราษฎร์ธานี,กันยายน,M,0,0.0
สุราษฎร์ธานี,กันยายน,L,0,0.0
สุราษฎร์ธานี,ตุลาคม,S,0,0.0
สุราษฎร์ธานี,ตุลาคม,M,0,0.0
สุราษฎร์ธานี,ตุลาคม,L,0,0.0
สุราษฎร์ธานี,พฤศจิกายน,S,0,0.0
สุราษฎร์ธานี,พฤศจิกายน,M,0,0.0
สุราษฎร์ธานี,พฤศจิกายน,L,0,0.0
สุราษฎร์ธานี,ธันวาคม,S,0,0.0
สุราษฎร์ธานี,ธันวาคม,M,0,0.0
สุราษฎร์ธานี,ธันวาคม,L,0,0.0
กำแพงเพชร,มกราคม,S,31,49.4
กำแพงเพชร,มกราคม,M,0,0.0
กำแพงเพชร,มกราคม,L,0,0.0
กำแพงเพชร,กุมภาพันธ์,S,22,21.95
กำแพงเพชร,กุมภาพันธ์,M,0,0.0
กำแพงเพชร,กุมภาพันธ์,L,0,0.0
กำแพงเพชร,มีนาคม,S,23,29.51
กำแพงเพชร,มีนาคม,M,0,0.0
กำแพงเพชร,มีนาคม,L,0,0.0
กำแพงเพชร,เมษายน,S,22,35.041
กำแพงเพชร,เมษายน,M,0,0.0
กำแพงเพชร,เมษายน,L,0,0.0
กำแพงเพชร,พฤษภาคม,S,0,0.0
กำแพงเพชร,พฤษภาคม,M,0,0.0
กำแพงเพชร,พฤษภาคม,L,0,0.0
กำแพงเพชร,มิถุนายน,S,0,0.0
กำแพงเพชร,มิถุนายน,M,0,0.0
กำแพงเพชร,มิถุนายน,L,0,0.0
กำแพงเพชร,กรกฎาคม,S,0,0.0
กำแพงเพชร,กรกฎาคม,M,0,0.0
กำแพงเพชร,กรกฎาคม,L,0,0.0
กำแพงเพชร,สิงหาคม,S,0,0.0
กำแพงเพชร,สิงหาคม,M,0,0.0
กำแพงเพชร,สิงหาคม,L,0,0.0
กำแพงเพชร,กันยายน,S,0,0.0
กำแพงเพชร,กันยายน,M,0,0.0
กำแพงเพชร,กันยายน,L,0,0.0
กำแพงเพชร,ตุลาคม,S,0,0.0
กำแพงเพชร,ตุลาคม,M,0,0.0
กำแพงเพชร,ตุลาคม,L,0,0.0
กำแพงเพชร,พฤศจิกายน,S,0,0.0
กำแพงเพชร,พฤศจิกายน,M,0,0.0
กำแพงเพชร,พฤศจิกายน,L,0,0.0
กำแพงเพชร,ธันวาคม,S,0,0.0
กำแพงเพชร,ธันวาคม,M,0,0.0
กำแพงเพชร,ธันวาคม,L,0,0.0
เชียงราย,มกราคม,S,112,138.465
เชียงราย,มกราคม,M,0,0.0
เชียงราย,มกราคม,L,0,0.0
เชียงราย,กุมภาพันธ์,S,78,114.22
เชียงราย,กุมภาพันธ์,M,0,0.0
เชียงราย,กุมภาพันธ์,L,0,0.0
เชียงราย,มีนาคม,S,133,178.648878
เชียงราย,มีนาคม,M,0,0.0
เชียงราย,มีนาคม,L,0,0.0
เชียงราย,เมษายน,S,74,111.722
เชียงราย,เมษายน,M,0,0.0
เชียงราย,เมษายน,L,0,0.0
เชียงราย,พฤษภาคม,S,0,0.0
เชียงราย,พฤษภาคม,M,0,0.0
เชียงราย,พฤษภาคม,L,0,0.0
เชียงราย,มิถุนายน,S,0,0.0
เชียงราย,มิถุนายน,M,0,0.0
เชียงราย,มิถุนายน,L,0,0.0
เชียงราย,กรกฎาคม,S,0,0.0
เชียงราย,กรกฎาคม,M,0,0.0
เชียงราย,กรกฎาคม,L,0,0.0
เชียงราย,สิงหาคม,S,0,0.0
เชียงราย,สิงหาคม,M,0,0.0
เชียงราย,สิงหาคม,L,0,0.0
เชียงราย,กันยายน,S,0,0.0
เชียงราย,กันยายน,M,0,0.0
เชียงราย,กันยายน,L,0,0.0
เชียงราย,ตุลาคม,S,0,0.0
เชียงราย,ตุลาคม,M,0,0.0
เชียงราย,ตุลาคม,L,0,0.0
เชียงราย,พฤศจิกายน,S,0,0.0
เชียงราย,พฤศจิกายน,M,0,0.0
เชียงราย,พฤศจิกายน,L,0,0.0
เชียงราย,ธันวาคม,S,0,0.0
เชียงราย,ธันวาคม,M,0,0.0
เชียงราย,ธันวาคม,L,0,0.0
เชียงใหม่,มกราคม,S,357,541.939998
เชียงใหม่,มกราคม,M,0,0.0
เชียงใหม่,มกราคม,L,0,0.0
เชียงใหม่,กุมภาพันธ์,S,312,524.7556
เชียงใหม่,กุมภาพันธ์,M,0,0.0
เชียงใหม่,กุมภาพันธ์,L,0,0.0
เชียงใหม่,มีนาคม,S,324,464.111
เชียงใหม่,มีนาคม,M,0,0.0
เชียงใหม่,มีนาคม,L,0,0.0
เชียงใหม่,เมษายน,S,261,372.534
เชียงใหม่,เมษายน,M,0,0.0
เชียงใหม่,เมษายน,L,0,0.0
เชียงใหม่,พฤษภาคม,S,0,0.0
เชียงใหม่,พฤษภาคม,M,0,0.0
เชียงใหม่,พฤษภาคม,L,0,0.0
เชียงใหม่,มิถุนายน,S,0,0.0
เชียงใหม่,มิถุนายน,M,0,0.0
เชียงใหม่,มิถุนายน,L,0,0.0
เชียงใหม่,กรกฎาคม,S,0,0.0
เชียงใหม่,กรกฎาคม,M,0,0.0
เชียงใหม่,กรกฎาคม,L,0,0.0
เชียงใหม่,สิงหาคม,S,0,0.0
เชียงใหม่,สิงหาคม,M,0,0.0
เชียงใหม่,สิงหาคม,L,0,0.0
เชียงใหม่,กันยายน,S,0,0.0
เชียงใหม่,กันยายน,M,0,0.0
เชียงใหม่,กันยายน,L,0,0.0
เชียงใหม่,ตุลาคม,S,0,0.0
เชียงใหม่,ตุลาคม,M,0,0.0
เชียงใหม่,ตุลาคม,L,0,0.0
เชียงใหม่,พฤศจิกายน,S,0,0.0
เชียงใหม่,พฤศจิกายน,M,0,0.0
เชียงใหม่,พฤศจิกายน,L,0,0.0
เชียงใหม่,ธันวาคม,S,0,0.0
เชียงใหม่,ธันวาคม,M,0,0.0
เชียงใหม่,ธันวาคม,L,0,0.0
ตาก,มกราคม,S,37,53.1
ตาก,มกราคม,M,0,0.0
ตาก,มกราคม,L,0,0.0
ตาก,กุมภาพันธ์,S,38,62.65
ตาก,กุมภาพันธ์,M,0,0.0
ตาก,กุมภาพันธ์,L,0,0.0
ตาก,มีนาคม,S,47,63.861
ตาก,มีนาคม,M,0,0.0
ตาก,มีนาคม,L,0,0.0
ตาก,เมษายน,S,31,42.2
ตาก,เมษายน,M,0,0.0
ตาก,เมษายน,L,0,0.0
ตาก,พฤษภาคม,S,0,0.0
ตาก,พฤษภาคม,M,0,0.0
ตาก,พฤษภาคม,L,0,0.0
ตาก,มิถุนายน,S,0,0.0
ตาก,มิถุนายน,M,0,0.0
ตาก,มิถุนายน,L,0,0.0
ตาก,กรกฎาคม,S,0,0.0
ตาก,กรกฎาคม,M,0,0.0
ตาก,กรกฎาคม,L,0,0.0
ตาก,สิงหาคม,S,0,0.0
ตาก,สิงหาคม,M,0,0.0
ตาก,สิงหาคม,L,0,0.0
ตาก,กันยายน,S,0,0.0
ตาก,กันยายน,M,0,0.0
ตาก,กันยายน,L,0,0.0
ตาก,ตุลาคม,S,0,0.0
ตาก,ตุลาคม,M,0,0.0
ตาก,ตุลาคม,L,0,0.0
ตาก,พฤศจิกายน,S,0,0.0
ตาก,พฤศจิกายน,M,0,0.0
ตาก,พฤศจิกายน,L,0,0.0
ตาก,ธันวาคม,S,0,0.0
ตาก,ธันวาคม,M,0,0.0
ตาก,ธันวาคม,L,0,0.0
นครสวรรค์,มกราคม,S,53,72.66
นครสวรรค์,มกราคม,M,1,70.0
นครสวรรค์,มกราคม,L,0,0.0
นครสวรรค์,กุมภาพันธ์,S,56,69.2
นครสวรรค์,กุมภาพันธ์,M,0,0.0
นครสวรรค์,กุมภาพันธ์,L,0,0.0
นครสวรรค์,มีนาคม,S,54,61.383
นครสวรรค์,มีนาคม,M,0,0.0
นครสวรรค์,มีนาคม,L,0,0.0
นครสวรรค์,เมษายน,S,45,53.65
นครสวรรค์,เมษายน,M,0,0.0
นครสวรรค์,เมษายน,L,0,0.0
นครสวรรค์,พฤษภาคม,S,0,0.0
นครสวรรค์,พฤษภาคม,M,0,0.0
นครสวรรค์,พฤษภาคม,L,0,0.0
นครสวรรค์,มิถุนายน,S,0,0.0
นครสวรรค์,มิถุนายน,M,0,0.0
นครสวรรค์,มิถุนายน,L,0,0.0
นครสวรรค์,กรกฎาคม,S,0,0.0
นครสวรรค์,กรกฎาคม,M,0,0.0
นครสวรรค์,กรกฎาคม,L,0,0.0
นครสวรรค์,สิงหาคม,S,0,0.0
นครสวรรค์,สิงหาคม,M,0,0.0
นครสวรรค์,สิงหาคม,L,0,0.0
นครสวรรค์,กันยายน,S,0,0.0
นครสวรรค์,กันยายน,M,0,0.0
นครสวรรค์,กันยายน,L,0,0.0
นครสวรรค์,ตุลาคม,S,0,0.0
นครสวรรค์,ตุลาคม,M,0,0.0
นครสวรรค์,ตุลาคม,L,0,0.0
นครสวรรค์,พฤศจิกายน,S,0,0.0
นครสวรรค์,พฤศจิกายน,M,0,0.0
นครสวรรค์,พฤศจิกายน,L,0,0.0
นครสวรรค์,ธันวาคม,S,0,0.0
นครสวรรค์,ธันวาคม,M,0,0.0
นครสวรรค์,ธันวาคม,L,0,0.0
น่าน,มกราคม,S,17,14.72
น่าน,มกราคม,M,0,0.0
น่าน,มกราคม,L,0,0.0
น่าน,กุมภาพันธ์,S,18,18.066
น่าน,กุมภาพันธ์,M,0,0.0
น่าน,กุมภาพันธ์,L,0,0.0
น่าน,มีนาคม,S,19,27.6
น่าน,มีนาคม,M,0,0.0
น่าน,มีนาคม,L,0,0.0
น่าน,เมษายน,S,12,13.4
น่าน,เมษายน,M,0,0.0
น่าน,เมษายน,L,0,0.0
น่าน,พฤษภาคม,S,0,0.0
น่าน,พฤษภาคม,M,0,0.0
น่าน,พฤษภาคม,L,0,0.0
น่าน,มิถุนายน,S,0,0.0
น่าน,มิถุนายน,M,0,0.0
น่าน,มิถุนายน,L,0,0.0
น่าน,กรกฎาคม,S,0,0.0
น่าน,กรกฎาคม,M,0,0.0
น่าน,กรกฎาคม,L,0,0.0
น่าน,สิงหาคม,S,0,0.0
น่าน,สิงหาคม,M,0,0.0
น่าน,สิงหาคม,L,0,0.0
น่าน,กันยายน,S,0,0.0
น่าน,กันยายน,M,0,0.0
น่าน,กันยายน,L,0,0.0
น่าน,ตุลาคม,S,0,0.0
น่าน,ตุลาคม,M,0,0.0
น่าน,ตุลาคม,L,0,0.0
น่าน,พฤศจิกายน,S,0,0.0
น่าน,พฤศจิกายน,M,0,0.0
น่าน,พฤศจิกายน,L,0,0.0
น่าน,ธันวาคม,S,0,0.0
น่าน,ธันวาคม,M,0,0.0
น่าน,ธันวาคม,L,0,0.0
พะเยา,มกราคม,S,16,17.65
พะเยา,มกราคม,M,0,0.0
พะเยา,มกราคม,L,0,0.0
พะเยา,กุมภาพันธ์,S,18,25.0
พะเยา,กุมภาพันธ์,M,0,0.0
พะเยา,กุมภาพันธ์,L,0,0.0
พะเยา,มีนาคม,S,25,21.8
พะเยา,มีนาคม,M,0,0.0
พะเยา,มีนาคม,L,0,0.0
พะเยา,เมษายน,S,15,14.81
พะเยา,เมษายน,M,0,0.0
พะเยา,เมษายน,L,0,0.0
พะเยา,พฤษภาคม,S,0,0.0
พะเยา,พฤษภาคม,M,0,0.0
พะเยา,พฤษภาคม,L,0,0.0
พะเยา,มิถุนายน,S,0,0.0
พะเยา,มิถุนายน,M,0,0.0
พะเยา,มิถุนายน,L,0,0.0
พะเยา,กรกฎาคม,S,0,0.0
พะเยา,กรกฎาคม,M,0,0.0
พะเยา,กรกฎาคม,L,0,0.0
พะเยา,สิงหาคม,S,0,0.0
พะเยา,สิงหาคม,M,0,0.0
พะเยา,สิงหาคม,L,0,0.0
พะเยา,กันยายน,S,0,0.0
พะเยา,กันยายน,M,0,0.0
พะเยา,กันยายน,L,0,0.0
พะเยา,ตุลาคม,S,0,0.0
พะเยา,ตุลาคม,M,0,0.0
พะเยา,ตุลาคม,L,0,0.0
พะเยา,พฤศจิกายน,S,0,0.0
พะเยา,พฤศจิกายน,M,0,0.0
พะเยา,พฤศจิกายน,L,0,0.0
พะเยา,ธันวาคม,S,0,0.0
พะเยา,ธันวาคม,M,0,0.0
พะเยา,ธันวาคม,L,0,0.0
พิจิตร,มกราคม,S,32,34.619999
พิจิตร,มกราคม,M,0,0.0
พิจิตร,มกราคม,L,0,0.0
พิจิตร,กุมภาพันธ์,S,17,150.3
พิจิตร,กุมภาพันธ์,M,0,0.0
พิจิตร,กุมภาพันธ์,L,0,0.0
พิจิตร,มีนาคม,S,17,24.5
พิจิตร,มีนาคม,M,0,0.0
พิจิตร,มีนาคม,L,0,0.0
พิจิตร,เมษายน,S,16,19.6
พิจิตร,เมษายน,M,0,0.0
พิจิตร,เมษายน,L,0,0.0
พิจิตร,พฤษภาคม,S,0,0.0
พิจิตร,พฤษภาคม,M,0,0.0
พิจิตร,พฤษภาคม,L,0,0.0
พิจิตร,มิถุนายน,S,0,0.0
พิจิตร,มิถุนายน,M,0,0.0
พิจิตร,มิถุนายน,L,0,0.0
พิจิตร,กรกฎาคม,S,0,0.0
พิจิตร,กรกฎาคม,M,0,0.0
พิจิตร,กรกฎาคม,L,0,0.0
พิจิตร,สิงหาคม,S,0,0.0
พิจิตร,สิงหาคม,M,0,0.0
พิจิตร,สิงหาคม,L,0,0.0
พิจิตร,กันยายน,S,0,0.0
พิจิตร,กันยายน,M,0,0.0
พิจิตร,กันยายน,L,0,0.0
พิจิตร,ตุลาคม,S,0,0.0
พิจิตร,ตุลาคม,M,0,0.0
พิจิตร,ตุลาคม,L,0,0.0
พิจิตร,พฤศจิกายน,S,0,0.0
พิจิตร,พฤศจิกายน,M,0,0.0
พิจิตร,พฤศจิกายน,L,0,0.0
พิจิตร,ธันวาคม,S,0,0.0
พิจิตร,ธันวาคม,M,0,0.0
พิจิตร,ธันวาคม,L,0,0.0
พิษณุโลก,มกราคม,S,59,101.8
พิษณุโลก,มกราคม,M,0,0.0
พิษณุโลก,มกราคม,L,0,0.0
พิษณุโลก,กุมภาพันธ์,S,52,66.11
พิษณุโลก,กุมภาพันธ์,M,0,0.0
พิษณุโลก,กุมภาพันธ์,L,0,0.0
พิษณุโลก,มีนาคม,S,42,56.645
พิษณุโลก,มีนาคม,M,0,0.0
พิษณุโลก,มีนาคม,L,0,0.0
พิษณุโลก,เมษายน,S,45,81.0
พิษณุโลก,เมษายน,M,0,0.0
พิษณุโลก,เมษายน,L,0,0.0
พิษณุโลก,พฤษภาคม,S,0,0.0
พิษณุโลก,พฤษภาคม,M,0,0.0
พิษณุโลก,พฤษภาคม,L,0,0.0
พิษณุโลก,มิถุนายน,S,0,0.0
พิษณุโลก,มิถุนายน,M,0,0.0
พิษณุโลก,มิถุนายน,L,0,0.0
พิษณุโลก,กรกฎาคม,S,0,0.0
พิษณุโลก,กรกฎาคม,M,0,0.0
พิษณุโลก,กรกฎาคม,L,0,0.0
พิษณุโลก,สิงหาคม,S,0,0.0
พิษณุโลก,สิงหาคม,M,0,0.0
พิษณุโลก,สิงหาคม,L,0,0.0
พิษณุโลก,กันยายน,S,0,0.0
พิษณุโลก,กันยายน,M,0,0.0
พิษณุโลก,กันยายน,L,0,0.0
พิษณุโลก,ตุลาคม,S,0,0.0
พิษณุโลก,ตุลาคม,M,0,0.0
พิษณุโลก,ตุลาคม,L,0,0.0
พิษณุโลก,พฤศจิกายน,S,0,0.0
พิษณุโลก,พฤศจิกายน,M,0,0.0
พิษณุโลก,พฤศจิกายน,L,0,0.0
พิษณุโลก,ธันวาคม,S,0,0.0
พิษณุโลก,ธันวาคม,M,0,0.0
พิษณุโลก,ธันวาคม,L,0,0.0
เพชรบูรณ์,มกราคม,S,36,47.9
เพชรบูรณ์,มกราคม,M,0,0.0
เพชรบูรณ์,มกราคม,L,0,0.0
เพชรบูรณ์,กุมภาพันธ์,S,31,69.8
เพชรบูรณ์,กุมภาพันธ์,M,0,0.0
เพชรบูรณ์,กุมภาพันธ์,L,0,0.0
เพชรบูรณ์,มีนาคม,S,36,39.6
เพชรบูรณ์,มีนาคม,M,0,0.0
เพชรบูรณ์,มีนาคม,L,0,0.0
เพชรบูรณ์,เมษายน,S,15,21.9
เพชรบูรณ์,เมษายน,M,0,0.0
เพชรบูรณ์,เมษายน,L,0,0.0
เพชรบูรณ์,พฤษภาคม,S,0,0.0
เพชรบูรณ์,พฤษภาคม,M,0,0.0
เพชรบูรณ์,พฤษภาคม,L,0,0.0
เพชรบูรณ์,มิถุนายน,S,0,0.0
เพชรบูรณ์,มิถุนายน,M,0,0.0
เพชรบูรณ์,มิถุนายน,L,0,0.0
เพชรบูรณ์,กรกฎาคม,S,0,0.0
เพชรบูรณ์,กรกฎาคม,M,0,0.0
เพชรบูรณ์,กรกฎาคม,L,0,0.0
เพชรบูรณ์,สิงหาคม,S,0,0.0
เพชรบูรณ์,สิงหาคม,M,0,0.0
เพชรบูรณ์,สิงหาคม,L,0,0.0
เพชรบูรณ์,กันยายน,S,0,0.0
เพชรบูรณ์,กันยายน,M,0,0.0
เพชรบูรณ์,กันยายน,L,0,0.0
เพชรบูรณ์,ตุลาคม,S,0,0.0
เพชรบูรณ์,ตุลาคม,M,0,0.0
เพชรบูรณ์,ตุลาคม,L,0,0.0
เพชรบูรณ์,พฤศจิกายน,S,0,0.0
เพชรบูรณ์,พฤศจิกายน,M,0,0.0
เพชรบูรณ์,พฤศจิกายน,L,0,0.0
เพชรบูรณ์,ธันวาคม,S,0,0.0
เพชรบูรณ์,ธันวาคม,M,0,0.0
เพชรบูรณ์,ธันวาคม,L,0,0.0
แพร่,มกราคม,S,19,15.9
แพร่,มกราคม,M,0,0.0
แพร่,มกราคม,L,0,0.0
แพร่,กุมภาพันธ์,S,14,14.7
แพร่,กุมภาพันธ์,M,0,0.0
แพร่,กุมภาพันธ์,L,0,0.0
แพร่,มีนาคม,S,12,15.25
แพร่,มีนาคม,M,0,0.0
แพร่,มีนาคม,L,0,0.0
แพร่,เมษายน,S,8,11.05
แพร่,เมษายน,M,0,0.0
แพร่,เมษายน,L,0,0.0
แพร่,พฤษภาคม,S,0,0.0
แพร่,พฤษภาคม,M,0,0.0
แพร่,พฤษภาคม,L,0,0.0
แพร่,มิถุนายน,S,0,0.0
แพร่,มิถุนายน,M,0,0.0
แพร่,มิถุนายน,L,0,0.0
แพร่,กรกฎาคม,S,0,0.0
แพร่,กรกฎาคม,M,0,0.0
แพร่,กรกฎาคม,L,0,0.0
แพร่,สิงหาคม,S,0,0.0
แพร่,สิงหาคม,M,0,0.0
แพร่,สิงหาคม,L,0,0.0
แพร่,กันยายน,S,0,0.0
แพร่,กันยายน,M,0,0.0
แพร่,กันยายน,L,0,0.0
แพร่,ตุลาคม,S,0,0.0
แพร่,ตุลาคม,M,0,0.0
แพร่,ตุลาคม,L,0,0.0
แพร่,พฤศจิกายน,S,0,0.0
แพร่,พฤศจิกายน,M,0,0.0
แพร่,พฤศจิกายน,L,0,0.0
แพร่,ธันวาคม,S,0,0.0
แพร่,ธันวาคม,M,0,0.0
แพร่,ธันวาคม,L,0,0.0
แม่ฮ่องสอน,มกราคม,S,10,13.7
แม่ฮ่องสอน,มกราคม,M,0,0.0
แม่ฮ่องสอน,มกราคม,L,0,0.0
แม่ฮ่องสอน,กุมภาพันธ์,S,4,5.0
แม่ฮ่องสอน,กุมภาพันธ์,M,0,0.0
แม่ฮ่องสอน,กุมภาพันธ์,L,0,0.0
แม่ฮ่องสอน,มีนาคม,S,3,6.3
แม่ฮ่องสอน,มีนาคม,M,0,0.0
แม่ฮ่องสอน,มีนาคม,L,0,0.0
แม่ฮ่องสอน,เมษายน,S,4,8.2
แม่ฮ่องสอน,เมษายน,M,0,0.0
แม่ฮ่องสอน,เมษายน,L,0,0.0
แม่ฮ่องสอน,พฤษภาคม,S,0,0.0
แม่ฮ่องสอน,พฤษภาคม,M,0,0.0
แม่ฮ่องสอน,พฤษภาคม,L,0,0.0
แม่ฮ่องสอน,มิถุนายน,S,0,0.0
แม่ฮ่องสอน,มิถุนายน,M,0,0.0
แม่ฮ่องสอน,มิถุนายน,L,0,0.0
แม่ฮ่องสอน,กรกฎาคม,S,0,0.0
แม่ฮ่องสอน,กรกฎาคม,M,0,0.0
แม่ฮ่องสอน,กรกฎาคม,L,0,0.0
แม่ฮ่องสอน,สิงหาคม,S,0,0.0
แม่ฮ่องสอน,สิงหาคม,M,0,0.0
แม่ฮ่องสอน,สิงหาคม,L,0,0.0
แม่ฮ่องสอน,กันยายน,S,0,0.0
แม่ฮ่องสอน,กันยายน,M,0,0.0
แม่ฮ่องสอน,กันยายน,L,0,0.0
แม่ฮ่องสอน,ตุลาคม,S,0,0.0
แม่ฮ่องสอน,ตุลาคม,M,0,0.0
แม่ฮ่องสอน,ตุลาคม,L,0,0.0
แม่ฮ่องสอน,พฤศจิกายน,S,0,0.0
แม่ฮ่องสอน,พฤศจิกายน,M,0,0.0
แม่ฮ่องสอน,พฤศจิกายน,L,0,0.0
แม่ฮ่องสอน,ธันวาคม,S,0,0.0
แม่ฮ่องสอน,ธันวาคม,M,0,0.0
แม่ฮ่องสอน,ธันวาคม,L,0,0.0
ลำปาง,มกราคม,S,38,37.71
ลำปาง,มกราคม,M,0,0.0
ลำปาง,มกราคม,L,0,0.0
ลำปาง,กุมภาพันธ์,S,53,66.26
ลำปาง,กุมภาพันธ์,M,0,0.0
ลำปาง,กุมภาพันธ์,L,0,0.0
ลำปาง,มีนาคม,S,50,71.0
ลำปาง,มีนาคม,M,0,0.0
ลำปาง,มีนาคม,L,0,0.0
ลำปาง,เมษายน,S,32,53.2
ลำปาง,เมษายน,M,0,0.0
ลำปาง,เมษายน,L,0,0.0
ลำปาง,พฤษภาคม,S,0,0.0
ลำปาง,พฤษภาคม,M,0,0.0
ลำปาง,พฤษภาคม,L,0,0.0
ลำปาง,มิถุนายน,S,0,0.0
ลำปาง,มิถุนายน,M,0,0.0
ลำปาง,มิถุนายน,L,0,0.0
ลำปาง,กรกฎาคม,S,0,0.0
ลำปาง,กรกฎาคม,M,0,0.0
ลำปาง,กรกฎาคม,L,0,0.0
ลำปาง,สิงหาคม,S,0,0.0
ลำปาง,สิงหาคม,M,0,0.0
ลำปาง,สิงหาคม,L,0,0.0
ลำปาง,กันยายน,S,0,0.0
ลำปาง,กันยายน,M,0,0.0
ลำปาง,กันยายน,L,0,0.0
ลำปาง,ตุลาคม,S,0,0.0
ลำปาง,ตุลาคม,M,0,0.0
ลำปาง,ตุลาคม,L,0,0.0
ลำปาง,พฤศจิกายน,S,0,0.0
ลำปาง,พฤศจิกายน,M,0,0.0
ลำปาง,พฤศจิกายน,L,0,0.0
ลำปาง,ธันวาคม,S,0,0.0
ลำปาง,ธันวาคม,M,0,0.0
ลำปาง,ธันวาคม,L,0,0.0
ลำพูน,มกราคม,S,40,54.3
ลำพูน,มกราคม,M,0,0.0
ลำพูน,มกราคม,L,0,0.0
ลำพูน,กุมภาพันธ์,S,22,62.11
ลำพูน,กุมภาพันธ์,M,0,0.0
ลำพูน,กุมภาพันธ์,L,0,0.0
ลำพูน,มีนาคม,S,40,66.62
ลำพูน,มีนาคม,M,0,0.0
ลำพูน,มีนาคม,L,0,0.0
ลำพูน,เมษายน,S,28,37.9
ลำพูน,เมษายน,M,0,0.0
ลำพูน,เมษายน,L,0,0.0
ลำพูน,พฤษภาคม,S,0,0.0
ลำพูน,พฤษภาคม,M,0,0.0
ลำพูน,พฤษภาคม,L,0,0.0
ลำพูน,มิถุนายน,S,0,0.0
ลำพูน,มิถุนายน,M,0,0.0
ลำพูน,มิถุนายน,L,0,0.0
ลำพูน,กรกฎาคม,S,0,0.0
ลำพูน,กรกฎาคม,M,0,0.0
ลำพูน,กรกฎาคม,L,0,0.0
ลำพูน,สิงหาคม,S,0,0.0
ลำพูน,สิงหาคม,M,0,0.0
ลำพูน,สิงหาคม,L,0,0.0
ลำพูน,กันยายน,S,0,0.0
ลำพูน,กันยายน,M,0,0.0
ลำพูน,กันยายน,L,0,0.0
ลำพูน,ตุลาคม,S,0,0.0
ลำพูน,ตุลาคม,M,0,0.0
ลำพูน,ตุลาคม,L,0,0.0
ลำพูน,พฤศจิกายน,S,0,0.0
ลำพูน,พฤศจิกายน,M,0,0.0
ลำพูน,พฤศจิกายน,L,0,0.0
ลำพูน,ธันวาคม,S,0,0.0
ลำพูน,ธันวาคม,M,0,0.0
ลำพูน,ธันวาคม,L,0,0.0
สุโขทัย,มกราคม,S,25,24.3
สุโขทัย,มกราคม,M,0,0.0
สุโขทัย,มกราคม,L,0,0.0
สุโขทัย,กุมภาพันธ์,S,14,17.7
สุโขทัย,กุมภาพันธ์,M,0,0.0
สุโขทัย,กุมภาพันธ์,L,0,0.0
สุโขทัย,มีนาคม,S,14,16.21
สุโขทัย,มีนาคม,M,0,0.0
สุโขทัย,มีนาคม,L,0,0.0
สุโขทัย,เมษายน,S,13,9.65
สุโขทัย,เมษายน,M,0,0.0
สุโขทัย,เมษายน,L,0,0.0
สุโขทัย,พฤษภาคม,S,0,0.0
สุโขทัย,พฤษภาคม,M,0,0.0
สุโขทัย,พฤษภาคม,L,0,0.0
สุโขทัย,มิถุนายน,S,0,0.0
สุโขทัย,มิถุนายน,M,0,0.0
สุโขทัย,มิถุนายน,L,0,0.0
สุโขทัย,กรกฎาคม,S,0,0.0
สุโขทัย,กรกฎาคม,M,0,0.0
สุโขทัย,กรกฎาคม,L,0,0.0
สุโขทัย,สิงหาคม,S,0,0.0
สุโขทัย,สิงหาคม,M,0,0.0
สุโขทัย,สิงหาคม,L,0,0.0
สุโขทัย,กันยายน,S,0,0.0
สุโขทัย,กันยายน,M,0,0.0
สุโขทัย,กันยายน,L,0,0.0
สุโขทัย,ตุลาคม,S,0,0.0
สุโขทัย,ตุลาคม,M,0,0.0
สุโขทัย,ตุลาคม,L,0,0.0
สุโขทัย,พฤศจิกายน,S,0,0.0
สุโขทัย,พฤศจิกายน,M,0,0.0
สุโขทัย,พฤศจิกายน,L,0,0.0
สุโขทัย,ธันวาคม,S,0,0.0
สุโขทัย,ธันวาคม,M,0,0.0
สุโขทัย,ธันวาคม,L,0,0.0
อุตรดิตถ์,มกราคม,S,21,16.16
อุตรดิตถ์,มกราคม,M,0,0.0
อุตรดิตถ์,มกราคม,L,0,0.0
อุตรดิตถ์,กุมภาพันธ์,S,17,14.75
อุตรดิตถ์,กุมภาพันธ์,M,0,0.0
อุตรดิตถ์,กุมภาพันธ์,L,0,0.0
อุตรดิตถ์,มีนาคม,S,31,88.799999
อุตรดิตถ์,มีนาคม,M,0,0.0
อุตรดิตถ์,มีนาคม,L,0,0.0
อุตรดิตถ์,เมษายน,S,16,17.3
อุตรดิตถ์,เมษายน,M,0,0.0
อุตรดิตถ์,เมษายน,L,0,0.0
อุตรดิตถ์,พฤษภาคม,S,0,0.0
อุตรดิตถ์,พฤษภาคม,M,0,0.0
อุตรดิตถ์,พฤษภาคม,L,0,0.0
อุตรดิตถ์,มิถุนายน,S,0,0.0
อุตรดิตถ์,มิถุนายน,M,0,0.0
อุตรดิตถ์,มิถุนายน,L,0,0.0
อุตรดิตถ์,กรกฎาคม,S,0,0.0
อุตรดิตถ์,กรกฎาคม,M,0,0.0
อุตรดิตถ์,กรกฎาคม,L,0,0.0
อุตรดิตถ์,สิงหาคม,S,0,0.0
อุตรดิตถ์,สิงหาคม,M,0,0.0
อุตรดิตถ์,สิงหาคม,L,0,0.0
อุตรดิตถ์,กันยายน,S,0,0.0
อุตรดิตถ์,กันยายน,M,0,0.0
อุตรดิตถ์,กันยายน,L,0,0.0
อุตรดิตถ์,ตุลาคม,S,0,0.0
อุตรดิตถ์,ตุลาคม,M,0,0.0
อุตรดิตถ์,ตุลาคม,L,0,0.0
อุตรดิตถ์,พฤศจิกายน,S,0,0.0
อุตรดิตถ์,พฤศจิกายน,M,0,0.0
อุตรดิตถ์,พฤศจิกายน,L,0,0.0
อุตรดิตถ์,ธันวาคม,S,0,0.0
อุตรดิตถ์,ธันวาคม,M,0,0.0
อุตรดิตถ์,ธันวาคม,L,0,0.0
อุทัยธานี,มกราคม,S,11,10.0
อุทัยธานี,มกราคม,M,0,0.0
อุทัยธานี,มกราคม,L,0,0.0
อุทัยธานี,กุมภาพันธ์,S,9,15.0
อุทัยธานี,กุมภาพันธ์,M,0,0.0
อุทัยธานี,กุมภาพันธ์,L,0,0.0
อุทัยธานี,มีนาคม,S,9,9.71
อุทัยธานี,มีนาคม,M,0,0.0
อุทัยธานี,มีนาคม,L,0,0.0
อุทัยธานี,เมษายน,S,11,18.7
อุทัยธานี,เมษายน,M,0,0.0
อุทัยธานี,เมษายน,L,0,0.0
อุทัยธานี,พฤษภาคม,S,0,0.0
อุทัยธานี,พฤษภาคม,M,0,0.0
อุทัยธานี,พฤษภาคม,L,0,0.0
อุทัยธานี,มิถุนายน,S,0,0.0
อุทัยธานี,มิถุนายน,M,0,0.0
อุทัยธานี,มิถุนายน,L,0,0.0
อุทัยธานี,กรกฎาคม,S,0,0.0
อุทัยธานี,กรกฎาคม,M,0,0.0
อุทัยธานี,กรกฎาคม,L,0,0.0
อุทัยธานี,สิงหาคม,S,0,0.0
อุทัยธานี,สิงหาคม,M,0,0.0
อุทัยธานี,สิงหาคม,L,0,0.0
อุทัยธานี,กันยายน,S,0,0.0
อุทัยธานี,กันยายน,M,0,0.0
อุทัยธานี,กันยายน,L,0,0.0
อุทัยธานี,ตุลาคม,S,0,0.0
อุทัยธานี,ตุลาคม,M,0,0.0
อุทัยธานี,ตุลาคม,L,0,0.0
อุทัยธานี,พฤศจิกายน,S,0,0.0
อุทัยธานี,พฤศจิกายน,M,0,0.0
อุทัยธานี,พฤศจิกายน,L,0,0.0
อุทัยธานี,ธันวาคม,S,0,0.0
อุทัยธานี,ธันวาคม,M,0,0.0
อุทัยธานี,ธันวาคม,L,0,0.0
กาฬสินธุ์,มกราคม,S,24,26.55
กาฬสินธุ์,มกราคม,M,0,0.0
กาฬสินธุ์,มกราคม,L,0,0.0
กาฬสินธุ์,กุมภาพันธ์,S,25,37.08
กาฬสินธุ์,กุมภาพันธ์,M,0,0.0
กาฬสินธุ์,กุมภาพันธ์,L,0,0.0
กาฬสินธุ์,มีนาคม,S,21,28.250015
กาฬสินธุ์,มีนาคม,M,0,0.0
กาฬสินธุ์,มีนาคม,L,0,0.0
กาฬสินธุ์,เมษายน,S,21,37.6
กาฬสินธุ์,เมษายน,M,0,0.0
กาฬสินธุ์,เมษายน,L,0,0.0
กาฬสินธุ์,พฤษภาคม,S,0,0.0
กาฬสินธุ์,พฤษภาคม,M,0,0.0
กาฬสินธุ์,พฤษภาคม,L,0,0.0
กาฬสินธุ์,มิถุนายน,S,0,0.0
กาฬสินธุ์,มิถุนายน,M,0,0.0
กาฬสินธุ์,มิถุนายน,L,0,0.0
กาฬสินธุ์,กรกฎาคม,S,0,0.0
กาฬสินธุ์,กรกฎาคม,M,0,0.0
กาฬสินธุ์,กรกฎาคม,L,0,0.0
กาฬสินธุ์,สิงหาคม,S,0,0.0
กาฬสินธุ์,สิงหาคม,M,0,0.0
กาฬสินธุ์,สิงหาคม,L,0,0.0
กาฬสินธุ์,กันยายน,S,0,0.0
กาฬสินธุ์,กันยายน,M,0,0.0
กาฬสินธุ์,กันยายน,L,0,0.0
กาฬสินธุ์,ตุลาคม,S,0,0.0
กาฬสินธุ์,ตุลาคม,M,0,0.0
กาฬสินธุ์,ตุลาคม,L,0,0.0
กาฬสินธุ์,พฤศจิกายน,S,0,0.0
กาฬสินธุ์,พฤศจิกายน,M,0,0.0
กาฬสินธุ์,พฤศจิกายน,L,0,0.0
กาฬสินธุ์,ธันวาคม,S,0,0.0
กาฬสินธุ์,ธันวาคม,M,0,0.0
กาฬสินธุ์,ธันวาคม,L,0,0.0
ขอนแก่น,มกราคม,S,192,215.77
ขอนแก่น,มกราคม,M,0,0.0
ขอนแก่น,มกราคม,L,0,0.0
ขอนแก่น,กุมภาพันธ์,S,126,183.52
ขอนแก่น,กุมภาพันธ์,M,0,0.0
ขอนแก่น,กุมภาพันธ์,L,0,0.0
ขอนแก่น,มีนาคม,S,137,218.0
ขอนแก่น,มีนาคม,M,0,0.0
ขอนแก่น,มีนาคม,L,0,0.0
ขอนแก่น,เมษายน,S,123,143.479
ขอนแก่น,เมษายน,M,0,0.0
ขอนแก่น,เมษายน,L,0,0.0
ขอนแก่น,พฤษภาคม,S,0,0.0
ขอนแก่น,พฤษภาคม,M,0,0.0
ขอนแก่น,พฤษภาคม,L,0,0.0
ขอนแก่น,มิถุนายน,S,0,0.0
ขอนแก่น,มิถุนายน,M,0,0.0
ขอนแก่น,มิถุนายน,L,0,0.0
ขอนแก่น,กรกฎาคม,S,0,0.0
ขอนแก่น,กรกฎาคม,M,0,0.0
ขอนแก่น,กรกฎาคม,L,0,0.0
ขอนแก่น,สิงหาคม,S,0,0.0
ขอนแก่น,สิงหาคม,M,0,0.0
ขอนแก่น,สิงหาคม,L,0,0.0
ขอนแก่น,กันยายน,S,0,0.0
ขอนแก่น,กันยายน,M,0,0.0
ขอนแก่น,กันยายน,L,0,0.0
ขอนแก่น,ตุลาคม,S,0,0.0
ขอนแก่น,ตุลาคม,M,0,0.0
ขอนแก่น,ตุลาคม,L,0,0.0
ขอนแก่น,พฤศจิกายน,S,0,0.0
ขอนแก่น,พฤศจิกายน,M,0,0.0
ขอนแก่น,พฤศจิกายน,L,0,0.0
ขอนแก่น,ธันวาคม,S,0,0.0
ขอนแก่น,ธันวาคม,M,0,0.0
ขอนแก่น,ธันวาคม,L,0,0.0
ชัยภูมิ,มกราคม,S,34,37.65
ชัยภูมิ,มกราคม,M,0,0.0
ชัยภูมิ,มกราคม,L,0,0.0
ชัยภูมิ,กุมภาพันธ์,S,38,71.9
ชัยภูมิ,กุมภาพันธ์,M,0,0.0
ชัยภูมิ,กุมภาพันธ์,L,0,0.0
ชัยภูมิ,มีนาคม,S,39,52.377
ชัยภูมิ,มีนาคม,M,0,0.0
ชัยภูมิ,มีนาคม,L,0,0.0
ชัยภูมิ,เมษายน,S,38,55.85
ชัยภูมิ,เมษายน,M,0,0.0
ชัยภูมิ,เมษายน,L,0,0.0
ชัยภูมิ,พฤษภาคม,S,0,0.0
ชัยภูมิ,พฤษภาคม,M,0,0.0
ชัยภูมิ,พฤษภาคม,L,0,0.0
ชัยภูมิ,มิถุนายน,S,0,0.0
ชัยภูมิ,มิถุนายน,M,0,0.0
ชัยภูมิ,มิถุนายน,L,0,0.0
ชัยภูมิ,กรกฎาคม,S,0,0.0
ชัยภูมิ,กรกฎาคม,M,0,0.0
ชัยภูมิ,กรกฎาคม,L,0,0.0
ชัยภูมิ,สิงหาคม,S,0,0.0
ชัยภูมิ,สิงหาคม,M,0,0.0
ชัยภูมิ,สิงหาคม,L,0,0.0
ชัยภูมิ,กันยายน,S,0,0.0
ชัยภูมิ,กันยายน,M,0,0.0
ชัยภูมิ,กันยายน,L,0,0.0
ชัยภูมิ,ตุลาคม,S,0,0.0
ชัยภูมิ,ตุลาคม,M,0,0.0
ชัยภูมิ,ตุลาคม,L,0,0.0
ชัยภูมิ,พฤศจิกายน,S,0,0.0
ชัยภูมิ,พฤศจิกายน,M,0,0.0
ชัยภูมิ,พฤศจิกายน,L,0,0.0
ชัยภูมิ,ธันวาคม,S,0,0.0
ชัยภูมิ,ธันวาคม,M,0,0.0
ชัยภูมิ,ธันวาคม,L,0,0.0
นครพนม,มกราคม,S,29,35.2
นครพนม,มกราคม,M,0,0.0
นครพนม,มกราคม,L,0,0.0
นครพนม,กุมภาพันธ์,S,14,26.6
นครพนม,กุมภาพันธ์,M,0,0.0
นครพนม,กุมภาพันธ์,L,0,0.0
นครพนม,มีนาคม,S,18,18.412
นครพนม,มีนาคม,M,0,0.0
นครพนม,มีนาคม,L,0,0.0
นครพนม,เมษายน,S,20,27.1
นครพนม,เมษายน,M,0,0.0
นครพนม,เมษายน,L,0,0.0
นครพนม,พฤษภาคม,S,0,0.0
นครพนม,พฤษภาคม,M,0,0.0
นครพนม,พฤษภาคม,L,0,0.0
นครพนม,มิถุนายน,S,0,0.0
นครพนม,มิถุนายน,M,0,0.0
นครพนม,มิถุนายน,L,0,0.0
นครพนม,กรกฎาคม,S,0,0.0
นครพนม,กรกฎาคม,M,0,0.0
นครพนม,กรกฎาคม,L,0,0.0
นครพนม,สิงหาคม,S,0,0.0
นครพนม,สิงหาคม,M,0,0.0
นครพนม,สิงหาคม,L,0,0.0
นครพนม,กันยายน,S,0,0.0
นครพนม,กันยายน,M,0,0.0
นครพนม,กันยายน,L,0,0.0
นครพนม,ตุลาคม,S,0,0.0
นครพนม,ตุลาคม,M,0,0.0
นครพนม,ตุลาคม,L,0,0.0
นครพนม,พฤศจิกายน,S,0,0.0
นครพนม,พฤศจิกายน,M,0,0.0
นครพนม,พฤศจิกายน,L,0,0.0
นครพนม,ธันวาคม,S,0,0.0
นครพนม,ธันวาคม,M,0,0.0
นครพนม,ธันวาคม,L,0,0.0
นครราชสีมา,มกราคม,S,191,200.781
นครราชสีมา,มกราคม,M,0,0.0
นครราชสีมา,มกราคม,L,0,0.0
นครราชสีมา,กุมภาพันธ์,S,140,291.2
นครราชสีมา,กุมภาพันธ์,M,0,0.0
นครราชสีมา,กุมภาพันธ์,L,0,0.0
นครราชสีมา,มีนาคม,S,152,201.1605
นครราชสีมา,มีนาคม,M,0,0.0
นครราชสีมา,มีนาคม,L,0,0.0
นครราชสีมา,เมษายน,S,131,228.650988
นครราชสีมา,เมษายน,M,0,0.0
นครราชสีมา,เมษายน,L,0,0.0
นครราชสีมา,พฤษภาคม,S,0,0.0
นครราชสีมา,พฤษภาคม,M,0,0.0
นครราชสีมา,พฤษภาคม,L,0,0.0
นครราชสีมา,มิถุนายน,S,0,0.0
นครราชสีมา,มิถุนายน,M,0,0.0
นครราชสีมา,มิถุนายน,L,0,0.0
นครราชสีมา,กรกฎาคม,S,0,0.0
นครราชสีมา,กรกฎาคม,M,0,0.0
นครราชสีมา,กรกฎาคม,L,0,0.0
นครราชสีมา,สิงหาคม,S,0,0.0
นครราชสีมา,สิงหาคม,M,0,0.0
นครราชสีมา,สิงหาคม,L,0,0.0
นครราชสีมา,กันยายน,S,0,0.0
นครราชสีมา,กันยายน,M,0,0.0
นครราชสีมา,กันยายน,L,0,0.0
นครราชสีมา,ตุลาคม,S,0,0.0
นครราชสีมา,ตุลาคม,M,0,0.0
นครราชสีมา,ตุลาคม,L,0,0.0
นครราชสีมา,พฤศจิกายน,S,0,0.0
นครราชสีมา,พฤศจิกายน,M,0,0.0
นครราชสีมา,พฤศจิกายน,L,0,0.0
นครราชสีมา,ธันวาคม,S,0,0.0
นครราชสีมา,ธันวาคม,M,0,0.0
นครราชสีมา,ธันวาคม,L,0,0.0
บึงกาฬ,มกราคม,S,12,25.0
บึงกาฬ,มกราคม,M,0,0.0
บึงกาฬ,มกราคม,L,0,0.0
บึงกาฬ,กุมภาพันธ์,S,16,21.6
บึงกาฬ,กุมภาพันธ์,M,0,0.0
บึงกาฬ,กุมภาพันธ์,L,0,0.0
บึงกาฬ,มีนาคม,S,10,13.3
บึงกาฬ,มีนาคม,M,0,0.0
บึงกาฬ,มีนาคม,L,0,0.0
บึงกาฬ,เมษายน,S,11,14.3
บึงกาฬ,เมษายน,M,0,0.0
บึงกาฬ,เมษายน,L,0,0.0
บึงกาฬ,พฤษภาคม,S,0,0.0
บึงกาฬ,พฤษภาคม,M,0,0.0
บึงกาฬ,พฤษภาคม,L,0,0.0
บึงกาฬ,มิถุนายน,S,0,0.0
บึงกาฬ,มิถุนายน,M,0,0.0
บึงกาฬ,มิถุนายน,L,0,0.0
บึงกาฬ,กรกฎาคม,S,0,0.0
บึงกาฬ,กรกฎาคม,M,0,0.0
บึงกาฬ,กรกฎาคม,L,0,0.0
บึงกาฬ,สิงหาคม,S,0,0.0
บึงกาฬ,สิงหาคม,M,0,0.0
บึงกาฬ,สิงหาคม,L,0,0.0
บึงกาฬ,กันยายน,S,0,0.0
บึงกาฬ,กันยายน,M,0,0.0
บึงกาฬ,กันยายน,L,0,0.0
บึงกาฬ,ตุลาคม,S,0,0.0
บึงกาฬ,ตุลาคม,M,0,0.0
บึงกาฬ,ตุลาคม,L,0,0.0
บึงกาฬ,พฤศจิกายน,S,0,0.0
บึงกาฬ,พฤศจิกายน,M,0,0.0
บึงกาฬ,พฤศจิกายน,L,0,0.0
บึงกาฬ,ธันวาคม,S,0,0.0
บึงกาฬ,ธันวาคม,M,0,0.0
บึงกาฬ,ธันวาคม,L,0,0.0
บุรีรัมย์,มกราคม,S,60,82.4
บุรีรัมย์,มกราคม,M,0,0.0
บุรีรัมย์,มกราคม,L,0,0.0
บุรีรัมย์,กุมภาพันธ์,S,43,54.82
บุรีรัมย์,กุมภาพันธ์,M,0,0.0
บุรีรัมย์,กุมภาพันธ์,L,0,0.0
บุรีรัมย์,มีนาคม,S,42,59.37
บุรีรัมย์,มีนาคม,M,0,0.0
บุรีรัมย์,มีนาคม,L,0,0.0
บุรีรัมย์,เมษายน,S,43,39.85
บุรีรัมย์,เมษายน,M,0,0.0
บุรีรัมย์,เมษายน,L,0,0.0
บุรีรัมย์,พฤษภาคม,S,0,0.0
บุรีรัมย์,พฤษภาคม,M,0,0.0
บุรีรัมย์,พฤษภาคม,L,0,0.0
บุรีรัมย์,มิถุนายน,S,0,0.0
บุรีรัมย์,มิถุนายน,M,0,0.0
บุรีรัมย์,มิถุนายน,L,0,0.0
บุรีรัมย์,กรกฎาคม,S,0,0.0
บุรีรัมย์,กรกฎาคม,M,0,0.0
บุรีรัมย์,กรกฎาคม,L,0,0.0
บุรีรัมย์,สิงหาคม,S,0,0.0
บุรีรัมย์,สิงหาคม,M,0,0.0
บุรีรัมย์,สิงหาคม,L,0,0.0
บุรีรัมย์,กันยายน,S,0,0.0
บุรีรัมย์,กันยายน,M,0,0.0
บุรีรัมย์,กันยายน,L,0,0.0
บุรีรัมย์,ตุลาคม,S,0,0.0
บุรีรัมย์,ตุลาคม,M,0,0.0
บุรีรัมย์,ตุลาคม,L,0,0.0
บุรีรัมย์,พฤศจิกายน,S,0,0.0
บุรีรัมย์,พฤศจิกายน,M,0,0.0
บุรีรัมย์,พฤศจิกายน,L,0,0.0
บุรีรัมย์,ธันวาคม,S,0,0.0
บุรีรัมย์,ธันวาคม,M,0,0.0
บุรีรัมย์,ธันวาคม,L,0,0.0
มหาสารคาม,มกราคม,S,51,65.6
มหาสารคาม,มกราคม,M,0,0.0
มหาสารคาม,มกราคม,L,0,0.0
มหาสารคาม,กุมภาพันธ์,S,28,45.95
มหาสารคาม,กุมภาพันธ์,M,0,0.0
มหาสารคาม,กุมภาพันธ์,L,0,0.0
มหาสารคาม,มีนาคม,S,24,24.417
มหาสารคาม,มีนาคม,M,0,0.0
มหาสารคาม,มีนาคม,L,0,0.0
มหาสารคาม,เมษายน,S,37,54.1
มหาสารคาม,เมษายน,M,0,0.0
มหาสารคาม,เมษายน,L,0,0.0
มหาสารคาม,พฤษภาคม,S,0,0.0
มหาสารคาม,พฤษภาคม,M,0,0.0
มหาสารคาม,พฤษภาคม,L,0,0.0
มหาสารคาม,มิถุนายน,S,0,0.0
มหาสารคาม,มิถุนายน,M,0,0.0
มหาสารคาม,มิถุนายน,L,0,0.0
มหาสารคาม,กรกฎาคม,S,0,0.0
มหาสารคาม,กรกฎาคม,M,0,0.0
มหาสารคาม,กรกฎาคม,L,0,0.0
มหาสารคาม,สิงหาคม,S,0,0.0
มหาสารคาม,สิงหาคม,M,0,0.0
มหาสารคาม,สิงหาคม,L,0,0.0
มหาสารคาม,กันยายน,S,0,0.0
มหาสารคาม,กันยายน,M,0,0.0
มหาสารคาม,กันยายน,L,0,0.0
มหาสารคาม,ตุลาคม,S,0,0.0
มหาสารคาม,ตุลาคม,M,0,0.0
มหาสารคาม,ตุลาคม,L,0,0.0
มหาสารคาม,พฤศจิกายน,S,0,0.0
มหาสารคาม,พฤศจิกายน,M,0,0.0
มหาสารคาม,พฤศจิกายน,L,0,0.0
มหาสารคาม,ธันวาคม,S,0,0.0
มหาสารคาม,ธันวาคม,M,0,0.0
มหาสารคาม,ธันวาคม,L,0,0.0
มุกดาหาร,มกราคม,S,19,26.35
มุกดาหาร,มกราคม,M,0,0.0
มุกดาหาร,มกราคม,L,0,0.0
มุกดาหาร,กุมภาพันธ์,S,9,9.55
มุกดาหาร,กุมภาพันธ์,M,0,0.0
มุกดาหาร,กุมภาพันธ์,L,0,0.0
มุกดาหาร,มีนาคม,S,10,12.2
มุกดาหาร,มีนาคม,M,0,0.0
มุกดาหาร,มีนาคม,L,0,0.0
มุกดาหาร,เมษายน,S,11,19.1
มุกดาหาร,เมษายน,M,0,0.0
มุกดาหาร,เมษายน,L,0,0.0
มุกดาหาร,พฤษภาคม,S,0,0.0
มุกดาหาร,พฤษภาคม,M,0,0.0
มุกดาหาร,พฤษภาคม,L,0,0.0
มุกดาหาร,มิถุนายน,S,0,0.0
มุกดาหาร,มิถุนายน,M,0,0.0
มุกดาหาร,มิถุนายน,L,0,0.0
มุกดาหาร,กรกฎาคม,S,0,0.0
มุกดาหาร,กรกฎาคม,M,0,0.0
มุกดาหาร,กรกฎาคม,L,0,0.0
มุกดาหาร,สิงหาคม,S,0,0.0
มุกดาหาร,สิงหาคม,M,0,0.0
มุกดาหาร,สิงหาคม,L,0,0.0
มุกดาหาร,กันยายน,S,0,0.0
มุกดาหาร,กันยายน,M,0,0.0
มุกดาหาร,กันยายน,L,0,0.0
มุกดาหาร,ตุลาคม,S,0,0.0
มุกดาหาร,ตุลาคม,M,0,0.0
มุกดาหาร,ตุลาคม,L,0,0.0
มุกดาหาร,พฤศจิกายน,S,0,0.0
มุกดาหาร,พฤศจิกายน,M,0,0.0
มุกดาหาร,พฤศจิกายน,L,0,0.0
มุกดาหาร,ธันวาคม,S,0,0.0
มุกดาหาร,ธันวาคม,M,0,0.0
มุกดาหาร,ธันวาคม,L,0,0.0
ยโสธร,มกราคม,S,21,27.4
ยโสธร,มกราคม,M,0,0.0
ยโสธร,มกราคม,L,0,0.0
ยโสธร,กุมภาพันธ์,S,15,18.4
ยโสธร,กุมภาพันธ์,M,0,0.0
ยโสธร,กุมภาพันธ์,L,0,0.0
ยโสธร,มีนาคม,S,8,13.1
ยโสธร,มีนาคม,M,0,0.0
ยโสธร,มีนาคม,L,0,0.0
ยโสธร,เมษายน,S,14,17.4
ยโสธร,เมษายน,M,0,0.0
ยโสธร,เมษายน,L,0,0.0
ยโสธร,พฤษภาคม,S,0,0.0
ยโสธร,พฤษภาคม,M,0,0.0
ยโสธร,พฤษภาคม,L,0,0.0
ยโสธร,มิถุนายน,S,0,0.0
ยโสธร,มิถุนายน,M,0,0.0
ยโสธร,มิถุนายน,L,0,0.0
ยโสธร,กรกฎาคม,S,0,0.0
ยโสธร,กรกฎาคม,M,0,0.0
ยโสธร,กรกฎาคม,L,0,0.0
ยโสธร,สิงหาคม,S,0,0.0
ยโสธร,สิงหาคม,M,0,0.0
ยโสธร,สิงหาคม,L,0,0.0
ยโสธร,กันยายน,S,0,0.0
ยโสธร,กันยายน,M,0,0.0
ยโสธร,กันยายน,L,0,0.0
ยโสธร,ตุลาคม,S,0,0.0
ยโสธร,ตุลาคม,M,0,0.0
ยโสธร,ตุลาคม,L,0,0.0
ยโสธร,พฤศจิกายน,S,0,0.0
ยโสธร,พฤศจิกายน,M,0,0.0
ยโสธร,พฤศจิกายน,L,0,0.0
ยโสธร,ธันวาคม,S,0,0.0
ยโสธร,ธันวาคม,M,0,0.0
ยโสธร,ธันวาคม,L,0,0.0
ร้อยเอ็ด,มกราคม,S,45,58.503
ร้อยเอ็ด,มกราคม,M,0,0.0
ร้อยเอ็ด,มกราคม,L,0,0.0
ร้อยเอ็ด,กุมภาพันธ์,S,40,66.45
ร้อยเอ็ด,กุมภาพันธ์,M,0,0.0
ร้อยเอ็ด,กุมภาพันธ์,L,0,0.0
ร้อยเอ็ด,มีนาคม,S,39,61.41
ร้อยเอ็ด,มีนาคม,M,0,0.0
ร้อยเอ็ด,มีนาคม,L,0,0.0
ร้อยเอ็ด,เมษายน,S,30,33.45
ร้อยเอ็ด,เมษายน,M,0,0.0
ร้อยเอ็ด,เมษายน,L,0,0.0
ร้อยเอ็ด,พฤษภาคม,S,0,0.0
ร้อยเอ็ด,พฤษภาคม,M,0,0.0
ร้อยเอ็ด,พฤษภาคม,L,0,0.0
ร้อยเอ็ด,มิถุนายน,S,0,0.0
ร้อยเอ็ด,มิถุนายน,M,0,0.0
ร้อยเอ็ด,มิถุนายน,L,0,0.0
ร้อยเอ็ด,กรกฎาคม,S,0,0.0
ร้อยเอ็ด,กรกฎาคม,M,0,0.0
ร้อยเอ็ด,กรกฎาคม,L,0,0.0
ร้อยเอ็ด,สิงหาคม,S,0,0.0
ร้อยเอ็ด,สิงหาคม,M,0,0.0
ร้อยเอ็ด,สิงหาคม,L,0,0.0
ร้อยเอ็ด,กันยายน,S,0,0.0
ร้อยเอ็ด,กันยายน,M,0,0.0
ร้อยเอ็ด,กันยายน,L,0,0.0
ร้อยเอ็ด,ตุลาคม,S,0,0.0
ร้อยเอ็ด,ตุลาคม,M,0,0.0
ร้อยเอ็ด,ตุลาคม,L,0,0.0
ร้อยเอ็ด,พฤศจิกายน,S,0,0.0
ร้อยเอ็ด,พฤศจิกายน,M,0,0.0
ร้อยเอ็ด,พฤศจิกายน,L,0,0.0
ร้อยเอ็ด,ธันวาคม,S,0,0.0
ร้อยเอ็ด,ธันวาคม,M,0,0.0
ร้อยเอ็ด,ธันวาคม,L,0,0.0
เลย,มกราคม,S,15,20.2
เลย,มกราคม,M,0,0.0
เลย,มกราคม,L,0,0.0
เลย,กุมภาพันธ์,S,14,19.26789
เลย,กุมภาพันธ์,M,0,0.0
เลย,กุมภาพันธ์,L,0,0.0
เลย,มีนาคม,S,10,7.9
เลย,มีนาคม,M,0,0.0
เลย,มีนาคม,L,0,0.0
เลย,เมษายน,S,12,18.7
เลย,เมษายน,M,0,0.0
เลย,เมษายน,L,0,0.0
เลย,พฤษภาคม,S,0,0.0
เลย,พฤษภาคม,M,0,0.0
เลย,พฤษภาคม,L,0,0.0
เลย,มิถุนายน,S,0,0.0
เลย,มิถุนายน,M,0,0.0
เลย,มิถุนายน,L,0,0.0
เลย,กรกฎาคม,S,0,0.0
เลย,กรกฎาคม,M,0,0.0
เลย,กรกฎาคม,L,0,0.0
เลย,สิงหาคม,S,0,0.0
เลย,สิงหาคม,M,0,0.0
เลย,สิงหาคม,L,0,0.0
เลย,กันยายน,S,0,0.0
เลย,กันยายน,M,0,0.0
เลย,กันยายน,L,0,0.0
เลย,ตุลาคม,S,0,0.0
เลย,ตุลาคม,M,0,0.0
เลย,ตุลาคม,L,0,0.0
เลย,พฤศจิกายน,S,0,0.0
เลย,พฤศจิกายน,M,0,0.0
เลย,พฤศจิกายน,L,0,0.0
เลย,ธันวาคม,S,0,0.0
เลย,ธันวาคม,M,0,0.0
เลย,ธันวาคม,L,0,0.0
ศรีสะเกษ,มกราคม,S,35,76.3
ศรีสะเกษ,มกราคม,M,0,0.0
ศรีสะเกษ,มกราคม,L,0,0.0
ศรีสะเกษ,กุมภาพันธ์,S,22,23.55
ศรีสะเกษ,กุมภาพันธ์,M,0,0.0
ศรีสะเกษ,กุมภาพันธ์,L,0,0.0
ศรีสะเกษ,มีนาคม,S,33,41.51
ศรีสะเกษ,มีนาคม,M,0,0.0
ศรีสะเกษ,มีนาคม,L,0,0.0
ศรีสะเกษ,เมษายน,S,16,26.9
ศรีสะเกษ,เมษายน,M,0,0.0
ศรีสะเกษ,เมษายน,L,0,0.0
ศรีสะเกษ,พฤษภาคม,S,0,0.0
ศรีสะเกษ,พฤษภาคม,M,0,0.0
ศรีสะเกษ,พฤษภาคม,L,0,0.0
ศรีสะเกษ,มิถุนายน,S,0,0.0
ศรีสะเกษ,มิถุนายน,M,0,0.0
ศรีสะเกษ,มิถุนายน,L,0,0.0
ศรีสะเกษ,กรกฎาคม,S,0,0.0
ศรีสะเกษ,กรกฎาคม,M,0,0.0
ศรีสะเกษ,กรกฎาคม,L,0,0.0
ศรีสะเกษ,สิงหาคม,S,0,0.0
ศรีสะเกษ,สิงหาคม,M,0,0.0
ศรีสะเกษ,สิงหาคม,L,0,0.0
ศรีสะเกษ,กันยายน,S,0,0.0
ศรีสะเกษ,กันยายน,M,0,0.0
ศรีสะเกษ,กันยายน,L,0,0.0
ศรีสะเกษ,ตุลาคม,S,0,0.0
ศรีสะเกษ,ตุลาคม,M,0,0.0
ศรีสะเกษ,ตุลาคม,L,0,0.0
ศรีสะเกษ,พฤศจิกายน,S,0,0.0
ศรีสะเกษ,พฤศจิกายน,M,0,0.0
ศรีสะเกษ,พฤศจิกายน,L,0,0.0
ศรีสะเกษ,ธันวาคม,S,0,0.0
ศรีสะเกษ,ธันวาคม,M,0,0.0
ศรีสะเกษ,ธันวาคม,L,0,0.0
สกลนคร,มกราคม,S,29,42.5
สกลนคร,มกราคม,M,0,0.0
สกลนคร,มกราคม,L,0,0.0
สกลนคร,กุมภาพันธ์,S,21,36.35
สกลนคร,กุมภาพันธ์,M,0,0.0
สกลนคร,กุมภาพันธ์,L,0,0.0
สกลนคร,มีนาคม,S,38,48.5
สกลนคร,มีนาคม,M,0,0.0
สกลนคร,มีนาคม,L,0,0.0
สกลนคร,เมษายน,S,32,35.34
สกลนคร,เมษายน,M,0,0.0
สกลนคร,เมษายน,L,0,0.0
สกลนคร,พฤษภาคม,S,0,0.0
สกลนคร,พฤษภาคม,M,0,0.0
สกลนคร,พฤษภาคม,L,0,0.0
สกลนคร,มิถุนายน,S,0,0.0
สกลนคร,มิถุนายน,M,0,0.0
สกลนคร,มิถุนายน,L,0,0.0
สกลนคร,กรกฎาคม,S,0,0.0
สกลนคร,กรกฎาคม,M,0,0.0
สกลนคร,กรกฎาคม,L,0,0.0
สกลนคร,สิงหาคม,S,0,0.0
สกลนคร,สิงหาคม,M,0,0.0
สกลนคร,สิงหาคม,L,0,0.0
สกลนคร,กันยายน,S,0,0.0
สกลนคร,กันยายน,M,0,0.0
สกลนคร,กันยายน,L,0,0.0
สกลนคร,ตุลาคม,S,0,0.0
สกลนคร,ตุลาคม,M,0,0.0
สกลนคร,ตุลาคม,L,0,0.0
สกลนคร,พฤศจิกายน,S,0,0.0
สกลนคร,พฤศจิกายน,M,0,0.0
สกลนคร,พฤศจิกายน,L,0,0.0
สกลนคร,ธันวาคม,S,0,0.0
สกลนคร,ธันวาคม,M,0,0.0
สกลนคร,ธันวาคม,L,0,0.0
สุรินทร์,มกราคม,S,31,44.75
สุรินทร์,มกราคม,M,0,0.0
สุรินทร์,มกราคม,L,0,0.0
สุรินทร์,กุมภาพันธ์,S,27,50.8
สุรินทร์,กุมภาพันธ์,M,0,0.0
สุรินทร์,กุมภาพันธ์,L,0,0.0
สุรินทร์,มีนาคม,S,24,28.0
สุรินทร์,มีนาคม,M,0,0.0
สุรินทร์,มีนาคม,L,0,0.0
สุรินทร์,เมษายน,S,22,32.91
สุรินทร์,เมษายน,M,0,0.0
สุรินทร์,เมษายน,L,0,0.0
สุรินทร์,พฤษภาคม,S,0,0.0
สุรินทร์,พฤษภาคม,M,0,0.0
สุรินทร์,พฤษภาคม,L,0,0.0
สุรินทร์,มิถุนายน,S,0,0.0
สุรินทร์,มิถุนายน,M,0,0.0
สุรินทร์,มิถุนายน,L,0,0.0
สุรินทร์,กรกฎาคม,S,0,0.0
สุรินทร์,กรกฎาคม,M,0,0.0
สุรินทร์,กรกฎาคม,L,0,0.0
สุรินทร์,สิงหาคม,S,0,0.0
สุรินทร์,สิงหาคม,M,0,0.0
สุรินทร์,สิงหาคม,L,0,0.0
สุรินทร์,กันยายน,S,0,0.0
สุรินทร์,กันยายน,M,0,0.0
สุรินทร์,กันยายน,L,0,0.0
สุรินทร์,ตุลาคม,S,0,0.0
สุรินทร์,ตุลาคม,M,0,0.0
สุรินทร์,ตุลาคม,L,0,0.0
สุรินทร์,พฤศจิกายน,S,0,0.0
สุรินทร์,พฤศจิกายน,M,0,0.0
สุรินทร์,พฤศจิกายน,L,0,0.0
สุรินทร์,ธันวาคม,S,0,0.0
สุรินทร์,ธันวาคม,M,0,0.0
สุรินทร์,ธันวาคม,L,0,0.0
หนองคาย,มกราคม,S,26,38.7
หนองคาย,มกราคม,M,0,0.0
หนองคาย,มกราคม,L,0,0.0
หนองคาย,กุมภาพันธ์,S,21,19.05
หนองคาย,กุมภาพันธ์,M,0,0.0
หนองคาย,กุมภาพันธ์,L,0,0.0
หนองคาย,มีนาคม,S,23,22.499999
หนองคาย,มีนาคม,M,0,0.0
หนองคาย,มีนาคม,L,0,0.0
หนองคาย,เมษายน,S,25,31.905
หนองคาย,เมษายน,M,0,0.0
หนองคาย,เมษายน,L,0,0.0
หนองคาย,พฤษภาคม,S,0,0.0
หนองคาย,พฤษภาคม,M,0,0.0
หนองคาย,พฤษภาคม,L,0,0.0
หนองคาย,มิถุนายน,S,0,0.0
หนองคาย,มิถุนายน,M,0,0.0
หนองคาย,มิถุนายน,L,0,0.0
หนองคาย,กรกฎาคม,S,0,0.0
หนองคาย,กรกฎาคม,M,0,0.0
หนองคาย,กรกฎาคม,L,0,0.0
หนองคาย,สิงหาคม,S,0,0.0
หนองคาย,สิงหาคม,M,0,0.0
หนองคาย,สิงหาคม,L,0,0.0
หนองคาย,กันยายน,S,0,0.0
หนองคาย,กันยายน,M,0,0.0
หนองคาย,กันยายน,L,0,0.0
หนองคาย,ตุลาคม,S,0,0.0
หนองคาย,ตุลาคม,M,0,0.0
หนองคาย,ตุลาคม,L,0,0.0
หนองคาย,พฤศจิกายน,S,0,0.0
หนองคาย,พฤศจิกายน,M,0,0.0
หนองคาย,พฤศจิกายน,L,0,0.0
หนองคาย,ธันวาคม,S,0,0.0
หนองคาย,ธันวาคม,M,0,0.0
หนองคาย,ธันวาคม,L,0,0.0
หนองบัวลำภู,มกราคม,S,12,18.9
หนองบัวลำภู,มกราคม,M,0,0.0
หนองบัวลำภู,มกราคม,L,0,0.0
หนองบัวลำภู,กุมภาพันธ์,S,5,5.3
หนองบัวลำภู,กุมภาพันธ์,M,0,0.0
หนองบัวลำภู,กุมภาพันธ์,L,0,0.0
หนองบัวลำภู,มีนาคม,S,11,20.5
หนองบัวลำภู,มีนาคม,M,0,0.0
หนองบัวลำภู,มีนาคม,L,0,0.0
หนองบัวลำภู,เมษายน,S,9,6.306
หนองบัวลำภู,เมษายน,M,0,0.0
หนองบัวลำภู,เมษายน,L,0,0.0
หนองบัวลำภู,พฤษภาคม,S,0,0.0
หนองบัวลำภู,พฤษภาคม,M,0,0.0
หนองบัวลำภู,พฤษภาคม,L,0,0.0
หนองบัวลำภู,มิถุนายน,S,0,0.0
หนองบัวลำภู,มิถุนายน,M,0,0.0
หนองบัวลำภู,มิถุนายน,L,0,0.0
หนองบัวลำภู,กรกฎาคม,S,0,0.0
หนองบัวลำภู,กรกฎาคม,M,0,0.0
หนองบัวลำภู,กรกฎาคม,L,0,0.0
หนองบัวลำภู,สิงหาคม,S,0,0.0
หนองบัวลำภู,สิงหาคม,M,0,0.0
หนองบัวลำภู,สิงหาคม,L,0,0.0
หนองบัวลำภู,กันยายน,S,0,0.0
หนองบัวลำภู,กันยายน,M,0,0.0
หนองบัวลำภู,กันยายน,L,0,0.0
หนองบัวลำภู,ตุลาคม,S,0,0.0
หนองบัวลำภู,ตุลาคม,M,0,0.0
หนองบัวลำภู,ตุลาคม,L,0,0.0
หนองบัวลำภู,พฤศจิกายน,S,0,0.0
หนองบัวลำภู,พฤศจิกายน,M,0,0.0
หนองบัวลำภู,พฤศจิกายน,L,0,0.0
หนองบัวลำภู,ธันวาคม,S,0,0.0
หนองบัวลำภู,ธันวาคม,M,0,0.0
หนองบัวลำภู,ธันวาคม,L,0,0.0
อำนาจเจริญ,มกราคม,S,12,19.1
อำนาจเจริญ,มกราคม,M,0,0.0
อำนาจเจริญ,มกราคม,L,0,0.0
อำนาจเจริญ,กุมภาพันธ์,S,8,11.2
อำนาจเจริญ,กุมภาพันธ์,M,0,0.0
อำนาจเจริญ,กุมภาพันธ์,L,0,0.0
อำนาจเจริญ,มีนาคม,S,9,27.6
อำนาจเจริญ,มีนาคม,M,0,0.0
อำนาจเจริญ,มีนาคม,L,0,0.0
อำนาจเจริญ,เมษายน,S,9,20.0
อำนาจเจริญ,เมษายน,M,0,0.0
อำนาจเจริญ,เมษายน,L,0,0.0
อำนาจเจริญ,พฤษภาคม,S,0,0.0
อำนาจเจริญ,พฤษภาคม,M,0,0.0
อำนาจเจริญ,พฤษภาคม,L,0,0.0
อำนาจเจริญ,มิถุนายน,S,0,0.0
อำนาจเจริญ,มิถุนายน,M,0,0.0
อำนาจเจริญ,มิถุนายน,L,0,0.0
อำนาจเจริญ,กรกฎาคม,S,0,0.0
อำนาจเจริญ,กรกฎาคม,M,0,0.0
อำนาจเจริญ,กรกฎาคม,L,0,0.0
อำนาจเจริญ,สิงหาคม,S,0,0.0
อำนาจเจริญ,สิงหาคม,M,0,0.0
อำนาจเจริญ,สิงหาคม,L,0,0.0
อำนาจเจริญ,กันยายน,S,0,0.0
อำนาจเจริญ,กันยายน,M,0,0.0
อำนาจเจริญ,กันยายน,L,0,0.0
อำนาจเจริญ,ตุลาคม,S,0,0.0
อำนาจเจริญ,ตุลาคม,M,0,0.0
อำนาจเจริญ,ตุลาคม,L,0,0.0
อำนาจเจริญ,พฤศจิกายน,S,0,0.0
อำนาจเจริญ,พฤศจิกายน,M,0,0.0
อำนาจเจริญ,พฤศจิกายน,L,0,0.0
อำนาจเจริญ,ธันวาคม,S,0,0.0
อำนาจเจริญ,ธันวาคม,M,0,0.0
อำนาจเจริญ,ธันวาคม,L,0,0.0
อุดรธานี,มกราคม,S,87,143.47
อุดรธานี,มกราคม,M,0,0.0
อุดรธานี,มกราคม,L,0,0.0
อุดรธานี,กุมภาพันธ์,S,62,88.45
อุดรธานี,กุมภาพันธ์,M,0,0.0
อุดรธานี,กุมภาพันธ์,L,0,0.0
อุดรธานี,มีนาคม,S,85,104.88
อุดรธานี,มีนาคม,M,0,0.0
อุดรธานี,มีนาคม,L,0,0.0
อุดรธานี,เมษายน,S,69,109.3
อุดรธานี,เมษายน,M,0,0.0
อุดรธานี,เมษายน,L,0,0.0
อุดรธานี,พฤษภาคม,S,0,0.0
อุดรธานี,พฤษภาคม,M,0,0.0
อุดรธานี,พฤษภาคม,L,0,0.0
อุดรธานี,มิถุนายน,S,0,0.0
อุดรธานี,มิถุนายน,M,0,0.0
อุดรธานี,มิถุนายน,L,0,0.0
อุดรธานี,กรกฎาคม,S,0,0.0
อุดรธานี,กรกฎาคม,M,0,0.0
อุดรธานี,กรกฎาคม,L,0,0.0
อุดรธานี,สิงหาคม,S,0,0.0
อุดรธานี,สิงหาคม,M,0,0.0
อุดรธานี,สิงหาคม,L,0,0.0
อุดรธานี,กันยายน,S,0,0.0
อุดรธานี,กันยายน,M,0,0.0
อุดรธานี,กันยายน,L,0,0.0
อุดรธานี,ตุลาคม,S,0,0.0
อุดรธานี,ตุลาคม,M,0,0.0
อุดรธานี,ตุลาคม,L,0,0.0
อุดรธานี,พฤศจิกายน,S,0,0.0
อุดรธานี,พฤศจิกายน,M,0,0.0
อุดรธานี,พฤศจิกายน,L,0,0.0
อุดรธานี,ธันวาคม,S,0,0.0
อุดรธานี,ธันวาคม,M,0,0.0
อุดรธานี,ธันวาคม,L,0,0.0
อุบลราชธานี,มกราคม,S,70,114.2
อุบลราชธานี,มกราคม,M,0,0.0
อุบลราชธานี,มกราคม,L,0,0.0
อุบลราชธานี,กุมภาพันธ์,S,77,126.31975
อุบลราชธานี,กุมภาพันธ์,M,0,0.0
อุบลราชธานี,กุมภาพันธ์,L,0,0.0
อุบลราชธานี,มีนาคม,S,66,106.5
อุบลราชธานี,มีนาคม,M,0,0.0
อุบลราชธานี,มีนาคม,L,0,0.0
อุบลราชธานี,เมษายน,S,66,95.951
อุบลราชธานี,เมษายน,M,0,0.0
อุบลราชธานี,เมษายน,L,0,0.0
อุบลราชธานี,พฤษภาคม,S,0,0.0
อุบลราชธานี,พฤษภาคม,M,0,0.0
อุบลราชธานี,พฤษภาคม,L,0,0.0
อุบลราชธานี,มิถุนายน,S,0,0.0
อุบลราชธานี,มิถุนายน,M,0,0.0
อุบลราชธานี,มิถุนายน,L,0,0.0
อุบลราชธานี,กรกฎาคม,S,0,0.0
อุบลราชธานี,กรกฎาคม,M,0,0.0
อุบลราชธานี,กรกฎาคม,L,0,0.0
อุบลราชธานี,สิงหาคม,S,0,0.0
อุบลราชธานี,สิงหาคม,M,0,0.0
อุบลราชธานี,สิงหาคม,L,0,0.0
อุบลราชธานี,กันยายน,S,0,0.0
อุบลราชธานี,กันยายน,M,0,0.0
อุบลราชธานี,กันยายน,L,0,0.0
อุบลราชธานี,ตุลาคม,S,0,0.0
อุบลราชธานี,ตุลาคม,M,0,0.0
อุบลราชธานี,ตุลาคม,L,0,0.0
อุบลราชธานี,พฤศจิกายน,S,0,0.0
อุบลราชธานี,พฤศจิกายน,M,0,0.0
อุบลราชธานี,พฤศจิกายน,L,0,0.0
อุบลราชธานี,ธันวาคม,S,0,0.0
อุบลราชธานี,ธันวาคม,M,0,0.0
อุบลราชธานี,ธันวาคม,L,0,0.0
รวม,มกราคม,S,8404,13811.154936
รวม,มกราคม,M,10,1133.45
รวม,มกราคม,L,3,9430.0
รวม,กุมภาพันธ์,S,7211,12830.686125000004
รวม,กุมภาพันธ์,M,7,870.2902
รวม,กุมภาพันธ์,L,1,1000.0
รวม,มีนาคม,S,7578,17551.114371
รวม,มีนาคม,M,9,1148.652
รวม,มีนาคม,L,1,800.0
รวม,เมษายน,S,6436,11655.025386
รวม,เมษายน,M,15,2244.85
รวม,เมษายน,L,3,8865.0316
รวม,พฤษภาคม,S,0,0.0
รวม,พฤษภาคม,M,0,0.0
รวม,พฤษภาคม,L,0,0.0
รวม,มิถุนายน,S,0,0.0
รวม,มิถุนายน,M,0,0.0
รวม,มิถุนายน,L,0,0.0
รวม,กรกฎาคม,S,0,0.0
รวม,กรกฎาคม,M,0,0.0
รวม,กรกฎาคม,L,0,0.0
รวม,สิงหาคม,S,0,0.0
รวม,สิงหาคม,M,0,0.0
รวม,สิงหาคม,L,0,0.0
รวม,กันยายน,S,0,0.0
รวม,กันยายน,M,0,0.0
รวม,กันยายน,L,0,0.0
รวม,ตุลาคม,S,0,0.0
รวม,ตุลาคม,M,0,0.0
รวม,ตุลาคม,L,0,0.0
รวม,พฤศจิกายน,S,0,0.0
รวม,พฤศจิกายน,M,0,0.0
รวม,พฤศจิกายน,L,0,0.0
รวม,ธันวาคม,S,0,0.0
รวม,ธันวาคม,M,0,0.0
รวม,ธันวาคม,L,0,0.0
