province,month,objective,p_esta,m_esta
กรุงเทพมหานคร,มกราคม,ขายส่ง/ขายปลีก,970,2455.42001
กรุงเทพมหานคร,มกราคม,ผลิต,233,2978.44
กรุงเทพมหานคร,มกราคม,บริการ,1508,4677.552
กรุงเทพมหานคร,กุมภาพันธ์,ขายส่ง/ขายปลีก,760,1690.57
กรุงเทพมหานคร,กุมภาพันธ์,ผลิต,190,713.607
กรุงเทพมหานคร,กุมภาพันธ์,บริการ,1234,3376.534488
กรุงเทพมหานคร,มีนาคม,ขายส่ง/ขายปลีก,807,2006.069
กรุงเทพมหานคร,มีนาคม,ผลิต,221,13426.03037
กรุงเทพมหานคร,มีนาคม,บริการ,1211,6696.82657
กรุงเทพมหานคร,เมษายน,ขายส่ง/ขายปลีก,716,1545.246
กรุงเทพมหานคร,เมษายน,ผลิต,138,1081.281
กรุงเทพมหานคร,เมษายน,บริการ,1047,18041.603993
กรุงเทพมหานคร,พฤษภาคม,ขายส่ง/ขายปลีก,732,1954.235383
กรุงเทพมหานคร,พฤษภาคม,ผลิต,141,419.39
กรุงเทพมหานคร,พฤษภาคม,บริการ,1147,4660.801265
กรุงเทพมหานคร,มิถุนายน,ขายส่ง/ขายปลีก,800,1677.99511
กรุงเทพมหานคร,มิถุนายน,ผลิต,174,689.7345
กรุงเทพมหานคร,มิถุนายน,บริการ,1153,4982.00301
กรุงเทพมหานคร,กรกฎาคม,ขายส่ง/ขายปลีก,886,2347.11088
กรุงเทพมหานคร,กรกฎาคม,ผลิต,193,689.62
กรุงเทพมหานคร,กรกฎาคม,บริการ,1311,4869.34592
กรุงเทพมหานคร,สิงหาคม,ขายส่ง/ขายปลีก,1036,2243.217863
กรุงเทพมหานคร,สิงหาคม,ผลิต,178,462.59
กรุงเทพมหานคร,สิงหาคม,บริการ,1253,9688.5608
กรุงเทพมหานคร,กันยายน,ขายส่ง/ขายปลีก,938,2430.663075
กรุงเทพมหานคร,กันยายน,ผลิต,178,576.35
กรุงเทพมหานคร,กันยายน,บริการ,1316,5271.185705
กรุงเทพมหานคร,ตุลาคม,ขายส่ง/ขายปลีก,871,6771.6425
กรุงเทพมหานคร,ตุลาคม,ผลิต,166,1091.8003
กรุงเทพมหานคร,ตุลาคม,บริการ,1103,2982.564995
กรุงเทพมหานคร,พฤศจิกายน,ขายส่ง/ขายปลีก,577,1406.288
กรุงเทพมหานคร,พฤศจิกายน,ผลิต,123,968.04006
กรุงเทพมหานคร,พฤศจิกายน,บริการ,922,3579.208814
กรุงเทพมหานคร,ธันวาคม,ขายส่ง/ขายปลีก,561,1818.467069
กรุงเทพมหานคร,ธันวาคม,ผลิต,125,716.1
กรุงเทพมหานคร,ธันวาคม,บริการ,812,3457.72442
ชัยนาท,มกราคม,ขายส่ง/ขายปลีก,4,11.1
ชัยนาท,มกราคม,ผลิต,0,0.0
ชัยนาท,มกราคม,บริการ,3,4.5
ชัยนาท,กุมภาพันธ์,ขายส่ง/ขายปลีก,5,7.6
ชัยนาท,กุมภาพันธ์,ผลิต,2,2.5
ชัยนาท,กุมภาพันธ์,บริการ,7,11.0
ชัยนาท,มีนาคม,ขายส่ง/ขายปลีก,5,9.0
ชัยนาท,มีนาคม,ผลิต,1,1.0
ชัยนาท,มีนาคม,บริการ,6,6.95
ชัยนาท,เมษายน,ขายส่ง/ขายปลีก,2,3.0
ชัยนาท,เมษายน,ผลิต,2,5.05
ชัยนาท,เมษายน,บริการ,5,2.82
ชัยนาท,พฤษภาคม,ขายส่ง/ขายปลีก,7,7.22
ชัยนาท,พฤษภาคม,ผลิต,2,1.4
ชัยนาท,พฤษภาคม,บริการ,8,6.8
ชัยนาท,มิถุนายน,ขายส่ง/ขายปลีก,5,3.7
ชัยนาท,มิถุนายน,ผลิต,1,2.0
ชัยนาท,มิถุนายน,บริการ,5,8.1
ชัยนาท,กรกฎาคม,ขายส่ง/ขายปลีก,11,21.15
ชัยนาท,กรกฎาคม,ผลิต,2,2.0
ชัยนาท,กรกฎาคม,บริการ,8,9.45
ชัยนาท,สิงหาคม,ขายส่ง/ขายปลีก,5,9.5
ชัยนาท,สิงหาคม,ผลิต,1,1.0
ชัยนาท,สิงหาคม,บริการ,6,5.5
ชัยนาท,กันยายน,ขายส่ง/ขายปลีก,8,12.5
ชัยนาท,กันยายน,ผลิต,2,6.0
ชัยนาท,กันยายน,บริการ,10,18.5
ชัยนาท,ตุลาคม,ขายส่ง/ขายปลีก,2,1.3
ชัยนาท,ตุลาคม,ผลิต,2,5.0
ชัยนาท,ตุลาคม,บริการ,6,5.5
ชัยนาท,พฤศจิกายน,ขายส่ง/ขายปลีก,5,3.8
ชัยนาท,พฤศจิกายน,ผลิต,2,2.0
ชัยนาท,พฤศจิกายน,บริการ,3,4.0
ชัยนาท,ธันวาคม,ขายส่ง/ขายปลีก,1,1.0
ชัยนาท,ธันวาคม,ผลิต,0,0.0
ชัยนาท,ธันวาคม,บริการ,0,0.0
นครปฐม,มกราคม,ขายส่ง/ขายปลีก,53,69.15
นครปฐม,มกราคม,ผลิต,23,55.35
นครปฐม,มกราคม,บริการ,80,215.23
นครปฐม,กุมภาพันธ์,ขายส่ง/ขายปลีก,48,77.35
นครปฐม,กุมภาพันธ์,ผลิต,12,16.2
นครปฐม,กุมภาพันธ์,บริการ,58,81.0
นครปฐม,มีนาคม,ขายส่ง/ขายปลีก,47,77.62
นครปฐม,มีนาคม,ผลิต,16,27.7
นครปฐม,มีนาคม,บริการ,54,83.4605
นครปฐม,เมษายน,ขายส่ง/ขายปลีก,43,53.1
นครปฐม,เมษายน,ผลิต,8,9.85
นครปฐม,เมษายน,บริการ,36,42.056
นครปฐม,พฤษภาคม,ขายส่ง/ขายปลีก,33,65.5
นครปฐม,พฤษภาคม,ผลิต,17,35.55
นครปฐม,พฤษภาคม,บริการ,41,57.026498
นครปฐม,มิถุนายน,ขายส่ง/ขายปลีก,46,56.9
นครปฐม,มิถุนายน,ผลิต,10,9.8
นครปฐม,มิถุนายน,บริการ,44,62.851
นครปฐม,กรกฎาคม,ขายส่ง/ขายปลีก,48,68.7
นครปฐม,กรกฎาคม,ผลิต,13,18.2
นครปฐม,กรกฎาคม,บริการ,38,51.61
นครปฐม,สิงหาคม,ขายส่ง/ขายปลีก,62,107.13
นครปฐม,สิงหาคม,ผลิต,12,19.5
นครปฐม,สิงหาคม,บริการ,33,33.47
นครปฐม,กันยายน,ขายส่ง/ขายปลีก,71,107.71
นครปฐม,กันยายน,ผลิต,7,17.5
นครปฐม,กันยายน,บริการ,51,148.241
นครปฐม,ตุลาคม,ขายส่ง/ขายปลีก,55,69.01
นครปฐม,ตุลาคม,ผลิต,15,33.5
นครปฐม,ตุลาคม,บริการ,50,57.505
นครปฐม,พฤศจิกายน,ขายส่ง/ขายปลีก,41,50.25
นครปฐม,พฤศจิกายน,ผลิต,7,11.5
นครปฐม,พฤศจิกายน,บริการ,38,263.1
นครปฐม,ธันวาคม,ขายส่ง/ขายปลีก,22,37.9
นครปฐม,ธันวาคม,ผลิต,7,9.9
นครปฐม,ธันวาคม,บริการ,84,52.805
นนทบุรี,มกราคม,ขายส่ง/ขายปลีก,162,221.86
นนทบุรี,มกราคม,ผลิต,44,54.8
นนทบุรี,มกราคม,บริการ,245,520.38
นนทบุรี,กุมภาพันธ์,ขายส่ง/ขายปลีก,151,221.2377
นนทบุรี,กุมภาพันธ์,ผลิต,44,59.645
นนทบุรี,กุมภาพันธ์,บริการ,223,302.02
นนทบุรี,มีนาคม,ขายส่ง/ขายปลีก,140,223.15
นนทบุรี,มีนาคม,ผลิต,36,248.45
นนทบุรี,มีนาคม,บริการ,211,348.95
นนทบุรี,เมษายน,ขายส่ง/ขายปลีก,123,154.12
นนทบุรี,เมษายน,ผลิต,22,35.8
นนทบุรี,เมษายน,บริการ,188,284.385
นนทบุรี,พฤษภาคม,ขายส่ง/ขายปลีก,130,193.15
นนทบุรี,พฤษภาคม,ผลิต,28,184.575
นนทบุรี,พฤษภาคม,บริการ,195,270.1201
นนทบุรี,มิถุนายน,ขายส่ง/ขายปลีก,126,193.97
นนทบุรี,มิถุนายน,ผลิต,35,367.1
นนทบุรี,มิถุนายน,บริการ,205,360.448
นนทบุรี,กรกฎาคม,ขายส่ง/ขายปลีก,167,253.205
นนทบุรี,กรกฎาคม,ผลิต,24,45.5
นนทบุรี,กรกฎาคม,บริการ,230,452.164
นนทบุรี,สิงหาคม,ขายส่ง/ขายปลีก,158,256.17
นนทบุรี,สิงหาคม,ผลิต,30,44.105
นนทบุรี,สิงหาคม,บริการ,246,346.93
นนทบุรี,กันยายน,ขายส่ง/ขายปลีก,194,272.36
นนทบุรี,กันยายน,ผลิต,39,60.95
นนทบุรี,กันยายน,บริการ,213,300.045005
นนทบุรี,ตุลาคม,ขายส่ง/ขายปลีก,164,353.565
นนทบุรี,ตุลาคม,ผลิต,28,43.2
นนทบุรี,ตุลาคม,บริการ,216,327.025
นนทบุรี,พฤศจิกายน,ขายส่ง/ขายปลีก,102,169.53
นนทบุรี,พฤศจิกายน,ผลิต,16,22.6
นนทบุรี,พฤศจิกายน,บริการ,142,163.63
นนทบุรี,ธันวาคม,ขายส่ง/ขายปลีก,80,91.5201
นนทบุรี,ธันวาคม,ผลิต,13,49.25
นนทบุรี,ธันวาคม,บริการ,95,122.479999
ปทุมธานี,มกราคม,ขายส่ง/ขายปลีก,144,707.43
ปทุมธานี,มกราคม,ผลิต,51,96.61
ปทุมธานี,มกราคม,บริการ,197,279.201
ปทุมธานี,กุมภาพันธ์,ขายส่ง/ขายปลีก,130,185.505
ปทุมธานี,กุมภาพันธ์,ผลิต,40,70.4
ปทุมธานี,กุมภาพันธ์,บริการ,204,364.463
ปทุมธานี,มีนาคม,ขายส่ง/ขายปลีก,136,215.82
ปทุมธานี,มีนาคม,ผลิต,37,54.3
ปทุมธานี,มีนาคม,บริการ,177,222.984
ปทุมธานี,เมษายน,ขายส่ง/ขายปลีก,122,184.155
ปทุมธานี,เมษายน,ผลิต,29,59.5
ปทุมธานี,เมษายน,บริการ,155,216.595
ปทุมธานี,พฤษภาคม,ขายส่ง/ขายปลีก,138,213.482
ปทุมธานี,พฤษภาคม,ผลิต,27,44.5
ปทุมธานี,พฤษภาคม,บริการ,161,282.31
ปทุมธานี,มิถุนายน,ขายส่ง/ขายปลีก,115,170.13
ปทุมธานี,มิถุนายน,ผลิต,40,136.7
ปทุมธานี,มิถุนายน,บริการ,141,186.33
ปทุมธานี,กรกฎาคม,ขายส่ง/ขายปลีก,158,201.38
ปทุมธานี,กรกฎาคม,ผลิต,35,69.3
ปทุมธานี,กรกฎาคม,บริการ,172,1548.164
ปทุมธานี,สิงหาคม,ขายส่ง/ขายปลีก,130,186.91
ปทุมธานี,สิงหาคม,ผลิต,39,75.87
ปทุมธานี,สิงหาคม,บริการ,186,400.8199
ปทุมธานี,กันยายน,ขายส่ง/ขายปลีก,156,232.58
ปทุมธานี,กันยายน,ผลิต,38,69.0
ปทุมธานี,กันยายน,บริการ,201,307.395
ปทุมธานี,ตุลาคม,ขายส่ง/ขายปลีก,132,187.981
ปทุมธานี,ตุลาคม,ผลิต,29,59.0
ปทุมธานี,ตุลาคม,บริการ,171,265.41
ปทุมธานี,พฤศจิกายน,ขายส่ง/ขายปลีก,111,172.48
ปทุมธานี,พฤศจิกายน,ผลิต,27,100.0
ปทุมธานี,พฤศจิกายน,บริการ,122,191.761
ปทุมธานี,ธันวาคม,ขายส่ง/ขายปลีก,81,142.311
ปทุมธานี,ธันวาคม,ผลิต,14,23.6
ปทุมธานี,ธันวาคม,บริการ,94,259.11
พระนครศรีอยุธยา,มกราคม,ขายส่ง/ขายปลีก,45,61.11
พระนครศรีอยุธยา,มกราคม,ผลิต,12,119.1
พระนครศรีอยุธยา,มกราคม,บริการ,45,54.7
พระนครศรีอยุธยา,กุมภาพันธ์,ขายส่ง/ขายปลีก,31,45.21
พระนครศรีอยุธยา,กุมภาพันธ์,ผลิต,13,31.0
พระนครศรีอยุธยา,กุมภาพันธ์,บริการ,50,68.4
พระนครศรีอยุธยา,มีนาคม,ขายส่ง/ขายปลีก,26,43.6
พระนครศรีอยุธยา,มีนาคม,ผลิต,16,254.5
พระนครศรีอยุธยา,มีนาคม,บริการ,37,72.7
พระนครศรีอยุธยา,เมษายน,ขายส่ง/ขายปลีก,21,22.6
พระนครศรีอยุธยา,เมษายน,ผลิต,16,34.0
พระนครศรีอยุธยา,เมษายน,บริการ,43,73.76
พระนครศรีอยุธยา,พฤษภาคม,ขายส่ง/ขายปลีก,24,35.5
พระนครศรีอยุธยา,พฤษภาคม,ผลิต,13,36.75
พระนครศรีอยุธยา,พฤษภาคม,บริการ,35,42.55
พระนครศรีอยุธยา,มิถุนายน,ขายส่ง/ขายปลีก,28,48.1
พระนครศรีอยุธยา,มิถุนายน,ผลิต,8,43.5
พระนครศรีอยุธยา,มิถุนายน,บริการ,39,55.6
พระนครศรีอยุธยา,กรกฎาคม,ขายส่ง/ขายปลีก,22,45.2
พระนครศรีอยุธยา,กรกฎาคม,ผลิต,15,51.8
พระนครศรีอยุธยา,กรกฎาคม,บริการ,33,52.05
พระนครศรีอยุธยา,สิงหาคม,ขายส่ง/ขายปลีก,35,57.74
พระนครศรีอยุธยา,สิงหาคม,ผลิต,6,13.0
พระนครศรีอยุธยา,สิงหาคม,บริการ,33,40.21
พระนครศรีอยุธยา,กันยายน,ขายส่ง/ขายปลีก,36,38.05
พระนครศรีอยุธยา,กันยายน,ผลิต,3,2.5
พระนครศรีอยุธยา,กันยายน,บริการ,50,83.5
พระนครศรีอยุธยา,ตุลาคม,ขายส่ง/ขายปลีก,31,37.23
พระนครศรีอยุธยา,ตุลาคม,ผลิต,9,12.4
พระนครศรีอยุธยา,ตุลาคม,บริการ,47,69.9
พระนครศรีอยุธยา,พฤศจิกายน,ขายส่ง/ขายปลีก,19,27.75
พระนครศรีอยุธยา,พฤศจิกายน,ผลิต,10,72.0
พระนครศรีอยุธยา,พฤศจิกายน,บริการ,30,32.93
พระนครศรีอยุธยา,ธันวาคม,ขายส่ง/ขายปลีก,19,26.0
พระนครศรีอยุธยา,ธันวาคม,ผลิต,7,15.0
พระนครศรีอยุธยา,ธันวาคม,บริการ,89,36.3
ลพบุรี,มกราคม,ขายส่ง/ขายปลีก,10,14.2
ลพบุรี,มกราคม,ผลิต,9,28.0
ลพบุรี,มกราคม,บริการ,12,20.6
ลพบุรี,กุมภาพันธ์,ขายส่ง/ขายปลีก,19,32.35
ลพบุรี,กุมภาพันธ์,ผลิต,6,9.5
ลพบุรี,กุมภาพันธ์,บริการ,13,18.27
ลพบุรี,มีนาคม,ขายส่ง/ขายปลีก,11,23.0
ลพบุรี,มีนาคม,ผลิต,3,3.0
ลพบุรี,มีนาคม,บริการ,10,17.0
ลพบุรี,เมษายน,ขายส่ง/ขายปลีก,10,16.0
ลพบุรี,เมษายน,ผลิต,3,3.0
ลพบุรี,เมษายน,บริการ,10,22.21
ลพบุรี,พฤษภาคม,ขายส่ง/ขายปลีก,7,11.0
ลพบุรี,พฤษภาคม,ผลิต,3,3.0
ลพบุรี,พฤษภาคม,บริการ,17,33.65
ลพบุรี,มิถุนายน,ขายส่ง/ขายปลีก,11,18.1
ลพบุรี,มิถุนายน,ผลิต,2,169.0
ลพบุรี,มิถุนายน,บริการ,14,20.1
ลพบุรี,กรกฎาคม,ขายส่ง/ขายปลีก,9,17.1
ลพบุรี,กรกฎาคม,ผลิต,3,2.6
ลพบุรี,กรกฎาคม,บริการ,9,12.25
ลพบุรี,สิงหาคม,ขายส่ง/ขายปลีก,13,9.55
ลพบุรี,สิงหาคม,ผลิต,1,2.0
ลพบุรี,สิงหาคม,บริการ,12,23.1
ลพบุรี,กันยายน,ขายส่ง/ขายปลีก,10,16.3
ลพบุรี,กันยายน,ผลิต,2,2.0
ลพบุรี,กันยายน,บริการ,12,11.2
ลพบุรี,ตุลาคม,ขายส่ง/ขายปลีก,17,19.25
ลพบุรี,ตุลาคม,ผลิต,1,0.5
ลพบุรี,ตุลาคม,บริการ,15,17.05
ลพบุรี,พฤศจิกายน,ขายส่ง/ขายปลีก,4,6.004
ลพบุรี,พฤศจิกายน,ผลิต,6,10.0
ลพบุรี,พฤศจิกายน,บริการ,6,10.64
ลพบุรี,ธันวาคม,ขายส่ง/ขายปลีก,1,5.0
ลพบุรี,ธันวาคม,ผลิต,0,0.0
ลพบุรี,ธันวาคม,บริการ,9,10.372
สมุทรปราการ,มกราคม,ขายส่ง/ขายปลีก,186,300.2
สมุทรปราการ,มกราคม,ผลิต,58,592.7
สมุทรปราการ,มกราคม,บริการ,220,351.55
สมุทรปราการ,กุมภาพันธ์,ขายส่ง/ขายปลีก,153,228.311
สมุทรปราการ,กุมภาพันธ์,ผลิต,43,105.5
สมุทรปราการ,กุมภาพันธ์,บริการ,187,282.81
สมุทรปราการ,มีนาคม,ขายส่ง/ขายปลีก,151,269.07
สมุทรปราการ,มีนาคม,ผลิต,54,3329.0515
สมุทรปราการ,มีนาคม,บริการ,175,691.338888
สมุทรปราการ,เมษายน,ขายส่ง/ขายปลีก,133,244.727599
สมุทรปราการ,เมษายน,ผลิต,47,270.8
สมุทรปราการ,เมษายน,บริการ,148,226.4817
สมุทรปราการ,พฤษภาคม,ขายส่ง/ขายปลีก,130,274.91
สมุทรปราการ,พฤษภาคม,ผลิต,47,388.25
สมุทรปราการ,พฤษภาคม,บริการ,171,276.86
สมุทรปราการ,มิถุนายน,ขายส่ง/ขายปลีก,149,213.101
สมุทรปราการ,มิถุนายน,ผลิต,48,731.39
สมุทรปราการ,มิถุนายน,บริการ,185,395.2248
สมุทรปราการ,กรกฎาคม,ขายส่ง/ขายปลีก,134,315.01
สมุทรปราการ,กรกฎาคม,ผลิต,43,169.775
สมุทรปราการ,กรกฎาคม,บริการ,193,377.2829
สมุทรปราการ,สิงหาคม,ขายส่ง/ขายปลีก,161,255.750856
สมุทรปราการ,สิงหาคม,ผลิต,48,177.01
สมุทรปราการ,สิงหาคม,บริการ,185,346.191
สมุทรปราการ,กันยายน,ขายส่ง/ขายปลีก,161,229.619999
สมุทรปราการ,กันยายน,ผลิต,46,1152.8658
สมุทรปราการ,กันยายน,บริการ,220,353.61
สมุทรปราการ,ตุลาคม,ขายส่ง/ขายปลีก,133,283.085
สมุทรปราการ,ตุลาคม,ผลิต,40,82.055
สมุทรปราการ,ตุลาคม,บริการ,173,261.133329
สมุทรปราการ,พฤศจิกายน,ขายส่ง/ขายปลีก,105,155.8
สมุทรปราการ,พฤศจิกายน,ผลิต,25,54.48
สมุทรปราการ,พฤศจิกายน,บริการ,140,216.31
สมุทรปราการ,ธันวาคม,ขายส่ง/ขายปลีก,77,118.3
สมุทรปราการ,ธันวาคม,ผลิต,23,66.8
สมุทรปราการ,ธันวาคม,บริการ,98,309.56
สมุทรสาคร,มกราคม,ขายส่ง/ขายปลีก,68,106.1
สมุทรสาคร,มกราคม,ผลิต,29,92.0
สมุทรสาคร,มกราคม,บริการ,58,122.35
สมุทรสาคร,กุมภาพันธ์,ขายส่ง/ขายปลีก,66,101.103
สมุทรสาคร,กุมภาพันธ์,ผลิต,25,57.0
สมุทรสาคร,กุมภาพันธ์,บริการ,39,82.2
สมุทรสาคร,มีนาคม,ขายส่ง/ขายปลีก,57,76.1
สมุทรสาคร,มีนาคม,ผลิต,32,74.3
สมุทรสาคร,มีนาคม,บริการ,53,83.01
สมุทรสาคร,เมษายน,ขายส่ง/ขายปลีก,46,80.32
สมุทรสาคร,เมษายน,ผลิต,22,59.3
สมุทรสาคร,เมษายน,บริการ,40,50.565
สมุทรสาคร,พฤษภาคม,ขายส่ง/ขายปลีก,42,72.0
สมุทรสาคร,พฤษภาคม,ผลิต,23,66.6
สมุทรสาคร,พฤษภาคม,บริการ,40,60.4
สมุทรสาคร,มิถุนายน,ขายส่ง/ขายปลีก,61,207.25
สมุทรสาคร,มิถุนายน,ผลิต,31,94.8
สมุทรสาคร,มิถุนายน,บริการ,55,79.85
สมุทรสาคร,กรกฎาคม,ขายส่ง/ขายปลีก,60,76.0
สมุทรสาคร,กรกฎาคม,ผลิต,22,59.3
สมุทรสาคร,กรกฎาคม,บริการ,36,72.0
สมุทรสาคร,สิงหาคม,ขายส่ง/ขายปลีก,50,89.99
สมุทรสาคร,สิงหาคม,ผลิต,22,84.2
สมุทรสาคร,สิงหาคม,บริการ,53,86.06
สมุทรสาคร,กันยายน,ขายส่ง/ขายปลีก,71,113.4
สมุทรสาคร,กันยายน,ผลิต,15,68.0
สมุทรสาคร,กันยายน,บริการ,60,304.316
สมุทรสาคร,ตุลาคม,ขายส่ง/ขายปลีก,64,94.25
สมุทรสาคร,ตุลาคม,ผลิต,17,170.0
สมุทรสาคร,ตุลาคม,บริการ,46,73.0
สมุทรสาคร,พฤศจิกายน,ขายส่ง/ขายปลีก,40,78.81
สมุทรสาคร,พฤศจิกายน,ผลิต,13,22.0
สมุทรสาคร,พฤศจิกายน,บริการ,39,120.1417
สมุทรสาคร,ธันวาคม,ขายส่ง/ขายปลีก,32,50.1
สมุทรสาคร,ธันวาคม,ผลิต,13,31.4
สมุทรสาคร,ธันวาคม,บริการ,24,25.1
สระบุรี,มกราคม,ขายส่ง/ขายปลีก,21,33.3
สระบุรี,มกราคม,ผลิต,9,17.5
สระบุรี,มกราคม,บริการ,29,56.5
สระบุรี,กุมภาพันธ์,ขายส่ง/ขายปลีก,20,30.8
สระบุรี,กุมภาพันธ์,ผลิต,6,15.8
สระบุรี,กุมภาพันธ์,บริการ,29,36.05
สระบุรี,มีนาคม,ขายส่ง/ขายปลีก,13,12.701
สระบุรี,มีนาคม,ผลิต,6,10.0
สระบุรี,มีนาคม,บริการ,29,32.95
สระบุรี,เมษายน,ขายส่ง/ขายปลีก,10,20.45
สระบุรี,เมษายน,ผลิต,7,9.0
สระบุรี,เมษายน,บริการ,24,30.25
สระบุรี,พฤษภาคม,ขายส่ง/ขายปลีก,14,19.3
สระบุรี,พฤษภาคม,ผลิต,2,1.25
สระบุรี,พฤษภาคม,บริการ,23,61.25
สระบุรี,มิถุนายน,ขายส่ง/ขายปลีก,18,21.0
สระบุรี,มิถุนายน,ผลิต,6,15.0
สระบุรี,มิถุนายน,บริการ,24,30.45
สระบุรี,กรกฎาคม,ขายส่ง/ขายปลีก,27,46.6
สระบุรี,กรกฎาคม,ผลิต,8,10.7
สระบุรี,กรกฎาคม,บริการ,24,35.45
สระบุรี,สิงหาคม,ขายส่ง/ขายปลีก,18,37.8
สระบุรี,สิงหาคม,ผลิต,4,4.0
สระบุรี,สิงหาคม,บริการ,25,48.25
สระบุรี,กันยายน,ขายส่ง/ขายปลีก,27,57.0
สระบุรี,กันยายน,ผลิต,4,14.0
สระบุรี,กันยายน,บริการ,31,44.605
สระบุรี,ตุลาคม,ขายส่ง/ขายปลีก,17,75.5
สระบุรี,ตุลาคม,ผลิต,4,4.5
สระบุรี,ตุลาคม,บริการ,27,52.8
สระบุรี,พฤศจิกายน,ขายส่ง/ขายปลีก,18,35.6
สระบุรี,พฤศจิกายน,ผลิต,6,12.0
สระบุรี,พฤศจิกายน,บริการ,25,48.03
สระบุรี,ธันวาคม,ขายส่ง/ขายปลีก,11,18.6
สระบุรี,ธันวาคม,ผลิต,3,10.0
สระบุรี,ธันวาคม,บริการ,16,29.8
สิงห์บุรี,มกราคม,ขายส่ง/ขายปลีก,5,4.2
สิงห์บุรี,มกราคม,ผลิต,1,1.0
สิงห์บุรี,มกราคม,บริการ,6,5.5
สิงห์บุรี,กุมภาพันธ์,ขายส่ง/ขายปลีก,0,0.0
สิงห์บุรี,กุมภาพันธ์,ผลิต,0,0.0
สิงห์บุรี,กุมภาพันธ์,บริการ,2,1.5
สิงห์บุรี,มีนาคม,ขายส่ง/ขายปลีก,4,3.1
สิงห์บุรี,มีนาคม,ผลิต,1,5.0
สิงห์บุรี,มีนาคม,บริการ,5,11.0
สิงห์บุรี,เมษายน,ขายส่ง/ขายปลีก,1,0.1
สิงห์บุรี,เมษายน,ผลิต,0,0.0
สิงห์บุรี,เมษายน,บริการ,2,5.0
สิงห์บุรี,พฤษภาคม,ขายส่ง/ขายปลีก,2,6.0
สิงห์บุรี,พฤษภาคม,ผลิต,0,0.0
สิงห์บุรี,พฤษภาคม,บริการ,1,1.0
สิงห์บุรี,มิถุนายน,ขายส่ง/ขายปลีก,4,3.5
สิงห์บุรี,มิถุนายน,ผลิต,1,0.5
สิงห์บุรี,มิถุนายน,บริการ,4,3.45
สิงห์บุรี,กรกฎาคม,ขายส่ง/ขายปลีก,6,26.0
สิงห์บุรี,กรกฎาคม,ผลิต,3,7.0
สิงห์บุรี,กรกฎาคม,บริการ,7,12.5
สิงห์บุรี,สิงหาคม,ขายส่ง/ขายปลีก,2,1.2
สิงห์บุรี,สิงหาคม,ผลิต,0,0.0
สิงห์บุรี,สิงหาคม,บริการ,2,1.01
สิงห์บุรี,กันยายน,ขายส่ง/ขายปลีก,6,9.0
สิงห์บุรี,กันยายน,ผลิต,1,1.0
สิงห์บุรี,กันยายน,บริการ,6,5.1
สิงห์บุรี,ตุลาคม,ขายส่ง/ขายปลีก,3,6.3
สิงห์บุรี,ตุลาคม,ผลิต,0,0.0
สิงห์บุรี,ตุลาคม,บริการ,3,3.0
สิงห์บุรี,พฤศจิกายน,ขายส่ง/ขายปลีก,2,3.0
สิงห์บุรี,พฤศจิกายน,ผลิต,0,0.0
สิงห์บุรี,พฤศจิกายน,บริการ,1,1.0
สิงห์บุรี,ธันวาคม,ขายส่ง/ขายปลีก,2,2.0
สิงห์บุรี,ธันวาคม,ผลิต,0,0.0
สิงห์บุรี,ธันวาคม,บริการ,2,0.65
อ่างทอง,มกราคม,ขายส่ง/ขายปลีก,6,4.6
อ่างทอง,มกราคม,ผลิต,2,1.5
อ่างทอง,มกราคม,บริการ,7,5.57
อ่างทอง,กุมภาพันธ์,ขายส่ง/ขายปลีก,5,5.1
อ่างทอง,กุมภาพันธ์,ผลิต,3,2.5
อ่างทอง,กุมภาพันธ์,บริการ,6,5.35
อ่างทอง,มีนาคม,ขายส่ง/ขายปลีก,5,5.5
อ่างทอง,มีนาคม,ผลิต,2,6.0
อ่างทอง,มีนาคม,บริการ,7,6.3
อ่างทอง,เมษายน,ขายส่ง/ขายปลีก,4,5.01
อ่างทอง,เมษายน,ผลิต,3,6.5
อ่างทอง,เมษายน,บริการ,3,2.1
อ่างทอง,พฤษภาคม,ขายส่ง/ขายปลีก,3,3.7
อ่างทอง,พฤษภาคม,ผลิต,0,0.0
อ่างทอง,พฤษภาคม,บริการ,4,6.05
อ่างทอง,มิถุนายน,ขายส่ง/ขายปลีก,7,10.7
อ่างทอง,มิถุนายน,ผลิต,1,5.0
อ่างทอง,มิถุนายน,บริการ,0,0.0
อ่างทอง,กรกฎาคม,ขายส่ง/ขายปลีก,3,1.7
อ่างทอง,กรกฎาคม,ผลิต,4,3.5
อ่างทอง,กรกฎาคม,บริการ,4,8.0
อ่างทอง,สิงหาคม,ขายส่ง/ขายปลีก,1,5.0
อ่างทอง,สิงหาคม,ผลิต,2,6.0
อ่างทอง,สิงหาคม,บริการ,6,5.7
อ่างทอง,กันยายน,ขายส่ง/ขายปลีก,4,3.2
อ่างทอง,กันยายน,ผลิต,0,0.0
อ่างทอง,กันยายน,บริการ,4,5.0
อ่างทอง,ตุลาคม,ขายส่ง/ขายปลีก,4,2.1
อ่างทอง,ตุลาคม,ผลิต,0,0.0
อ่างทอง,ตุลาคม,บริการ,5,3.6
อ่างทอง,พฤศจิกายน,ขายส่ง/ขายปลีก,5,6.1
อ่างทอง,พฤศจิกายน,ผลิต,1,5.0
อ่างทอง,พฤศจิกายน,บริการ,3,7.0
อ่างทอง,ธันวาคม,ขายส่ง/ขายปลีก,4,16.0
อ่างทอง,ธันวาคม,ผลิต,0,0.0
อ่างทอง,ธันวาคม,บริการ,5,8.2
จันทบุรี,มกราคม,ขายส่ง/ขายปลีก,20,29.0
จันทบุรี,มกราคม,ผลิต,0,0.0
จันทบุรี,มกราคม,บริการ,15,20.5
จันทบุรี,กุมภาพันธ์,ขายส่ง/ขายปลีก,22,38.6
จันทบุรี,กุมภาพันธ์,ผลิต,2,1.5
จันทบุรี,กุมภาพันธ์,บริการ,10,7.9
จันทบุรี,มีนาคม,ขายส่ง/ขายปลีก,23,32.1
จันทบุรี,มีนาคม,ผลิต,3,7.0
จันทบุรี,มีนาคม,บริการ,9,10.3
จันทบุรี,เมษายน,ขายส่ง/ขายปลีก,20,37.6
จันทบุรี,เมษายน,ผลิต,1,2.0
จันทบุรี,เมษายน,บริการ,7,5.7
จันทบุรี,พฤษภาคม,ขายส่ง/ขายปลีก,20,33.6
จันทบุรี,พฤษภาคม,ผลิต,6,19.2
จันทบุรี,พฤษภาคม,บริการ,9,19.4
จันทบุรี,มิถุนายน,ขายส่ง/ขายปลีก,17,34.0
จันทบุรี,มิถุนายน,ผลิต,2,6.0
จันทบุรี,มิถุนายน,บริการ,14,24.7
จันทบุรี,กรกฎาคม,ขายส่ง/ขายปลีก,15,26.5
จันทบุรี,กรกฎาคม,ผลิต,4,7.05
จันทบุรี,กรกฎาคม,บริการ,10,7.451
จันทบุรี,สิงหาคม,ขายส่ง/ขายปลีก,18,21.4
จันทบุรี,สิงหาคม,ผลิต,1,1.0
จันทบุรี,สิงหาคม,บริการ,4,7.35
จันทบุรี,กันยายน,ขายส่ง/ขายปลีก,19,25.0
จันทบุรี,กันยายน,ผลิต,0,0.0
จันทบุรี,กันยายน,บริการ,13,19.0
จันทบุรี,ตุลาคม,ขายส่ง/ขายปลีก,16,23.8
จันทบุรี,ตุลาคม,ผลิต,2,3.0
จันทบุรี,ตุลาคม,บริการ,10,33.1
จันทบุรี,พฤศจิกายน,ขายส่ง/ขายปลีก,16,22.7
จันทบุรี,พฤศจิกายน,ผลิต,3,3.0
จันทบุรี,พฤศจิกายน,บริการ,5,5.1
จันทบุรี,ธันวาคม,ขายส่ง/ขายปลีก,5,5.5
จันทบุรี,ธันวาคม,ผลิต,1,2.0
จันทบุรี,ธันวาคม,บริการ,4,5.1
ฉะเชิงเทรา,มกราคม,ขายส่ง/ขายปลีก,22,40.5
ฉะเชิงเทรา,มกราคม,ผลิต,16,24.4
ฉะเชิงเทรา,มกราคม,บริการ,32,43.6
ฉะเชิงเทรา,กุมภาพันธ์,ขายส่ง/ขายปลีก,14,19.1
ฉะเชิงเทรา,กุมภาพันธ์,ผลิต,15,42.5
ฉะเชิงเทรา,กุมภาพันธ์,บริการ,31,63.21
ฉะเชิงเทรา,มีนาคม,ขายส่ง/ขายปลีก,21,35.5
ฉะเชิงเทรา,มีนาคม,ผลิต,11,192.2
ฉะเชิงเทรา,มีนาคม,บริการ,25,54.601
ฉะเชิงเทรา,เมษายน,ขายส่ง/ขายปลีก,21,35.7
ฉะเชิงเทรา,เมษายน,ผลิต,6,109.0
ฉะเชิงเทรา,เมษายน,บริการ,20,30.61
ฉะเชิงเทรา,พฤษภาคม,ขายส่ง/ขายปลีก,25,535.12
ฉะเชิงเทรา,พฤษภาคม,ผลิต,21,187.0
ฉะเชิงเทรา,พฤษภาคม,บริการ,28,59.5
ฉะเชิงเทรา,มิถุนายน,ขายส่ง/ขายปลีก,25,27.6
ฉะเชิงเทรา,มิถุนายน,ผลิต,6,15.0
ฉะเชิงเทรา,มิถุนายน,บริการ,31,138.87
ฉะเชิงเทรา,กรกฎาคม,ขายส่ง/ขายปลีก,33,78.35
ฉะเชิงเทรา,กรกฎาคม,ผลิต,13,134.0
ฉะเชิงเทรา,กรกฎาคม,บริการ,26,55.6309
ฉะเชิงเทรา,สิงหาคม,ขายส่ง/ขายปลีก,22,38.6
ฉะเชิงเทรา,สิงหาคม,ผลิต,9,62.0
ฉะเชิงเทรา,สิงหาคม,บริการ,36,719.765
ฉะเชิงเทรา,กันยายน,ขายส่ง/ขายปลีก,19,38.6
ฉะเชิงเทรา,กันยายน,ผลิต,10,28.0
ฉะเชิงเทรา,กันยายน,บริการ,27,79.0
ฉะเชิงเทรา,ตุลาคม,ขายส่ง/ขายปลีก,24,37.31
ฉะเชิงเทรา,ตุลาคม,ผลิต,4,5.0
ฉะเชิงเทรา,ตุลาคม,บริการ,30,41.05
ฉะเชิงเทรา,พฤศจิกายน,ขายส่ง/ขายปลีก,16,23.08
ฉะเชิงเทรา,พฤศจิกายน,ผลิต,6,312.0
ฉะเชิงเทรา,พฤศจิกายน,บริการ,20,26.6
ฉะเชิงเทรา,ธันวาคม,ขายส่ง/ขายปลีก,16,39.4
ฉะเชิงเทรา,ธันวาคม,ผลิต,8,27.0
ฉะเชิงเทรา,ธันวาคม,บริการ,21,54.51
ชลบุรี,มกราคม,ขายส่ง/ขายปลีก,172,447.45
ชลบุรี,มกราคม,ผลิต,124,1270.4
ชลบุรี,มกราคม,บริการ,588,1644.62
ชลบุรี,กุมภาพันธ์,ขายส่ง/ขายปลีก,174,622.7
ชลบุรี,กุมภาพันธ์,ผลิต,100,401.75
ชลบุรี,กุมภาพันธ์,บริการ,486,1451.02
ชลบุรี,มีนาคม,ขายส่ง/ขายปลีก,177,541.77
ชลบุรี,มีนาคม,ผลิต,92,437.9
ชลบุรี,มีนาคม,บริการ,560,1508.121
ชลบุรี,เมษายน,ขายส่ง/ขายปลีก,158,413.3
ชลบุรี,เมษายน,ผลิต,92,2484.9531
ชลบุรี,เมษายน,บริการ,436,1194.37
ชลบุรี,พฤษภาคม,ขายส่ง/ขายปลีก,133,454.354
ชลบุรี,พฤษภาคม,ผลิต,74,1190.4
ชลบุรี,พฤษภาคม,บริการ,481,1357.575
ชลบุรี,มิถุนายน,ขายส่ง/ขายปลีก,153,286.22
ชลบุรี,มิถุนายน,ผลิต,82,496.3
ชลบุรี,มิถุนายน,บริการ,430,1233.64
ชลบุรี,กรกฎาคม,ขายส่ง/ขายปลีก,199,364.971
ชลบุรี,กรกฎาคม,ผลิต,77,2411.83
ชลบุรี,กรกฎาคม,บริการ,502,1394.085
ชลบุรี,สิงหาคม,ขายส่ง/ขายปลีก,196,521.96
ชลบุรี,สิงหาคม,ผลิต,59,168.1
ชลบุรี,สิงหาคม,บริการ,402,1362.949999
ชลบุรี,กันยายน,ขายส่ง/ขายปลีก,215,547.86
ชลบุรี,กันยายน,ผลิต,59,261.0
ชลบุรี,กันยายน,บริการ,452,1101.849
ชลบุรี,ตุลาคม,ขายส่ง/ขายปลีก,190,435.36
ชลบุรี,ตุลาคม,ผลิต,55,175.5
ชลบุรี,ตุลาคม,บริการ,446,1246.97
ชลบุรี,พฤศจิกายน,ขายส่ง/ขายปลีก,154,337.92
ชลบุรี,พฤศจิกายน,ผลิต,59,182.0
ชลบุรี,พฤศจิกายน,บริการ,369,886.457
ชลบุรี,ธันวาคม,ขายส่ง/ขายปลีก,126,283.501
ชลบุรี,ธันวาคม,ผลิต,49,267.6
ชลบุรี,ธันวาคม,บริการ,458,1271.24001
ตราด,มกราคม,ขายส่ง/ขายปลีก,1,1.0
ตราด,มกราคม,ผลิต,2,1.2
ตราด,มกราคม,บริการ,6,59.1
ตราด,กุมภาพันธ์,ขายส่ง/ขายปลีก,5,6.5
ตราด,กุมภาพันธ์,ผลิต,1,1.0
ตราด,กุมภาพันธ์,บริการ,4,4.2
ตราด,มีนาคม,ขายส่ง/ขายปลีก,2,2.0
ตราด,มีนาคม,ผลิต,2,3.0
ตราด,มีนาคม,บริการ,7,12.0
ตราด,เมษายน,ขายส่ง/ขายปลีก,4,5.4
ตราด,เมษายน,ผลิต,0,0.0
ตราด,เมษายน,บริการ,8,13.5
ตราด,พฤษภาคม,ขายส่ง/ขายปลีก,4,1.6
ตราด,พฤษภาคม,ผลิต,2,1.3
ตราด,พฤษภาคม,บริการ,8,13.5
ตราด,มิถุนายน,ขายส่ง/ขายปลีก,4,3.07
ตราด,มิถุนายน,ผลิต,0,0.0
ตราด,มิถุนายน,บริการ,7,16.0
ตราด,กรกฎาคม,ขายส่ง/ขายปลีก,3,7.1
ตราด,กรกฎาคม,ผลิต,1,1.0
ตราด,กรกฎาคม,บริการ,3,7.5
ตราด,สิงหาคม,ขายส่ง/ขายปลีก,3,5.1
ตราด,สิงหาคม,ผลิต,1,2.0
ตราด,สิงหาคม,บริการ,6,12.979816
ตราด,กันยายน,ขายส่ง/ขายปลีก,1,5.0
ตราด,กันยายน,ผลิต,0,0.0
ตราด,กันยายน,บริการ,7,15.1
ตราด,ตุลาคม,ขายส่ง/ขายปลีก,0,0.0
ตราด,ตุลาคม,ผลิต,0,0.0
ตราด,ตุลาคม,บริการ,12,27.0
ตราด,พฤศจิกายน,ขายส่ง/ขายปลีก,1,1.0
ตราด,พฤศจิกายน,ผลิต,1,2.0
ตราด,พฤศจิกายน,บริการ,8,14.0
ตราด,ธันวาคม,ขายส่ง/ขายปลีก,0,0.0
ตราด,ธันวาคม,ผลิต,1,0.3
ตราด,ธันวาคม,บริการ,10,17.5
นครนายก,มกราคม,ขายส่ง/ขายปลีก,5,6.0
นครนายก,มกราคม,ผลิต,2,3.0
นครนายก,มกราคม,บริการ,8,4.9
นครนายก,กุมภาพันธ์,ขายส่ง/ขายปลีก,1,4.0
นครนายก,กุมภาพันธ์,ผลิต,0,0.0
นครนายก,กุมภาพันธ์,บริการ,5,9.0
นครนายก,มีนาคม,ขายส่ง/ขายปลีก,7,13.0
นครนายก,มีนาคม,ผลิต,2,1.5
นครนายก,มีนาคม,บริการ,3,2.1
นครนายก,เมษายน,ขายส่ง/ขายปลีก,4,6.1
นครนายก,เมษายน,ผลิต,4,4.1
นครนายก,เมษายน,บริการ,7,8.0
นครนายก,พฤษภาคม,ขายส่ง/ขายปลีก,2,2.0
นครนายก,พฤษภาคม,ผลิต,0,0.0
นครนายก,พฤษภาคม,บริการ,11,15.75
นครนายก,มิถุนายน,ขายส่ง/ขายปลีก,5,5.75
นครนายก,มิถุนายน,ผลิต,1,2.0
นครนายก,มิถุนายน,บริการ,3,3.0
นครนายก,กรกฎาคม,ขายส่ง/ขายปลีก,13,9.5
นครนายก,กรกฎาคม,ผลิต,1,1.0
นครนายก,กรกฎาคม,บริการ,4,3.1
นครนายก,สิงหาคม,ขายส่ง/ขายปลีก,6,8.01
นครนายก,สิงหาคม,ผลิต,1,0.5
นครนายก,สิงหาคม,บริการ,8,6.0
นครนายก,กันยายน,ขายส่ง/ขายปลีก,5,13.5
นครนายก,กันยายน,ผลิต,3,7.0
นครนายก,กันยายน,บริการ,6,11.0
นครนายก,ตุลาคม,ขายส่ง/ขายปลีก,4,7.9
นครนายก,ตุลาคม,ผลิต,1,5.0
นครนายก,ตุลาคม,บริการ,9,9.1
นครนายก,พฤศจิกายน,ขายส่ง/ขายปลีก,3,3.0
นครนายก,พฤศจิกายน,ผลิต,0,0.0
นครนายก,พฤศจิกายน,บริการ,3,4.5
นครนายก,ธันวาคม,ขายส่ง/ขายปลีก,0,0.0
นครนายก,ธันวาคม,ผลิต,2,1.1
นครนายก,ธันวาคม,บริการ,2,1.5
ปราจีนบุรี,มกราคม,ขายส่ง/ขายปลีก,8,13.1
ปราจีนบุรี,มกราคม,ผลิต,14,235.9
ปราจีนบุรี,มกราคม,บริการ,22,66.661
ปราจีนบุรี,กุมภาพันธ์,ขายส่ง/ขายปลีก,9,11.1
ปราจีนบุรี,กุมภาพันธ์,ผลิต,10,22.0
ปราจีนบุรี,กุมภาพันธ์,บริการ,20,19.5
ปราจีนบุรี,มีนาคม,ขายส่ง/ขายปลีก,13,18.05
ปราจีนบุรี,มีนาคม,ผลิต,8,931.0
ปราจีนบุรี,มีนาคม,บริการ,14,28.0
ปราจีนบุรี,เมษายน,ขายส่ง/ขายปลีก,9,16.0
ปราจีนบุรี,เมษายน,ผลิต,6,9.75
ปราจีนบุรี,เมษายน,บริการ,15,20.0
ปราจีนบุรี,พฤษภาคม,ขายส่ง/ขายปลีก,14,24.8
ปราจีนบุรี,พฤษภาคม,ผลิต,10,100.75
ปราจีนบุรี,พฤษภาคม,บริการ,16,33.9
ปราจีนบุรี,มิถุนายน,ขายส่ง/ขายปลีก,12,15.5
ปราจีนบุรี,มิถุนายน,ผลิต,4,58.8961
ปราจีนบุรี,มิถุนายน,บริการ,14,32.1
ปราจีนบุรี,กรกฎาคม,ขายส่ง/ขายปลีก,8,13.8
ปราจีนบุรี,กรกฎาคม,ผลิต,6,27.0
ปราจีนบุรี,กรกฎาคม,บริการ,17,29.5
ปราจีนบุรี,สิงหาคม,ขายส่ง/ขายปลีก,7,13.5
ปราจีนบุรี,สิงหาคม,ผลิต,4,16.0
ปราจีนบุรี,สิงหาคม,บริการ,14,65.1
ปราจีนบุรี,กันยายน,ขายส่ง/ขายปลีก,8,9.7
ปราจีนบุรี,กันยายน,ผลิต,4,27.0
ปราจีนบุรี,กันยายน,บริการ,23,39.7
ปราจีนบุรี,ตุลาคม,ขายส่ง/ขายปลีก,14,26.4
ปราจีนบุรี,ตุลาคม,ผลิต,4,6.0
ปราจีนบุรี,ตุลาคม,บริการ,18,46.7
ปราจีนบุรี,พฤศจิกายน,ขายส่ง/ขายปลีก,6,10.5
ปราจีนบุรี,พฤศจิกายน,ผลิต,6,15.6
ปราจีนบุรี,พฤศจิกายน,บริการ,10,25.6
ปราจีนบุรี,ธันวาคม,ขายส่ง/ขายปลีก,9,8.202
ปราจีนบุรี,ธันวาคม,ผลิต,1,5.0
ปราจีนบุรี,ธันวาคม,บริการ,11,715.3
ระยอง,มกราคม,ขายส่ง/ขายปลีก,61,144.8225
ระยอง,มกราคม,ผลิต,44,837.3
ระยอง,มกราคม,บริการ,86,124.8
ระยอง,กุมภาพันธ์,ขายส่ง/ขายปลีก,41,86.6
ระยอง,กุมภาพันธ์,ผลิต,30,166.76
ระยอง,กุมภาพันธ์,บริการ,94,167.4
ระยอง,มีนาคม,ขายส่ง/ขายปลีก,35,72.062
ระยอง,มีนาคม,ผลิต,45,301.52
ระยอง,มีนาคม,บริการ,79,509.1
ระยอง,เมษายน,ขายส่ง/ขายปลีก,46,94.2
ระยอง,เมษายน,ผลิต,34,225.0
ระยอง,เมษายน,บริการ,73,157.56
ระยอง,พฤษภาคม,ขายส่ง/ขายปลีก,32,56.52
ระยอง,พฤษภาคม,ผลิต,42,316.64
ระยอง,พฤษภาคม,บริการ,71,135.86
ระยอง,มิถุนายน,ขายส่ง/ขายปลีก,37,66.99
ระยอง,มิถุนายน,ผลิต,27,115.0
ระยอง,มิถุนายน,บริการ,93,173.96
ระยอง,กรกฎาคม,ขายส่ง/ขายปลีก,60,185.7
ระยอง,กรกฎาคม,ผลิต,26,562.2
ระยอง,กรกฎาคม,บริการ,96,190.81
ระยอง,สิงหาคม,ขายส่ง/ขายปลีก,61,75.41
ระยอง,สิงหาคม,ผลิต,26,123.16176
ระยอง,สิงหาคม,บริการ,71,112.35
ระยอง,กันยายน,ขายส่ง/ขายปลีก,46,71.91
ระยอง,กันยายน,ผลิต,17,75.3824
ระยอง,กันยายน,บริการ,114,202.4781
ระยอง,ตุลาคม,ขายส่ง/ขายปลีก,45,88.97
ระยอง,ตุลาคม,ผลิต,17,32.5
ระยอง,ตุลาคม,บริการ,71,126.84
ระยอง,พฤศจิกายน,ขายส่ง/ขายปลีก,43,85.25
ระยอง,พฤศจิกายน,ผลิต,20,432.9
ระยอง,พฤศจิกายน,บริการ,59,142.45
ระยอง,ธันวาคม,ขายส่ง/ขายปลีก,33,70.9
ระยอง,ธันวาคม,ผลิต,23,411.0
ระยอง,ธันวาคม,บริการ,53,162.6
สระแก้ว,มกราคม,ขายส่ง/ขายปลีก,15,22.6
สระแก้ว,มกราคม,ผลิต,1,1.0
สระแก้ว,มกราคม,บริการ,11,17.0
สระแก้ว,กุมภาพันธ์,ขายส่ง/ขายปลีก,7,5.2
สระแก้ว,กุมภาพันธ์,ผลิต,1,1.0
สระแก้ว,กุมภาพันธ์,บริการ,9,12.7
สระแก้ว,มีนาคม,ขายส่ง/ขายปลีก,9,27.0
สระแก้ว,มีนาคม,ผลิต,1,1.0
สระแก้ว,มีนาคม,บริการ,8,13.0
สระแก้ว,เมษายน,ขายส่ง/ขายปลีก,9,8.7
สระแก้ว,เมษายน,ผลิต,2,5.5
สระแก้ว,เมษายน,บริการ,10,12.005
สระแก้ว,พฤษภาคม,ขายส่ง/ขายปลีก,11,14.2
สระแก้ว,พฤษภาคม,ผลิต,1,2.0
สระแก้ว,พฤษภาคม,บริการ,13,24.4
สระแก้ว,มิถุนายน,ขายส่ง/ขายปลีก,7,12.0
สระแก้ว,มิถุนายน,ผลิต,1,2.0
สระแก้ว,มิถุนายน,บริการ,5,10.1
สระแก้ว,กรกฎาคม,ขายส่ง/ขายปลีก,12,16.65
สระแก้ว,กรกฎาคม,ผลิต,2,2.0
สระแก้ว,กรกฎาคม,บริการ,6,3.52
สระแก้ว,สิงหาคม,ขายส่ง/ขายปลีก,15,26.0
สระแก้ว,สิงหาคม,ผลิต,5,9.0
สระแก้ว,สิงหาคม,บริการ,13,9.9
สระแก้ว,กันยายน,ขายส่ง/ขายปลีก,26,24.55
สระแก้ว,กันยายน,ผลิต,3,3.0
สระแก้ว,กันยายน,บริการ,18,23.15
สระแก้ว,ตุลาคม,ขายส่ง/ขายปลีก,17,18.82
สระแก้ว,ตุลาคม,ผลิต,0,0.0
สระแก้ว,ตุลาคม,บริการ,9,6.4
สระแก้ว,พฤศจิกายน,ขายส่ง/ขายปลีก,10,23.3
สระแก้ว,พฤศจิกายน,ผลิต,2,2.51
สระแก้ว,พฤศจิกายน,บริการ,8,6.85
สระแก้ว,ธันวาคม,ขายส่ง/ขายปลีก,6,3.3
สระแก้ว,ธันวาคม,ผลิต,0,0.0
สระแก้ว,ธันวาคม,บริการ,7,8.5
กาฬสินธุ์,มกราคม,ขายส่ง/ขายปลีก,18,28.94
กาฬสินธุ์,มกราคม,ผลิต,6,5.25
กาฬสินธุ์,มกราคม,บริการ,21,28.8
กาฬสินธุ์,กุมภาพันธ์,ขายส่ง/ขายปลีก,8,22.5
กาฬสินธุ์,กุมภาพันธ์,ผลิต,4,13.0
กาฬสินธุ์,กุมภาพันธ์,บริการ,10,15.3
กาฬสินธุ์,มีนาคม,ขายส่ง/ขายปลีก,5,7.0
กาฬสินธุ์,มีนาคม,ผลิต,8,18.3
กาฬสินธุ์,มีนาคม,บริการ,6,13.1
กาฬสินธุ์,เมษายน,ขายส่ง/ขายปลีก,6,17.6
กาฬสินธุ์,เมษายน,ผลิต,1,2.0
กาฬสินธุ์,เมษายน,บริการ,12,25.0
กาฬสินธุ์,พฤษภาคม,ขายส่ง/ขายปลีก,6,7.65
กาฬสินธุ์,พฤษภาคม,ผลิต,3,8.0
กาฬสินธุ์,พฤษภาคม,บริการ,10,9.5
กาฬสินธุ์,มิถุนายน,ขายส่ง/ขายปลีก,9,13.275
กาฬสินธุ์,มิถุนายน,ผลิต,3,7.0
กาฬสินธุ์,มิถุนายน,บริการ,13,21.2
กาฬสินธุ์,กรกฎาคม,ขายส่ง/ขายปลีก,9,10.3
กาฬสินธุ์,กรกฎาคม,ผลิต,6,5.5
กาฬสินธุ์,กรกฎาคม,บริการ,17,20.8
กาฬสินธุ์,สิงหาคม,ขายส่ง/ขายปลีก,5,9.7
กาฬสินธุ์,สิงหาคม,ผลิต,4,4.0
กาฬสินธุ์,สิงหาคม,บริการ,19,25.4
กาฬสินธุ์,กันยายน,ขายส่ง/ขายปลีก,6,5.5
กาฬสินธุ์,กันยายน,ผลิต,2,1.01
กาฬสินธุ์,กันยายน,บริการ,14,19.4
กาฬสินธุ์,ตุลาคม,ขายส่ง/ขายปลีก,11,19.0
กาฬสินธุ์,ตุลาคม,ผลิต,3,2.3
กาฬสินธุ์,ตุลาคม,บริการ,10,10.0
กาฬสินธุ์,พฤศจิกายน,ขายส่ง/ขายปลีก,2,2.0
กาฬสินธุ์,พฤศจิกายน,ผลิต,3,16.0
กาฬสินธุ์,พฤศจิกายน,บริการ,12,23.2
กาฬสินธุ์,ธันวาคม,ขายส่ง/ขายปลีก,3,7.0
กาฬสินธุ์,ธันวาคม,ผลิต,1,5.0
กาฬสินธุ์,ธันวาคม,บริการ,4,10.0
ขอนแก่น,มกราคม,ขายส่ง/ขายปลีก,48,66.45
ขอนแก่น,มกราคม,ผลิต,17,23.9
ขอนแก่น,มกราคม,บริการ,87,108.2
ขอนแก่น,กุมภาพันธ์,ขายส่ง/ขายปลีก,35,46.95
ขอนแก่น,กุมภาพันธ์,ผลิต,5,8.5
ขอนแก่น,กุมภาพันธ์,บริการ,77,102.41
ขอนแก่น,มีนาคม,ขายส่ง/ขายปลีก,32,63.5
ขอนแก่น,มีนาคม,ผลิต,9,8.351
ขอนแก่น,มีนาคม,บริการ,66,91.351
ขอนแก่น,เมษายน,ขายส่ง/ขายปลีก,34,53.85
ขอนแก่น,เมษายน,ผลิต,2,3.0
ขอนแก่น,เมษายน,บริการ,43,54.07
ขอนแก่น,พฤษภาคม,ขายส่ง/ขายปลีก,31,40.1
ขอนแก่น,พฤษภาคม,ผลิต,10,19.1
ขอนแก่น,พฤษภาคม,บริการ,47,62.1
ขอนแก่น,มิถุนายน,ขายส่ง/ขายปลีก,26,27.19
ขอนแก่น,มิถุนายน,ผลิต,12,19.1
ขอนแก่น,มิถุนายน,บริการ,63,84.95
ขอนแก่น,กรกฎาคม,ขายส่ง/ขายปลีก,45,42.3
ขอนแก่น,กรกฎาคม,ผลิต,12,22.01
ขอนแก่น,กรกฎาคม,บริการ,65,99.805
ขอนแก่น,สิงหาคม,ขายส่ง/ขายปลีก,35,30.91
ขอนแก่น,สิงหาคม,ผลิต,13,19.4
ขอนแก่น,สิงหาคม,บริการ,81,114.5
ขอนแก่น,กันยายน,ขายส่ง/ขายปลีก,52,67.7
ขอนแก่น,กันยายน,ผลิต,7,15.1
ขอนแก่น,กันยายน,บริการ,79,116.12
ขอนแก่น,ตุลาคม,ขายส่ง/ขายปลีก,41,55.2
ขอนแก่น,ตุลาคม,ผลิต,9,12.8
ขอนแก่น,ตุลาคม,บริการ,55,81.02
ขอนแก่น,พฤศจิกายน,ขายส่ง/ขายปลีก,49,63.304
ขอนแก่น,พฤศจิกายน,ผลิต,8,6.55
ขอนแก่น,พฤศจิกายน,บริการ,59,124.65
ขอนแก่น,ธันวาคม,ขายส่ง/ขายปลีก,22,27.68
ขอนแก่น,ธันวาคม,ผลิต,8,10.1
ขอนแก่น,ธันวาคม,บริการ,176,69.36
ชัยภูมิ,มกราคม,ขายส่ง/ขายปลีก,14,24.0
ชัยภูมิ,มกราคม,ผลิต,2,1.7
ชัยภูมิ,มกราคม,บริการ,16,34.7
ชัยภูมิ,กุมภาพันธ์,ขายส่ง/ขายปลีก,13,20.5
ชัยภูมิ,กุมภาพันธ์,ผลิต,4,4.2
ชัยภูมิ,กุมภาพันธ์,บริการ,8,18.0
ชัยภูมิ,มีนาคม,ขายส่ง/ขายปลีก,8,19.4
ชัยภูมิ,มีนาคม,ผลิต,3,8.0
ชัยภูมิ,มีนาคม,บริการ,18,27.0
ชัยภูมิ,เมษายน,ขายส่ง/ขายปลีก,13,26.5
ชัยภูมิ,เมษายน,ผลิต,1,3.0
ชัยภูมิ,เมษายน,บริการ,11,18.01
ชัยภูมิ,พฤษภาคม,ขายส่ง/ขายปลีก,4,3.6
ชัยภูมิ,พฤษภาคม,ผลิต,3,7.0
ชัยภูมิ,พฤษภาคม,บริการ,12,7.3
ชัยภูมิ,มิถุนายน,ขายส่ง/ขายปลีก,7,7.1
ชัยภูมิ,มิถุนายน,ผลิต,4,3.5
ชัยภูมิ,มิถุนายน,บริการ,12,22.5
ชัยภูมิ,กรกฎาคม,ขายส่ง/ขายปลีก,13,30.5
ชัยภูมิ,กรกฎาคม,ผลิต,6,9.0
ชัยภูมิ,กรกฎาคม,บริการ,10,13.51
ชัยภูมิ,สิงหาคม,ขายส่ง/ขายปลีก,11,31.5
ชัยภูมิ,สิงหาคม,ผลิต,4,4.2
ชัยภูมิ,สิงหาคม,บริการ,18,26.7
ชัยภูมิ,กันยายน,ขายส่ง/ขายปลีก,9,9.9
ชัยภูมิ,กันยายน,ผลิต,7,13.3
ชัยภูมิ,กันยายน,บริการ,9,10.18
ชัยภูมิ,ตุลาคม,ขายส่ง/ขายปลีก,16,25.7
ชัยภูมิ,ตุลาคม,ผลิต,3,2.5
ชัยภูมิ,ตุลาคม,บริการ,22,18.7
ชัยภูมิ,พฤศจิกายน,ขายส่ง/ขายปลีก,11,23.35
ชัยภูมิ,พฤศจิกายน,ผลิต,1,0.4
ชัยภูมิ,พฤศจิกายน,บริการ,15,23.0
ชัยภูมิ,ธันวาคม,ขายส่ง/ขายปลีก,8,10.7
ชัยภูมิ,ธันวาคม,ผลิต,4,9.5
ชัยภูมิ,ธันวาคม,บริการ,12,11.2
นครพนม,มกราคม,ขายส่ง/ขายปลีก,3,4.0
นครพนม,มกราคม,ผลิต,2,1.01
นครพนม,มกราคม,บริการ,17,25.65
นครพนม,กุมภาพันธ์,ขายส่ง/ขายปลีก,7,6.0
นครพนม,กุมภาพันธ์,ผลิต,1,1.0
นครพนม,กุมภาพันธ์,บริการ,8,11.54
นครพนม,มีนาคม,ขายส่ง/ขายปลีก,6,6.2
นครพนม,มีนาคม,ผลิต,1,2.5
นครพนม,มีนาคม,บริการ,7,6.65
นครพนม,เมษายน,ขายส่ง/ขายปลีก,4,3.5
นครพนม,เมษายน,ผลิต,4,3.6
นครพนม,เมษายน,บริการ,5,7.3
นครพนม,พฤษภาคม,ขายส่ง/ขายปลีก,9,17.12
นครพนม,พฤษภาคม,ผลิต,0,0.0
นครพนม,พฤษภาคม,บริการ,7,10.5
นครพนม,มิถุนายน,ขายส่ง/ขายปลีก,8,6.6
นครพนม,มิถุนายน,ผลิต,1,0.05
นครพนม,มิถุนายน,บริการ,9,5.72
นครพนม,กรกฎาคม,ขายส่ง/ขายปลีก,4,3.5
นครพนม,กรกฎาคม,ผลิต,0,0.0
นครพนม,กรกฎาคม,บริการ,10,19.7
นครพนม,สิงหาคม,ขายส่ง/ขายปลีก,10,14.1
นครพนม,สิงหาคม,ผลิต,1,0.2
นครพนม,สิงหาคม,บริการ,12,22.0
นครพนม,กันยายน,ขายส่ง/ขายปลีก,7,7.5
นครพนม,กันยายน,ผลิต,1,5.0
นครพนม,กันยายน,บริการ,11,16.6
นครพนม,ตุลาคม,ขายส่ง/ขายปลีก,4,10.2
นครพนม,ตุลาคม,ผลิต,1,0.5
นครพนม,ตุลาคม,บริการ,9,7.37
นครพนม,พฤศจิกายน,ขายส่ง/ขายปลีก,8,10.8
นครพนม,พฤศจิกายน,ผลิต,1,0.15
นครพนม,พฤศจิกายน,บริการ,7,17.5
นครพนม,ธันวาคม,ขายส่ง/ขายปลีก,3,3.0
นครพนม,ธันวาคม,ผลิต,0,0.0
นครพนม,ธันวาคม,บริการ,4,3.1
นครราชสีมา,มกราคม,ขายส่ง/ขายปลีก,54,82.1
นครราชสีมา,มกราคม,ผลิต,16,15.0
นครราชสีมา,มกราคม,บริการ,85,112.7
นครราชสีมา,กุมภาพันธ์,ขายส่ง/ขายปลีก,43,49.601
นครราชสีมา,กุมภาพันธ์,ผลิต,19,21.8
นครราชสีมา,กุมภาพันธ์,บริการ,78,126.91
นครราชสีมา,มีนาคม,ขายส่ง/ขายปลีก,56,78.3
นครราชสีมา,มีนาคม,ผลิต,12,17.0
นครราชสีมา,มีนาคม,บริการ,61,71.47
นครราชสีมา,เมษายน,ขายส่ง/ขายปลีก,43,45.651
นครราชสีมา,เมษายน,ผลิต,11,19.0
นครราชสีมา,เมษายน,บริการ,41,63.95
นครราชสีมา,พฤษภาคม,ขายส่ง/ขายปลีก,39,82.47
นครราชสีมา,พฤษภาคม,ผลิต,10,9.5
นครราชสีมา,พฤษภาคม,บริการ,49,93.2
นครราชสีมา,มิถุนายน,ขายส่ง/ขายปลีก,33,51.4
นครราชสีมา,มิถุนายน,ผลิต,4,8.5
นครราชสีมา,มิถุนายน,บริการ,57,82.2
นครราชสีมา,กรกฎาคม,ขายส่ง/ขายปลีก,40,48.2
นครราชสีมา,กรกฎาคม,ผลิต,10,14.75
นครราชสีมา,กรกฎาคม,บริการ,72,112.7
นครราชสีมา,สิงหาคม,ขายส่ง/ขายปลีก,48,69.21
นครราชสีมา,สิงหาคม,ผลิต,9,17.0
นครราชสีมา,สิงหาคม,บริการ,68,111.85
นครราชสีมา,กันยายน,ขายส่ง/ขายปลีก,54,87.95
นครราชสีมา,กันยายน,ผลิต,11,16.4
นครราชสีมา,กันยายน,บริการ,77,87.6
นครราชสีมา,ตุลาคม,ขายส่ง/ขายปลีก,42,61.21
นครราชสีมา,ตุลาคม,ผลิต,19,37.6
นครราชสีมา,ตุลาคม,บริการ,53,90.91
นครราชสีมา,พฤศจิกายน,ขายส่ง/ขายปลีก,39,49.6101
นครราชสีมา,พฤศจิกายน,ผลิต,11,49.05
นครราชสีมา,พฤศจิกายน,บริการ,45,54.76
นครราชสีมา,ธันวาคม,ขายส่ง/ขายปลีก,20,35.1
นครราชสีมา,ธันวาคม,ผลิต,11,11.4
นครราชสีมา,ธันวาคม,บริการ,129,71.8
บึงกาฬ,มกราคม,ขายส่ง/ขายปลีก,6,11.0
บึงกาฬ,มกราคม,ผลิต,3,7.0
บึงกาฬ,มกราคม,บริการ,6,4.5
บึงกาฬ,กุมภาพันธ์,ขายส่ง/ขายปลีก,4,9.0
บึงกาฬ,กุมภาพันธ์,ผลิต,0,0.0
บึงกาฬ,กุมภาพันธ์,บริการ,11,20.1
บึงกาฬ,มีนาคม,ขายส่ง/ขายปลีก,4,5.0
บึงกาฬ,มีนาคม,ผลิต,1,1.0
บึงกาฬ,มีนาคม,บริการ,4,3.5
บึงกาฬ,เมษายน,ขายส่ง/ขายปลีก,4,2.6
บึงกาฬ,เมษายน,ผลิต,0,0.0
บึงกาฬ,เมษายน,บริการ,2,3.0
บึงกาฬ,พฤษภาคม,ขายส่ง/ขายปลีก,4,5.0
บึงกาฬ,พฤษภาคม,ผลิต,0,0.0
บึงกาฬ,พฤษภาคม,บริการ,6,10.0
บึงกาฬ,มิถุนายน,ขายส่ง/ขายปลีก,2,1.5
บึงกาฬ,มิถุนายน,ผลิต,0,0.0
บึงกาฬ,มิถุนายน,บริการ,4,3.05
บึงกาฬ,กรกฎาคม,ขายส่ง/ขายปลีก,4,4.0
บึงกาฬ,กรกฎาคม,ผลิต,1,5.0
บึงกาฬ,กรกฎาคม,บริการ,6,5.5
บึงกาฬ,สิงหาคม,ขายส่ง/ขายปลีก,5,4.6
บึงกาฬ,สิงหาคม,ผลิต,1,3.0
บึงกาฬ,สิงหาคม,บริการ,2,3.0
บึงกาฬ,กันยายน,ขายส่ง/ขายปลีก,2,3.0
บึงกาฬ,กันยายน,ผลิต,0,0.0
บึงกาฬ,กันยายน,บริการ,6,10.2
บึงกาฬ,ตุลาคม,ขายส่ง/ขายปลีก,1,1.0
บึงกาฬ,ตุลาคม,ผลิต,1,3.0
บึงกาฬ,ตุลาคม,บริการ,5,4.1
บึงกาฬ,พฤศจิกายน,ขายส่ง/ขายปลีก,2,2.0
บึงกาฬ,พฤศจิกายน,ผลิต,0,0.0
บึงกาฬ,พฤศจิกายน,บริการ,4,10.0
บึงกาฬ,ธันวาคม,ขายส่ง/ขายปลีก,1,0.5
บึงกาฬ,ธันวาคม,ผลิต,0,0.0
บึงกาฬ,ธันวาคม,บริการ,0,0.0
บุรีรัมย์,มกราคม,ขายส่ง/ขายปลีก,22,37.5
บุรีรัมย์,มกราคม,ผลิต,6,14.0
บุรีรัมย์,มกราคม,บริการ,19,26.4
บุรีรัมย์,กุมภาพันธ์,ขายส่ง/ขายปลีก,18,18.8
บุรีรัมย์,กุมภาพันธ์,ผลิต,5,5.0
บุรีรัมย์,กุมภาพันธ์,บริการ,20,21.2
บุรีรัมย์,มีนาคม,ขายส่ง/ขายปลีก,18,24.9
บุรีรัมย์,มีนาคม,ผลิต,5,9.75
บุรีรัมย์,มีนาคม,บริการ,15,17.2
บุรีรัมย์,เมษายน,ขายส่ง/ขายปลีก,14,21.0
บุรีรัมย์,เมษายน,ผลิต,3,2.15
บุรีรัมย์,เมษายน,บริการ,17,28.2
บุรีรัมย์,พฤษภาคม,ขายส่ง/ขายปลีก,15,11.4
บุรีรัมย์,พฤษภาคม,ผลิต,2,2.5
บุรีรัมย์,พฤษภาคม,บริการ,13,9.9251
บุรีรัมย์,มิถุนายน,ขายส่ง/ขายปลีก,18,28.15
บุรีรัมย์,มิถุนายน,ผลิต,2,41.0
บุรีรัมย์,มิถุนายน,บริการ,19,21.2
บุรีรัมย์,กรกฎาคม,ขายส่ง/ขายปลีก,16,19.85
บุรีรัมย์,กรกฎาคม,ผลิต,5,9.1
บุรีรัมย์,กรกฎาคม,บริการ,21,35.9
บุรีรัมย์,สิงหาคม,ขายส่ง/ขายปลีก,9,11.6
บุรีรัมย์,สิงหาคม,ผลิต,5,9.0
บุรีรัมย์,สิงหาคม,บริการ,29,32.51
บุรีรัมย์,กันยายน,ขายส่ง/ขายปลีก,26,41.0
บุรีรัมย์,กันยายน,ผลิต,2,1.1
บุรีรัมย์,กันยายน,บริการ,31,27.65
บุรีรัมย์,ตุลาคม,ขายส่ง/ขายปลีก,16,18.9
บุรีรัมย์,ตุลาคม,ผลิต,6,9.0
บุรีรัมย์,ตุลาคม,บริการ,24,442.0
บุรีรัมย์,พฤศจิกายน,ขายส่ง/ขายปลีก,13,23.01
บุรีรัมย์,พฤศจิกายน,ผลิต,2,0.6
บุรีรัมย์,พฤศจิกายน,บริการ,19,41.7
บุรีรัมย์,ธันวาคม,ขายส่ง/ขายปลีก,8,6.2
บุรีรัมย์,ธันวาคม,ผลิต,0,0.0
บุรีรัมย์,ธันวาคม,บริการ,15,29.6
มหาสารคาม,มกราคม,ขายส่ง/ขายปลีก,19,26.1
มหาสารคาม,มกราคม,ผลิต,4,3.05
มหาสารคาม,มกราคม,บริการ,17,26.104
มหาสารคาม,กุมภาพันธ์,ขายส่ง/ขายปลีก,19,38.2
มหาสารคาม,กุมภาพันธ์,ผลิต,6,11.0
มหาสารคาม,กุมภาพันธ์,บริการ,13,13.8
มหาสารคาม,มีนาคม,ขายส่ง/ขายปลีก,14,24.2
มหาสารคาม,มีนาคม,ผลิต,1,1.0
มหาสารคาม,มีนาคม,บริการ,13,24.5
มหาสารคาม,เมษายน,ขายส่ง/ขายปลีก,7,10.7
มหาสารคาม,เมษายน,ผลิต,1,0.05
มหาสารคาม,เมษายน,บริการ,10,11.31
มหาสารคาม,พฤษภาคม,ขายส่ง/ขายปลีก,7,9.0
มหาสารคาม,พฤษภาคม,ผลิต,3,3.0
มหาสารคาม,พฤษภาคม,บริการ,13,15.3
มหาสารคาม,มิถุนายน,ขายส่ง/ขายปลีก,13,16.2
มหาสารคาม,มิถุนายน,ผลิต,2,1.1
มหาสารคาม,มิถุนายน,บริการ,14,25.9
มหาสารคาม,กรกฎาคม,ขายส่ง/ขายปลีก,8,9.3
มหาสารคาม,กรกฎาคม,ผลิต,3,8.0
มหาสารคาม,กรกฎาคม,บริการ,20,26.8
มหาสารคาม,สิงหาคม,ขายส่ง/ขายปลีก,13,13.8
มหาสารคาม,สิงหาคม,ผลิต,0,0.0
มหาสารคาม,สิงหาคม,บริการ,8,6.65
มหาสารคาม,กันยายน,ขายส่ง/ขายปลีก,26,47.31
มหาสารคาม,กันยายน,ผลิต,5,7.0
มหาสารคาม,กันยายน,บริการ,18,29.5
มหาสารคาม,ตุลาคม,ขายส่ง/ขายปลีก,12,25.0
มหาสารคาม,ตุลาคม,ผลิต,0,0.0
มหาสารคาม,ตุลาคม,บริการ,15,32.5
มหาสารคาม,พฤศจิกายน,ขายส่ง/ขายปลีก,13,19.18
มหาสารคาม,พฤศจิกายน,ผลิต,1,2.0
มหาสารคาม,พฤศจิกายน,บริการ,17,40.81
มหาสารคาม,ธันวาคม,ขายส่ง/ขายปลีก,9,17.5
มหาสารคาม,ธันวาคม,ผลิต,2,3.0
มหาสารคาม,ธันวาคม,บริการ,8,10.205
มุกดาหาร,มกราคม,ขายส่ง/ขายปลีก,5,4.025
มุกดาหาร,มกราคม,ผลิต,2,3.0
มุกดาหาร,มกราคม,บริการ,5,3.9
มุกดาหาร,กุมภาพันธ์,ขายส่ง/ขายปลีก,3,1.0
มุกดาหาร,กุมภาพันธ์,ผลิต,2,7.0
มุกดาหาร,กุมภาพันธ์,บริการ,3,7.0
มุกดาหาร,มีนาคม,ขายส่ง/ขายปลีก,3,4.5
มุกดาหาร,มีนาคม,ผลิต,1,1.0
มุกดาหาร,มีนาคม,บริการ,13,18.0
มุกดาหาร,เมษายน,ขายส่ง/ขายปลีก,2,10.0
มุกดาหาร,เมษายน,ผลิต,1,1.0
มุกดาหาร,เมษายน,บริการ,5,5.4
มุกดาหาร,พฤษภาคม,ขายส่ง/ขายปลีก,8,9.0
มุกดาหาร,พฤษภาคม,ผลิต,0,0.0
มุกดาหาร,พฤษภาคม,บริการ,4,3.5
มุกดาหาร,มิถุนายน,ขายส่ง/ขายปลีก,5,4.5
มุกดาหาร,มิถุนายน,ผลิต,3,7.0
มุกดาหาร,มิถุนายน,บริการ,6,4.1
มุกดาหาร,กรกฎาคม,ขายส่ง/ขายปลีก,3,3.0
มุกดาหาร,กรกฎาคม,ผลิต,2,160.0
มุกดาหาร,กรกฎาคม,บริการ,11,18.3
มุกดาหาร,สิงหาคม,ขายส่ง/ขายปลีก,4,5.0
มุกดาหาร,สิงหาคม,ผลิต,1,1.0
มุกดาหาร,สิงหาคม,บริการ,7,9.0
มุกดาหาร,กันยายน,ขายส่ง/ขายปลีก,5,4.0
มุกดาหาร,กันยายน,ผลิต,3,2.5
มุกดาหาร,กันยายน,บริการ,7,10.0
มุกดาหาร,ตุลาคม,ขายส่ง/ขายปลีก,2,1.5
มุกดาหาร,ตุลาคม,ผลิต,2,1.5
มุกดาหาร,ตุลาคม,บริการ,14,34.5
มุกดาหาร,พฤศจิกายน,ขายส่ง/ขายปลีก,4,7.6
มุกดาหาร,พฤศจิกายน,ผลิต,1,3.0
มุกดาหาร,พฤศจิกายน,บริการ,5,8.9
มุกดาหาร,ธันวาคม,ขายส่ง/ขายปลีก,3,2.1
มุกดาหาร,ธันวาคม,ผลิต,0,0.0
มุกดาหาร,ธันวาคม,บริการ,4,5.101
ยโสธร,มกราคม,ขายส่ง/ขายปลีก,4,7.0
ยโสธร,มกราคม,ผลิต,3,3.5
ยโสธร,มกราคม,บริการ,10,17.5
ยโสธร,กุมภาพันธ์,ขายส่ง/ขายปลีก,5,12.5
ยโสธร,กุมภาพันธ์,ผลิต,2,5.5
ยโสธร,กุมภาพันธ์,บริการ,13,17.5
ยโสธร,มีนาคม,ขายส่ง/ขายปลีก,0,0.0
ยโสธร,มีนาคม,ผลิต,1,1.0
ยโสธร,มีนาคม,บริการ,7,10.5
ยโสธร,เมษายน,ขายส่ง/ขายปลีก,1,1.0
ยโสธร,เมษายน,ผลิต,0,0.0
ยโสธร,เมษายน,บริการ,7,8.735
ยโสธร,พฤษภาคม,ขายส่ง/ขายปลีก,2,2.0
ยโสธร,พฤษภาคม,ผลิต,3,6.5
ยโสธร,พฤษภาคม,บริการ,4,7.3
ยโสธร,มิถุนายน,ขายส่ง/ขายปลีก,4,5.5
ยโสธร,มิถุนายน,ผลิต,0,0.0
ยโสธร,มิถุนายน,บริการ,8,8.51
ยโสธร,กรกฎาคม,ขายส่ง/ขายปลีก,10,8.515
ยโสธร,กรกฎาคม,ผลิต,2,6.0
ยโสธร,กรกฎาคม,บริการ,7,11.5
ยโสธร,สิงหาคม,ขายส่ง/ขายปลีก,4,5.0
ยโสธร,สิงหาคม,ผลิต,0,0.0
ยโสธร,สิงหาคม,บริการ,10,23.55
ยโสธร,กันยายน,ขายส่ง/ขายปลีก,3,4.0
ยโสธร,กันยายน,ผลิต,1,5.0
ยโสธร,กันยายน,บริการ,10,19.6
ยโสธร,ตุลาคม,ขายส่ง/ขายปลีก,6,5.45
ยโสธร,ตุลาคม,ผลิต,1,0.25
ยโสธร,ตุลาคม,บริการ,5,15.5
ยโสธร,พฤศจิกายน,ขายส่ง/ขายปลีก,6,13.2
ยโสธร,พฤศจิกายน,ผลิต,0,0.0
ยโสธร,พฤศจิกายน,บริการ,7,17.0
ยโสธร,ธันวาคม,ขายส่ง/ขายปลีก,5,8.9
ยโสธร,ธันวาคม,ผลิต,0,0.0
ยโสธร,ธันวาคม,บริการ,3,3.0
ร้อยเอ็ด,มกราคม,ขายส่ง/ขายปลีก,11,13.705
ร้อยเอ็ด,มกราคม,ผลิต,7,17.0
ร้อยเอ็ด,มกราคม,บริการ,23,32.85
ร้อยเอ็ด,กุมภาพันธ์,ขายส่ง/ขายปลีก,14,22.0
ร้อยเอ็ด,กุมภาพันธ์,ผลิต,2,1.3
ร้อยเอ็ด,กุมภาพันธ์,บริการ,17,29.45
ร้อยเอ็ด,มีนาคม,ขายส่ง/ขายปลีก,19,22.4
ร้อยเอ็ด,มีนาคม,ผลิต,2,2.0
ร้อยเอ็ด,มีนาคม,บริการ,15,20.14
ร้อยเอ็ด,เมษายน,ขายส่ง/ขายปลีก,18,25.5
ร้อยเอ็ด,เมษายน,ผลิต,1,1.0
ร้อยเอ็ด,เมษายน,บริการ,20,50.5
ร้อยเอ็ด,พฤษภาคม,ขายส่ง/ขายปลีก,10,20.5
ร้อยเอ็ด,พฤษภาคม,ผลิต,2,1.3
ร้อยเอ็ด,พฤษภาคม,บริการ,10,19.2
ร้อยเอ็ด,มิถุนายน,ขายส่ง/ขายปลีก,14,30.51
ร้อยเอ็ด,มิถุนายน,ผลิต,10,18.51
ร้อยเอ็ด,มิถุนายน,บริการ,7,8.5
ร้อยเอ็ด,กรกฎาคม,ขายส่ง/ขายปลีก,13,23.0
ร้อยเอ็ด,กรกฎาคม,ผลิต,4,0.62002
ร้อยเอ็ด,กรกฎาคม,บริการ,28,66.8
ร้อยเอ็ด,สิงหาคม,ขายส่ง/ขายปลีก,11,10.3
ร้อยเอ็ด,สิงหาคม,ผลิต,4,4.0
ร้อยเอ็ด,สิงหาคม,บริการ,14,22.3
ร้อยเอ็ด,กันยายน,ขายส่ง/ขายปลีก,16,17.4
ร้อยเอ็ด,กันยายน,ผลิต,3,8.0
ร้อยเอ็ด,กันยายน,บริการ,26,31.85
ร้อยเอ็ด,ตุลาคม,ขายส่ง/ขายปลีก,16,36.4
ร้อยเอ็ด,ตุลาคม,ผลิต,3,9.0
ร้อยเอ็ด,ตุลาคม,บริการ,16,21.2
ร้อยเอ็ด,พฤศจิกายน,ขายส่ง/ขายปลีก,12,20.35
ร้อยเอ็ด,พฤศจิกายน,ผลิต,3,2.025
ร้อยเอ็ด,พฤศจิกายน,บริการ,7,19.3
ร้อยเอ็ด,ธันวาคม,ขายส่ง/ขายปลีก,4,6.6
ร้อยเอ็ด,ธันวาคม,ผลิต,2,6.0
ร้อยเอ็ด,ธันวาคม,บริการ,15,27.9
เลย,มกราคม,ขายส่ง/ขายปลีก,12,25.05
เลย,มกราคม,ผลิต,1,1.0
เลย,มกราคม,บริการ,15,13.7
เลย,กุมภาพันธ์,ขายส่ง/ขายปลีก,11,30.0
เลย,กุมภาพันธ์,ผลิต,0,0.0
เลย,กุมภาพันธ์,บริการ,9,8.13
เลย,มีนาคม,ขายส่ง/ขายปลีก,5,5.0
เลย,มีนาคม,ผลิต,1,1.0
เลย,มีนาคม,บริการ,6,5.1
เลย,เมษายน,ขายส่ง/ขายปลีก,12,39.1
เลย,เมษายน,ผลิต,2,0.3
เลย,เมษายน,บริการ,9,20.52
เลย,พฤษภาคม,ขายส่ง/ขายปลีก,11,40.0
เลย,พฤษภาคม,ผลิต,0,0.0
เลย,พฤษภาคม,บริการ,9,12.1
เลย,มิถุนายน,ขายส่ง/ขายปลีก,12,24.65
เลย,มิถุนายน,ผลิต,0,0.0
เลย,มิถุนายน,บริการ,12,17.0
เลย,กรกฎาคม,ขายส่ง/ขายปลีก,12,12.6
เลย,กรกฎาคม,ผลิต,0,0.0
เลย,กรกฎาคม,บริการ,7,13.3636
เลย,สิงหาคม,ขายส่ง/ขายปลีก,11,13.2
เลย,สิงหาคม,ผลิต,2,2.0
เลย,สิงหาคม,บริการ,6,9.1
เลย,กันยายน,ขายส่ง/ขายปลีก,9,15.0
เลย,กันยายน,ผลิต,1,0.1
เลย,กันยายน,บริการ,9,7.05
เลย,ตุลาคม,ขายส่ง/ขายปลีก,15,14.35
เลย,ตุลาคม,ผลิต,1,1.0
เลย,ตุลาคม,บริการ,14,18.55
เลย,พฤศจิกายน,ขายส่ง/ขายปลีก,5,5.0
เลย,พฤศจิกายน,ผลิต,0,0.0
เลย,พฤศจิกายน,บริการ,7,5.25
เลย,ธันวาคม,ขายส่ง/ขายปลีก,3,8.0
เลย,ธันวาคม,ผลิต,0,0.0
เลย,ธันวาคม,บริการ,6,5.15
ศรีสะเกษ,มกราคม,ขายส่ง/ขายปลีก,7,14.8
ศรีสะเกษ,มกราคม,ผลิต,2,6.0
ศรีสะเกษ,มกราคม,บริการ,14,23.75
ศรีสะเกษ,กุมภาพันธ์,ขายส่ง/ขายปลีก,10,7.9
ศรีสะเกษ,กุมภาพันธ์,ผลิต,3,3.5
ศรีสะเกษ,กุมภาพันธ์,บริการ,18,27.3
ศรีสะเกษ,มีนาคม,ขายส่ง/ขายปลีก,12,18.2
ศรีสะเกษ,มีนาคม,ผลิต,1,0.1
ศรีสะเกษ,มีนาคม,บริการ,8,9.0
ศรีสะเกษ,เมษายน,ขายส่ง/ขายปลีก,7,10.6
ศรีสะเกษ,เมษายน,ผลิต,2,6.0
ศรีสะเกษ,เมษายน,บริการ,10,9.0
ศรีสะเกษ,พฤษภาคม,ขายส่ง/ขายปลีก,7,6.4
ศรีสะเกษ,พฤษภาคม,ผลิต,3,6.0
ศรีสะเกษ,พฤษภาคม,บริการ,14,16.5
ศรีสะเกษ,มิถุนายน,ขายส่ง/ขายปลีก,9,18.2
ศรีสะเกษ,มิถุนายน,ผลิต,3,3.0
ศรีสะเกษ,มิถุนายน,บริการ,17,30.75
ศรีสะเกษ,กรกฎาคม,ขายส่ง/ขายปลีก,8,14.8
ศรีสะเกษ,กรกฎาคม,ผลิต,2,2.2
ศรีสะเกษ,กรกฎาคม,บริการ,9,12.5
ศรีสะเกษ,สิงหาคม,ขายส่ง/ขายปลีก,15,18.2
ศรีสะเกษ,สิงหาคม,ผลิต,1,1.0
ศรีสะเกษ,สิงหาคม,บริการ,7,10.2
ศรีสะเกษ,กันยายน,ขายส่ง/ขายปลีก,12,14.65
ศรีสะเกษ,กันยายน,ผลิต,1,1.0
ศรีสะเกษ,กันยายน,บริการ,16,14.8
ศรีสะเกษ,ตุลาคม,ขายส่ง/ขายปลีก,11,12.1
ศรีสะเกษ,ตุลาคม,ผลิต,3,23.05
ศรีสะเกษ,ตุลาคม,บริการ,12,43.1
ศรีสะเกษ,พฤศจิกายน,ขายส่ง/ขายปลีก,16,17.4
ศรีสะเกษ,พฤศจิกายน,ผลิต,1,5.0
ศรีสะเกษ,พฤศจิกายน,บริการ,7,4.0
ศรีสะเกษ,ธันวาคม,ขายส่ง/ขายปลีก,2,1.5
ศรีสะเกษ,ธันวาคม,ผลิต,1,1.0
ศรีสะเกษ,ธันวาคม,บริการ,6,46.15
สกลนคร,มกราคม,ขายส่ง/ขายปลีก,16,23.0
สกลนคร,มกราคม,ผลิต,3,7.0
สกลนคร,มกราคม,บริการ,12,13.0
สกลนคร,กุมภาพันธ์,ขายส่ง/ขายปลีก,9,21.6
สกลนคร,กุมภาพันธ์,ผลิต,0,0.0
สกลนคร,กุมภาพันธ์,บริการ,21,28.35
สกลนคร,มีนาคม,ขายส่ง/ขายปลีก,12,11.6
สกลนคร,มีนาคม,ผลิต,1,4.0
สกลนคร,มีนาคม,บริการ,15,17.1
สกลนคร,เมษายน,ขายส่ง/ขายปลีก,9,10.7
สกลนคร,เมษายน,ผลิต,0,0.0
สกลนคร,เมษายน,บริการ,8,8.2
สกลนคร,พฤษภาคม,ขายส่ง/ขายปลีก,14,14.51
สกลนคร,พฤษภาคม,ผลิต,1,1.0
สกลนคร,พฤษภาคม,บริการ,16,27.5
สกลนคร,มิถุนายน,ขายส่ง/ขายปลีก,27,49.8
สกลนคร,มิถุนายน,ผลิต,2,2.3
สกลนคร,มิถุนายน,บริการ,10,11.17
สกลนคร,กรกฎาคม,ขายส่ง/ขายปลีก,16,28.11
สกลนคร,กรกฎาคม,ผลิต,0,0.0
สกลนคร,กรกฎาคม,บริการ,16,31.91
สกลนคร,สิงหาคม,ขายส่ง/ขายปลีก,17,24.1
สกลนคร,สิงหาคม,ผลิต,3,2.5
สกลนคร,สิงหาคม,บริการ,13,22.3
สกลนคร,กันยายน,ขายส่ง/ขายปลีก,14,18.8
สกลนคร,กันยายน,ผลิต,1,1.0
สกลนคร,กันยายน,บริการ,13,17.6
สกลนคร,ตุลาคม,ขายส่ง/ขายปลีก,8,18.5
สกลนคร,ตุลาคม,ผลิต,1,2.0
สกลนคร,ตุลาคม,บริการ,17,12.61
สกลนคร,พฤศจิกายน,ขายส่ง/ขายปลีก,9,12.6
สกลนคร,พฤศจิกายน,ผลิต,1,1.0
สกลนคร,พฤศจิกายน,บริการ,11,9.3
สกลนคร,ธันวาคม,ขายส่ง/ขายปลีก,4,3.1
สกลนคร,ธันวาคม,ผลิต,0,0.0
สกลนคร,ธันวาคม,บริการ,11,13.9
สุรินทร์,มกราคม,ขายส่ง/ขายปลีก,19,32.1
สุรินทร์,มกราคม,ผลิต,3,2.25
สุรินทร์,มกราคม,บริการ,17,22.2
สุรินทร์,กุมภาพันธ์,ขายส่ง/ขายปลีก,12,24.0
สุรินทร์,กุมภาพันธ์,ผลิต,1,0.5
สุรินทร์,กุมภาพันธ์,บริการ,16,84.2
สุรินทร์,มีนาคม,ขายส่ง/ขายปลีก,7,13.1
สุรินทร์,มีนาคม,ผลิต,1,1.0
สุรินทร์,มีนาคม,บริการ,20,30.86
สุรินทร์,เมษายน,ขายส่ง/ขายปลีก,17,37.7
สุรินทร์,เมษายน,ผลิต,0,0.0
สุรินทร์,เมษายน,บริการ,17,19.3
สุรินทร์,พฤษภาคม,ขายส่ง/ขายปลีก,11,15.1
สุรินทร์,พฤษภาคม,ผลิต,1,2.0
สุรินทร์,พฤษภาคม,บริการ,5,4.5
สุรินทร์,มิถุนายน,ขายส่ง/ขายปลีก,10,8.32
สุรินทร์,มิถุนายน,ผลิต,2,4.0
สุรินทร์,มิถุนายน,บริการ,12,19.3
สุรินทร์,กรกฎาคม,ขายส่ง/ขายปลีก,7,5.7
สุรินทร์,กรกฎาคม,ผลิต,3,2.5
สุรินทร์,กรกฎาคม,บริการ,14,17.9
สุรินทร์,สิงหาคม,ขายส่ง/ขายปลีก,5,12.5
สุรินทร์,สิงหาคม,ผลิต,1,0.5
สุรินทร์,สิงหาคม,บริการ,20,36.35
สุรินทร์,กันยายน,ขายส่ง/ขายปลีก,12,12.81
สุรินทร์,กันยายน,ผลิต,2,3.0
สุรินทร์,กันยายน,บริการ,15,220.8
สุรินทร์,ตุลาคม,ขายส่ง/ขายปลีก,13,18.25
สุรินทร์,ตุลาคม,ผลิต,3,6.7
สุรินทร์,ตุลาคม,บริการ,15,18.9
สุรินทร์,พฤศจิกายน,ขายส่ง/ขายปลีก,5,9.0
สุรินทร์,พฤศจิกายน,ผลิต,2,2.5
สุรินทร์,พฤศจิกายน,บริการ,9,12.1
สุรินทร์,ธันวาคม,ขายส่ง/ขายปลีก,2,1.5
สุรินทร์,ธันวาคม,ผลิต,1,0.01
สุรินทร์,ธันวาคม,บริการ,9,8.9
หนองคาย,มกราคม,ขายส่ง/ขายปลีก,11,8.2
หนองคาย,มกราคม,ผลิต,5,5.0
หนองคาย,มกราคม,บริการ,12,13.3
หนองคาย,กุมภาพันธ์,ขายส่ง/ขายปลีก,5,4.5
หนองคาย,กุมภาพันธ์,ผลิต,0,0.0
หนองคาย,กุมภาพันธ์,บริการ,7,11.6
หนองคาย,มีนาคม,ขายส่ง/ขายปลีก,7,5.5
หนองคาย,มีนาคม,ผลิต,4,5.5
หนองคาย,มีนาคม,บริการ,9,16.0
หนองคาย,เมษายน,ขายส่ง/ขายปลีก,10,14.4
หนองคาย,เมษายน,ผลิต,0,0.0
หนองคาย,เมษายน,บริการ,8,11.5
หนองคาย,พฤษภาคม,ขายส่ง/ขายปลีก,7,14.5
หนองคาย,พฤษภาคม,ผลิต,4,10.0
หนองคาย,พฤษภาคม,บริการ,12,13.0
หนองคาย,มิถุนายน,ขายส่ง/ขายปลีก,11,12.04
หนองคาย,มิถุนายน,ผลิต,1,1.0
หนองคาย,มิถุนายน,บริการ,8,14.0
หนองคาย,กรกฎาคม,ขายส่ง/ขายปลีก,11,11.0
หนองคาย,กรกฎาคม,ผลิต,4,8.0
หนองคาย,กรกฎาคม,บริการ,11,18.19
หนองคาย,สิงหาคม,ขายส่ง/ขายปลีก,10,8.5
หนองคาย,สิงหาคม,ผลิต,0,0.0
หนองคาย,สิงหาคม,บริการ,10,16.0
หนองคาย,กันยายน,ขายส่ง/ขายปลีก,9,11.85
หนองคาย,กันยายน,ผลิต,1,1.0
หนองคาย,กันยายน,บริการ,11,10.9
หนองคาย,ตุลาคม,ขายส่ง/ขายปลีก,12,32.0
หนองคาย,ตุลาคม,ผลิต,3,11.0
หนองคาย,ตุลาคม,บริการ,9,11.5
หนองคาย,พฤศจิกายน,ขายส่ง/ขายปลีก,7,7.0
หนองคาย,พฤศจิกายน,ผลิต,0,0.0
หนองคาย,พฤศจิกายน,บริการ,9,16.1
หนองคาย,ธันวาคม,ขายส่ง/ขายปลีก,11,12.0
หนองคาย,ธันวาคม,ผลิต,2,6.0
หนองคาย,ธันวาคม,บริการ,6,10.0
หนองบัวลำภู,มกราคม,ขายส่ง/ขายปลีก,7,8.5
หนองบัวลำภู,มกราคม,ผลิต,1,0.1
หนองบัวลำภู,มกราคม,บริการ,7,10.5
หนองบัวลำภู,กุมภาพันธ์,ขายส่ง/ขายปลีก,2,2.0
หนองบัวลำภู,กุมภาพันธ์,ผลิต,1,1.0
หนองบัวลำภู,กุมภาพันธ์,บริการ,8,12.6
หนองบัวลำภู,มีนาคม,ขายส่ง/ขายปลีก,1,2.5
หนองบัวลำภู,มีนาคม,ผลิต,0,0.0
หนองบัวลำภู,มีนาคม,บริการ,6,9.06
หนองบัวลำภู,เมษายน,ขายส่ง/ขายปลีก,5,6.0
หนองบัวลำภู,เมษายน,ผลิต,1,1.0
หนองบัวลำภู,เมษายน,บริการ,4,9.0
หนองบัวลำภู,พฤษภาคม,ขายส่ง/ขายปลีก,7,6.1
หนองบัวลำภู,พฤษภาคม,ผลิต,2,5.5
หนองบัวลำภู,พฤษภาคม,บริการ,7,6.0
หนองบัวลำภู,มิถุนายน,ขายส่ง/ขายปลีก,6,10.25
หนองบัวลำภู,มิถุนายน,ผลิต,1,1.0
หนองบัวลำภู,มิถุนายน,บริการ,3,6.2
หนองบัวลำภู,กรกฎาคม,ขายส่ง/ขายปลีก,4,3.6
หนองบัวลำภู,กรกฎาคม,ผลิต,1,5.0
หนองบัวลำภู,กรกฎาคม,บริการ,4,3.5
หนองบัวลำภู,สิงหาคม,ขายส่ง/ขายปลีก,7,7.5
หนองบัวลำภู,สิงหาคม,ผลิต,0,0.0
หนองบัวลำภู,สิงหาคม,บริการ,13,21.51
หนองบัวลำภู,กันยายน,ขายส่ง/ขายปลีก,9,15.0
หนองบัวลำภู,กันยายน,ผลิต,3,13.0
หนองบัวลำภู,กันยายน,บริการ,12,22.1
หนองบัวลำภู,ตุลาคม,ขายส่ง/ขายปลีก,7,9.1
หนองบัวลำภู,ตุลาคม,ผลิต,2,1.5
หนองบัวลำภู,ตุลาคม,บริการ,8,13.8
หนองบัวลำภู,พฤศจิกายน,ขายส่ง/ขายปลีก,3,3.0
หนองบัวลำภู,พฤศจิกายน,ผลิต,1,1.0
หนองบัวลำภู,พฤศจิกายน,บริการ,4,12.0
หนองบัวลำภู,ธันวาคม,ขายส่ง/ขายปลีก,11,11.0
หนองบัวลำภู,ธันวาคม,ผลิต,0,0.0
หนองบัวลำภู,ธันวาคม,บริการ,1,1.0
อำนาจเจริญ,มกราคม,ขายส่ง/ขายปลีก,5,10.5
อำนาจเจริญ,มกราคม,ผลิต,1,0.02
อำนาจเจริญ,มกราคม,บริการ,4,5.5
อำนาจเจริญ,กุมภาพันธ์,ขายส่ง/ขายปลีก,7,12.5
อำนาจเจริญ,กุมภาพันธ์,ผลิต,2,1.5
อำนาจเจริญ,กุมภาพันธ์,บริการ,8,12.1
อำนาจเจริญ,มีนาคม,ขายส่ง/ขายปลีก,3,4.0
อำนาจเจริญ,มีนาคม,ผลิต,1,1.0
อำนาจเจริญ,มีนาคม,บริการ,4,23.7
อำนาจเจริญ,เมษายน,ขายส่ง/ขายปลีก,8,6.2
อำนาจเจริญ,เมษายน,ผลิต,2,2.0
อำนาจเจริญ,เมษายน,บริการ,8,16.0
อำนาจเจริญ,พฤษภาคม,ขายส่ง/ขายปลีก,1,1.0
อำนาจเจริญ,พฤษภาคม,ผลิต,0,0.0
อำนาจเจริญ,พฤษภาคม,บริการ,5,4.05
อำนาจเจริญ,มิถุนายน,ขายส่ง/ขายปลีก,4,5.5
อำนาจเจริญ,มิถุนายน,ผลิต,1,3.0
อำนาจเจริญ,มิถุนายน,บริการ,4,5.3
อำนาจเจริญ,กรกฎาคม,ขายส่ง/ขายปลีก,0,0.0
อำนาจเจริญ,กรกฎาคม,ผลิต,2,2.0
อำนาจเจริญ,กรกฎาคม,บริการ,6,17.35
อำนาจเจริญ,สิงหาคม,ขายส่ง/ขายปลีก,2,1.5
อำนาจเจริญ,สิงหาคม,ผลิต,0,0.0
อำนาจเจริญ,สิงหาคม,บริการ,5,9.4
อำนาจเจริญ,กันยายน,ขายส่ง/ขายปลีก,7,8.5
อำนาจเจริญ,กันยายน,ผลิต,0,0.0
อำนาจเจริญ,กันยายน,บริการ,2,2.0
อำนาจเจริญ,ตุลาคม,ขายส่ง/ขายปลีก,2,2.0
อำนาจเจริญ,ตุลาคม,ผลิต,0,0.0
อำนาจเจริญ,ตุลาคม,บริการ,5,9.0
อำนาจเจริญ,พฤศจิกายน,ขายส่ง/ขายปลีก,4,7.13
อำนาจเจริญ,พฤศจิกายน,ผลิต,0,0.0
อำนาจเจริญ,พฤศจิกายน,บริการ,4,5.0
อำนาจเจริญ,ธันวาคม,ขายส่ง/ขายปลีก,5,9.0
อำนาจเจริญ,ธันวาคม,ผลิต,0,0.0
อำนาจเจริญ,ธันวาคม,บริการ,2,2.0
อุดรธานี,มกราคม,ขายส่ง/ขายปลีก,30,42.5
อุดรธานี,มกราคม,ผลิต,2,7.0
อุดรธานี,มกราคม,บริการ,43,70.29
อุดรธานี,กุมภาพันธ์,ขายส่ง/ขายปลีก,32,45.3005
อุดรธานี,กุมภาพันธ์,ผลิต,3,2.1
อุดรธานี,กุมภาพันธ์,บริการ,29,33.51
อุดรธานี,มีนาคม,ขายส่ง/ขายปลีก,25,39.5
อุดรธานี,มีนาคม,ผลิต,2,2.5
อุดรธานี,มีนาคม,บริการ,31,51.28
อุดรธานี,เมษายน,ขายส่ง/ขายปลีก,21,31.3
อุดรธานี,เมษายน,ผลิต,2,1.5
อุดรธานี,เมษายน,บริการ,30,59.46
อุดรธานี,พฤษภาคม,ขายส่ง/ขายปลีก,26,40.16
อุดรธานี,พฤษภาคม,ผลิต,9,12.0
อุดรธานี,พฤษภาคม,บริการ,37,41.9
อุดรธานี,มิถุนายน,ขายส่ง/ขายปลีก,23,33.0
อุดรธานี,มิถุนายน,ผลิต,8,14.0
อุดรธานี,มิถุนายน,บริการ,37,51.4
อุดรธานี,กรกฎาคม,ขายส่ง/ขายปลีก,36,47.0
อุดรธานี,กรกฎาคม,ผลิต,6,9.1
อุดรธานี,กรกฎาคม,บริการ,41,57.9
อุดรธานี,สิงหาคม,ขายส่ง/ขายปลีก,27,29.62
อุดรธานี,สิงหาคม,ผลิต,5,7.3
อุดรธานี,สิงหาคม,บริการ,40,47.0
อุดรธานี,กันยายน,ขายส่ง/ขายปลีก,30,34.5
อุดรธานี,กันยายน,ผลิต,5,8.5
อุดรธานี,กันยายน,บริการ,34,58.5
อุดรธานี,ตุลาคม,ขายส่ง/ขายปลีก,51,71.4
อุดรธานี,ตุลาคม,ผลิต,8,514.4
อุดรธานี,ตุลาคม,บริการ,46,113.0
อุดรธานี,พฤศจิกายน,ขายส่ง/ขายปลีก,36,50.6
อุดรธานี,พฤศจิกายน,ผลิต,5,11.0
อุดรธานี,พฤศจิกายน,บริการ,32,77.02
อุดรธานี,ธันวาคม,ขายส่ง/ขายปลีก,16,17.4
อุดรธานี,ธันวาคม,ผลิต,4,4.0
อุดรธานี,ธันวาคม,บริการ,24,46.2
อุบลราชธานี,มกราคม,ขายส่ง/ขายปลีก,42,78.92
อุบลราชธานี,มกราคม,ผลิต,6,14.5
อุบลราชธานี,มกราคม,บริการ,48,51.4
อุบลราชธานี,กุมภาพันธ์,ขายส่ง/ขายปลีก,21,30.7022
อุบลราชธานี,กุมภาพันธ์,ผลิต,8,14.3
อุบลราชธานี,กุมภาพันธ์,บริการ,30,38.12
อุบลราชธานี,มีนาคม,ขายส่ง/ขายปลีก,24,34.7
อุบลราชธานี,มีนาคม,ผลิต,7,10.8
อุบลราชธานี,มีนาคม,บริการ,29,48.7
อุบลราชธานี,เมษายน,ขายส่ง/ขายปลีก,21,39.4
อุบลราชธานี,เมษายน,ผลิต,5,4.7
อุบลราชธานี,เมษายน,บริการ,28,52.7
อุบลราชธานี,พฤษภาคม,ขายส่ง/ขายปลีก,20,31.1
อุบลราชธานี,พฤษภาคม,ผลิต,4,4.0
อุบลราชธานี,พฤษภาคม,บริการ,29,84.66
อุบลราชธานี,มิถุนายน,ขายส่ง/ขายปลีก,31,55.2
อุบลราชธานี,มิถุนายน,ผลิต,2,1.1
อุบลราชธานี,มิถุนายน,บริการ,40,87.7045
อุบลราชธานี,กรกฎาคม,ขายส่ง/ขายปลีก,26,41.3
อุบลราชธานี,กรกฎาคม,ผลิต,2,6.0
อุบลราชธานี,กรกฎาคม,บริการ,22,29.2
อุบลราชธานี,สิงหาคม,ขายส่ง/ขายปลีก,34,53.6505
อุบลราชธานี,สิงหาคม,ผลิต,4,4.4
อุบลราชธานี,สิงหาคม,บริการ,38,50.7
อุบลราชธานี,กันยายน,ขายส่ง/ขายปลีก,25,68.9
อุบลราชธานี,กันยายน,ผลิต,6,11.0
อุบลราชธานี,กันยายน,บริการ,39,45.26
อุบลราชธานี,ตุลาคม,ขายส่ง/ขายปลีก,45,63.3
อุบลราชธานี,ตุลาคม,ผลิต,2,10.5
อุบลราชธานี,ตุลาคม,บริการ,34,68.673
อุบลราชธานี,พฤศจิกายน,ขายส่ง/ขายปลีก,21,33.2
อุบลราชธานี,พฤศจิกายน,ผลิต,6,18.0
อุบลราชธานี,พฤศจิกายน,บริการ,32,67.7
อุบลราชธานี,ธันวาคม,ขายส่ง/ขายปลีก,13,18.7
อุบลราชธานี,ธันวาคม,ผลิต,3,5.5
อุบลราชธานี,ธันวาคม,บริการ,17,27.6
กำแพงเพชร,มกราคม,ขายส่ง/ขายปลีก,11,11.159465
กำแพงเพชร,มกราคม,ผลิต,1,1.0
กำแพงเพชร,มกราคม,บริการ,13,10.7
กำแพงเพชร,กุมภาพันธ์,ขายส่ง/ขายปลีก,13,15.25
กำแพงเพชร,กุมภาพันธ์,ผลิต,1,3.0
กำแพงเพชร,กุมภาพันธ์,บริการ,8,8.9
กำแพงเพชร,มีนาคม,ขายส่ง/ขายปลีก,11,12.52
กำแพงเพชร,มีนาคม,ผลิต,2,2.0
กำแพงเพชร,มีนาคม,บริการ,10,14.9
กำแพงเพชร,เมษายน,ขายส่ง/ขายปลีก,11,11.9
กำแพงเพชร,เมษายน,ผลิต,0,0.0
กำแพงเพชร,เมษายน,บริการ,8,5.7
กำแพงเพชร,พฤษภาคม,ขายส่ง/ขายปลีก,6,6.5
กำแพงเพชร,พฤษภาคม,ผลิต,2,5.002
กำแพงเพชร,พฤษภาคม,บริการ,12,17.21
กำแพงเพชร,มิถุนายน,ขายส่ง/ขายปลีก,8,8.8
กำแพงเพชร,มิถุนายน,ผลิต,3,2.5
กำแพงเพชร,มิถุนายน,บริการ,11,14.25
กำแพงเพชร,กรกฎาคม,ขายส่ง/ขายปลีก,9,10.0
กำแพงเพชร,กรกฎาคม,ผลิต,3,8.0
กำแพงเพชร,กรกฎาคม,บริการ,8,16.0
กำแพงเพชร,สิงหาคม,ขายส่ง/ขายปลีก,4,4.05
กำแพงเพชร,สิงหาคม,ผลิต,1,1.0
กำแพงเพชร,สิงหาคม,บริการ,7,9.7
กำแพงเพชร,กันยายน,ขายส่ง/ขายปลีก,16,11.7
กำแพงเพชร,กันยายน,ผลิต,3,11.0
กำแพงเพชร,กันยายน,บริการ,21,26.05
กำแพงเพชร,ตุลาคม,ขายส่ง/ขายปลีก,16,25.0
กำแพงเพชร,ตุลาคม,ผลิต,5,13.4
กำแพงเพชร,ตุลาคม,บริการ,7,11.0
กำแพงเพชร,พฤศจิกายน,ขายส่ง/ขายปลีก,7,5.5
กำแพงเพชร,พฤศจิกายน,ผลิต,0,0.0
กำแพงเพชร,พฤศจิกายน,บริการ,6,9.25
กำแพงเพชร,ธันวาคม,ขายส่ง/ขายปลีก,5,5.0
กำแพงเพชร,ธันวาคม,ผลิต,0,0.0
กำแพงเพชร,ธันวาคม,บริการ,6,12.0
เชียงราย,มกราคม,ขายส่ง/ขายปลีก,44,58.5
เชียงราย,มกราคม,ผลิต,4,3.5
เชียงราย,มกราคม,บริการ,50,76.652
เชียงราย,กุมภาพันธ์,ขายส่ง/ขายปลีก,22,26.2
เชียงราย,กุมภาพันธ์,ผลิต,11,21.1
เชียงราย,กุมภาพันธ์,บริการ,45,57.93
เชียงราย,มีนาคม,ขายส่ง/ขายปลีก,23,20.603
เชียงราย,มีนาคม,ผลิต,4,11.0
เชียงราย,มีนาคม,บริการ,38,49.233433
เชียงราย,เมษายน,ขายส่ง/ขายปลีก,24,38.95
เชียงราย,เมษายน,ผลิต,6,9.2
เชียงราย,เมษายน,บริการ,30,38.31
เชียงราย,พฤษภาคม,ขายส่ง/ขายปลีก,32,68.865
เชียงราย,พฤษภาคม,ผลิต,2,2.0
เชียงราย,พฤษภาคม,บริการ,42,57.65
เชียงราย,มิถุนายน,ขายส่ง/ขายปลีก,20,23.45
เชียงราย,มิถุนายน,ผลิต,7,7.0
เชียงราย,มิถุนายน,บริการ,33,43.501
เชียงราย,กรกฎาคม,ขายส่ง/ขายปลีก,40,64.76
เชียงราย,กรกฎาคม,ผลิต,4,3.1
เชียงราย,กรกฎาคม,บริการ,42,50.3602
เชียงราย,สิงหาคม,ขายส่ง/ขายปลีก,40,55.56
เชียงราย,สิงหาคม,ผลิต,9,8.5
เชียงราย,สิงหาคม,บริการ,48,58.41
เชียงราย,กันยายน,ขายส่ง/ขายปลีก,42,138.25
เชียงราย,กันยายน,ผลิต,7,9.200001
เชียงราย,กันยายน,บริการ,49,80.8
เชียงราย,ตุลาคม,ขายส่ง/ขายปลีก,36,53.75
เชียงราย,ตุลาคม,ผลิต,11,19.0
เชียงราย,ตุลาคม,บริการ,54,81.49
เชียงราย,พฤศจิกายน,ขายส่ง/ขายปลีก,33,31.1
เชียงราย,พฤศจิกายน,ผลิต,7,5.4
เชียงราย,พฤศจิกายน,บริการ,37,149.85
เชียงราย,ธันวาคม,ขายส่ง/ขายปลีก,19,24.2
เชียงราย,ธันวาคม,ผลิต,5,13.0
เชียงราย,ธันวาคม,บริการ,28,42.1
เชียงใหม่,มกราคม,ขายส่ง/ขายปลีก,82,96.29
เชียงใหม่,มกราคม,ผลิต,32,57.95
เชียงใหม่,มกราคม,บริการ,235,487.395
เชียงใหม่,กุมภาพันธ์,ขายส่ง/ขายปลีก,112,149.85
เชียงใหม่,กุมภาพันธ์,ผลิต,18,30.1509
เชียงใหม่,กุมภาพันธ์,บริการ,184,306.62
เชียงใหม่,มีนาคม,ขายส่ง/ขายปลีก,110,157.5
เชียงใหม่,มีนาคม,ผลิต,25,34.35
เชียงใหม่,มีนาคม,บริการ,193,365.852
เชียงใหม่,เมษายน,ขายส่ง/ขายปลีก,64,109.35
เชียงใหม่,เมษายน,ผลิต,20,22.45
เชียงใหม่,เมษายน,บริการ,140,244.135
เชียงใหม่,พฤษภาคม,ขายส่ง/ขายปลีก,93,139.86
เชียงใหม่,พฤษภาคม,ผลิต,13,19.1
เชียงใหม่,พฤษภาคม,บริการ,138,245.6
เชียงใหม่,มิถุนายน,ขายส่ง/ขายปลีก,96,120.45
เชียงใหม่,มิถุนายน,ผลิต,17,26.05
เชียงใหม่,มิถุนายน,บริการ,182,320.18
เชียงใหม่,กรกฎาคม,ขายส่ง/ขายปลีก,118,179.7
เชียงใหม่,กรกฎาคม,ผลิต,23,38.5
เชียงใหม่,กรกฎาคม,บริการ,181,261.9935
เชียงใหม่,สิงหาคม,ขายส่ง/ขายปลีก,95,114.045
เชียงใหม่,สิงหาคม,ผลิต,22,129.7
เชียงใหม่,สิงหาคม,บริการ,179,245.73
เชียงใหม่,กันยายน,ขายส่ง/ขายปลีก,99,130.32
เชียงใหม่,กันยายน,ผลิต,15,27.5
เชียงใหม่,กันยายน,บริการ,193,331.989999
เชียงใหม่,ตุลาคม,ขายส่ง/ขายปลีก,107,153.3
เชียงใหม่,ตุลาคม,ผลิต,16,16.9
เชียงใหม่,ตุลาคม,บริการ,181,456.27
เชียงใหม่,พฤศจิกายน,ขายส่ง/ขายปลีก,75,107.14
เชียงใหม่,พฤศจิกายน,ผลิต,18,53.8
เชียงใหม่,พฤศจิกายน,บริการ,137,843.962
เชียงใหม่,ธันวาคม,ขายส่ง/ขายปลีก,55,94.119999
เชียงใหม่,ธันวาคม,ผลิต,7,13.51
เชียงใหม่,ธันวาคม,บริการ,261,223.5111
ตาก,มกราคม,ขายส่ง/ขายปลีก,16,19.1
ตาก,มกราคม,ผลิต,1,1.0
ตาก,มกราคม,บริการ,16,24.305
ตาก,กุมภาพันธ์,ขายส่ง/ขายปลีก,11,8.9
ตาก,กุมภาพันธ์,ผลิต,0,0.0
ตาก,กุมภาพันธ์,บริการ,10,17.25
ตาก,มีนาคม,ขายส่ง/ขายปลีก,12,13.1
ตาก,มีนาคม,ผลิต,2,4.0
ตาก,มีนาคม,บริการ,14,11.65
ตาก,เมษายน,ขายส่ง/ขายปลีก,10,17.6
ตาก,เมษายน,ผลิต,3,2.5
ตาก,เมษายน,บริการ,11,14.5
ตาก,พฤษภาคม,ขายส่ง/ขายปลีก,14,28.5
ตาก,พฤษภาคม,ผลิต,2,4.0
ตาก,พฤษภาคม,บริการ,8,16.0
ตาก,มิถุนายน,ขายส่ง/ขายปลีก,18,17.2
ตาก,มิถุนายน,ผลิต,5,10.1
ตาก,มิถุนายน,บริการ,15,16.25
ตาก,กรกฎาคม,ขายส่ง/ขายปลีก,14,19.84
ตาก,กรกฎาคม,ผลิต,2,2.0
ตาก,กรกฎาคม,บริการ,11,14.9
ตาก,สิงหาคม,ขายส่ง/ขายปลีก,22,20.78
ตาก,สิงหาคม,ผลิต,2,3.0
ตาก,สิงหาคม,บริการ,13,15.5
ตาก,กันยายน,ขายส่ง/ขายปลีก,17,19.5
ตาก,กันยายน,ผลิต,4,5.0
ตาก,กันยายน,บริการ,19,25.8
ตาก,ตุลาคม,ขายส่ง/ขายปลีก,18,20.502
ตาก,ตุลาคม,ผลิต,3,28.7
ตาก,ตุลาคม,บริการ,24,25.91
ตาก,พฤศจิกายน,ขายส่ง/ขายปลีก,21,19.61
ตาก,พฤศจิกายน,ผลิต,2,3.0
ตาก,พฤศจิกายน,บริการ,11,22.1
ตาก,ธันวาคม,ขายส่ง/ขายปลีก,22,27.3
ตาก,ธันวาคม,ผลิต,1,1.0
ตาก,ธันวาคม,บริการ,2,3.0
นครสวรรค์,มกราคม,ขายส่ง/ขายปลีก,16,28.3
นครสวรรค์,มกราคม,ผลิต,4,4.0
นครสวรรค์,มกราคม,บริการ,23,31.5
นครสวรรค์,กุมภาพันธ์,ขายส่ง/ขายปลีก,19,34.3
นครสวรรค์,กุมภาพันธ์,ผลิต,6,7.4
นครสวรรค์,กุมภาพันธ์,บริการ,16,21.36
นครสวรรค์,มีนาคม,ขายส่ง/ขายปลีก,22,25.3
นครสวรรค์,มีนาคม,ผลิต,4,8.03
นครสวรรค์,มีนาคม,บริการ,19,37.2
นครสวรรค์,เมษายน,ขายส่ง/ขายปลีก,22,20.8
นครสวรรค์,เมษายน,ผลิต,3,13.0
นครสวรรค์,เมษายน,บริการ,10,6.8
นครสวรรค์,พฤษภาคม,ขายส่ง/ขายปลีก,12,11.25
นครสวรรค์,พฤษภาคม,ผลิต,8,11.0
นครสวรรค์,พฤษภาคม,บริการ,15,15.0
นครสวรรค์,มิถุนายน,ขายส่ง/ขายปลีก,10,51.5
นครสวรรค์,มิถุนายน,ผลิต,1,1.0
นครสวรรค์,มิถุนายน,บริการ,26,23.3
นครสวรรค์,กรกฎาคม,ขายส่ง/ขายปลีก,21,28.2
นครสวรรค์,กรกฎาคม,ผลิต,3,1.7
นครสวรรค์,กรกฎาคม,บริการ,16,18.15
นครสวรรค์,สิงหาคม,ขายส่ง/ขายปลีก,28,26.5
นครสวรรค์,สิงหาคม,ผลิต,9,12.05
นครสวรรค์,สิงหาคม,บริการ,15,11.51
นครสวรรค์,กันยายน,ขายส่ง/ขายปลีก,24,44.6
นครสวรรค์,กันยายน,ผลิต,1,0.1
นครสวรรค์,กันยายน,บริการ,28,32.18
นครสวรรค์,ตุลาคม,ขายส่ง/ขายปลีก,25,30.8
นครสวรรค์,ตุลาคม,ผลิต,6,11.2
นครสวรรค์,ตุลาคม,บริการ,14,30.0
นครสวรรค์,พฤศจิกายน,ขายส่ง/ขายปลีก,22,24.65
นครสวรรค์,พฤศจิกายน,ผลิต,5,23.5
นครสวรรค์,พฤศจิกายน,บริการ,19,20.7
นครสวรรค์,ธันวาคม,ขายส่ง/ขายปลีก,10,6.95
นครสวรรค์,ธันวาคม,ผลิต,1,1.0
นครสวรรค์,ธันวาคม,บริการ,13,17.1
น่าน,มกราคม,ขายส่ง/ขายปลีก,11,38.6
น่าน,มกราคม,ผลิต,2,1.5
น่าน,มกราคม,บริการ,8,11.5
น่าน,กุมภาพันธ์,ขายส่ง/ขายปลีก,7,9.6
น่าน,กุมภาพันธ์,ผลิต,0,0.0
น่าน,กุมภาพันธ์,บริการ,12,13.4
น่าน,มีนาคม,ขายส่ง/ขายปลีก,2,2.0
น่าน,มีนาคม,ผลิต,0,0.0
น่าน,มีนาคม,บริการ,10,7.1
น่าน,เมษายน,ขายส่ง/ขายปลีก,5,3.6
น่าน,เมษายน,ผลิต,2,4.0
น่าน,เมษายน,บริการ,4,1.35
น่าน,พฤษภาคม,ขายส่ง/ขายปลีก,6,9.2
น่าน,พฤษภาคม,ผลิต,0,0.0
น่าน,พฤษภาคม,บริการ,5,5.0
น่าน,มิถุนายน,ขายส่ง/ขายปลีก,2,2.0
น่าน,มิถุนายน,ผลิต,0,0.0
น่าน,มิถุนายน,บริการ,7,8.8
น่าน,กรกฎาคม,ขายส่ง/ขายปลีก,6,11.0
น่าน,กรกฎาคม,ผลิต,3,1.8
น่าน,กรกฎาคม,บริการ,6,19.0
น่าน,สิงหาคม,ขายส่ง/ขายปลีก,7,6.11
น่าน,สิงหาคม,ผลิต,1,1.8888
น่าน,สิงหาคม,บริการ,15,19.0
น่าน,กันยายน,ขายส่ง/ขายปลีก,5,4.565
น่าน,กันยายน,ผลิต,3,3.0
น่าน,กันยายน,บริการ,6,3.7
น่าน,ตุลาคม,ขายส่ง/ขายปลีก,9,19.0
น่าน,ตุลาคม,ผลิต,1,0.02
น่าน,ตุลาคม,บริการ,8,6.8
น่าน,พฤศจิกายน,ขายส่ง/ขายปลีก,3,2.54
น่าน,พฤศจิกายน,ผลิต,1,2.0
น่าน,พฤศจิกายน,บริการ,7,14.125
น่าน,ธันวาคม,ขายส่ง/ขายปลีก,4,1.7
น่าน,ธันวาคม,ผลิต,0,0.0
น่าน,ธันวาคม,บริการ,2,2.0
พะเยา,มกราคม,ขายส่ง/ขายปลีก,6,6.4
พะเยา,มกราคม,ผลิต,3,2.0
พะเยา,มกราคม,บริการ,15,21.2
พะเยา,กุมภาพันธ์,ขายส่ง/ขายปลีก,3,2.2
พะเยา,กุมภาพันธ์,ผลิต,3,3.0
พะเยา,กุมภาพันธ์,บริการ,10,20.2
พะเยา,มีนาคม,ขายส่ง/ขายปลีก,3,6.0
พะเยา,มีนาคม,ผลิต,0,0.0
พะเยา,มีนาคม,บริการ,7,6.25
พะเยา,เมษายน,ขายส่ง/ขายปลีก,3,6.0
พะเยา,เมษายน,ผลิต,1,4.0
พะเยา,เมษายน,บริการ,13,18.15
พะเยา,พฤษภาคม,ขายส่ง/ขายปลีก,8,11.6
พะเยา,พฤษภาคม,ผลิต,2,3.0
พะเยา,พฤษภาคม,บริการ,13,21.4
พะเยา,มิถุนายน,ขายส่ง/ขายปลีก,4,12.0
พะเยา,มิถุนายน,ผลิต,1,0.06
พะเยา,มิถุนายน,บริการ,8,11.35
พะเยา,กรกฎาคม,ขายส่ง/ขายปลีก,6,11.5
พะเยา,กรกฎาคม,ผลิต,0,0.0
พะเยา,กรกฎาคม,บริการ,11,7.7
พะเยา,สิงหาคม,ขายส่ง/ขายปลีก,8,9.0
พะเยา,สิงหาคม,ผลิต,2,0.6
พะเยา,สิงหาคม,บริการ,6,8.5
พะเยา,กันยายน,ขายส่ง/ขายปลีก,10,17.5
พะเยา,กันยายน,ผลิต,4,7.1
พะเยา,กันยายน,บริการ,10,9.15
พะเยา,ตุลาคม,ขายส่ง/ขายปลีก,15,17.0
พะเยา,ตุลาคม,ผลิต,2,3.5
พะเยา,ตุลาคม,บริการ,16,19.5
พะเยา,พฤศจิกายน,ขายส่ง/ขายปลีก,7,7.0
พะเยา,พฤศจิกายน,ผลิต,2,1.5
พะเยา,พฤศจิกายน,บริการ,6,6.0
พะเยา,ธันวาคม,ขายส่ง/ขายปลีก,6,4.52
พะเยา,ธันวาคม,ผลิต,0,0.0
พะเยา,ธันวาคม,บริการ,2,2.0
พิจิตร,มกราคม,ขายส่ง/ขายปลีก,5,10.5
พิจิตร,มกราคม,ผลิต,0,0.0
พิจิตร,มกราคม,บริการ,6,4.6
พิจิตร,กุมภาพันธ์,ขายส่ง/ขายปลีก,5,7.0
พิจิตร,กุมภาพันธ์,ผลิต,1,0.1
พิจิตร,กุมภาพันธ์,บริการ,7,7.0
พิจิตร,มีนาคม,ขายส่ง/ขายปลีก,7,5.5
พิจิตร,มีนาคม,ผลิต,0,0.0
พิจิตร,มีนาคม,บริการ,10,16.0
พิจิตร,เมษายน,ขายส่ง/ขายปลีก,5,15.0
พิจิตร,เมษายน,ผลิต,2,1.5
พิจิตร,เมษายน,บริการ,5,8.0
พิจิตร,พฤษภาคม,ขายส่ง/ขายปลีก,10,8.0
พิจิตร,พฤษภาคม,ผลิต,1,1.0
พิจิตร,พฤษภาคม,บริการ,7,10.7
พิจิตร,มิถุนายน,ขายส่ง/ขายปลีก,12,9.7
พิจิตร,มิถุนายน,ผลิต,0,0.0
พิจิตร,มิถุนายน,บริการ,13,18.1
พิจิตร,กรกฎาคม,ขายส่ง/ขายปลีก,14,37.32
พิจิตร,กรกฎาคม,ผลิต,1,2.0
พิจิตร,กรกฎาคม,บริการ,11,16.8
พิจิตร,สิงหาคม,ขายส่ง/ขายปลีก,9,8.2
พิจิตร,สิงหาคม,ผลิต,2,0.3
พิจิตร,สิงหาคม,บริการ,7,4.5
พิจิตร,กันยายน,ขายส่ง/ขายปลีก,7,7.5
พิจิตร,กันยายน,ผลิต,1,2.0
พิจิตร,กันยายน,บริการ,12,15.4
พิจิตร,ตุลาคม,ขายส่ง/ขายปลีก,2,1.3
พิจิตร,ตุลาคม,ผลิต,1,5.0
พิจิตร,ตุลาคม,บริการ,5,10.0
พิจิตร,พฤศจิกายน,ขายส่ง/ขายปลีก,8,8.4
พิจิตร,พฤศจิกายน,ผลิต,6,30.5
พิจิตร,พฤศจิกายน,บริการ,7,14.8
พิจิตร,ธันวาคม,ขายส่ง/ขายปลีก,4,8.0
พิจิตร,ธันวาคม,ผลิต,6,7.8
พิจิตร,ธันวาคม,บริการ,3,3.0
พิษณุโลก,มกราคม,ขายส่ง/ขายปลีก,16,26.82250741
พิษณุโลก,มกราคม,ผลิต,8,5.9
พิษณุโลก,มกราคม,บริการ,22,27.95
พิษณุโลก,กุมภาพันธ์,ขายส่ง/ขายปลีก,22,22.592
พิษณุโลก,กุมภาพันธ์,ผลิต,1,0.4
พิษณุโลก,กุมภาพันธ์,บริการ,29,33.5
พิษณุโลก,มีนาคม,ขายส่ง/ขายปลีก,18,18.8
พิษณุโลก,มีนาคม,ผลิต,2,1.05
พิษณุโลก,มีนาคม,บริการ,17,16.42
พิษณุโลก,เมษายน,ขายส่ง/ขายปลีก,17,13.25
พิษณุโลก,เมษายน,ผลิต,3,7.0
พิษณุโลก,เมษายน,บริการ,26,31.2
พิษณุโลก,พฤษภาคม,ขายส่ง/ขายปลีก,23,37.6
พิษณุโลก,พฤษภาคม,ผลิต,7,9.3
พิษณุโลก,พฤษภาคม,บริการ,14,9.61
พิษณุโลก,มิถุนายน,ขายส่ง/ขายปลีก,31,23.6
พิษณุโลก,มิถุนายน,ผลิต,4,7.1
พิษณุโลก,มิถุนายน,บริการ,15,25.4
พิษณุโลก,กรกฎาคม,ขายส่ง/ขายปลีก,47,36.0
พิษณุโลก,กรกฎาคม,ผลิต,8,15.5
พิษณุโลก,กรกฎาคม,บริการ,29,42.2
พิษณุโลก,สิงหาคม,ขายส่ง/ขายปลีก,17,20.25
พิษณุโลก,สิงหาคม,ผลิต,3,6.2
พิษณุโลก,สิงหาคม,บริการ,22,43.6
พิษณุโลก,กันยายน,ขายส่ง/ขายปลีก,27,25.8
พิษณุโลก,กันยายน,ผลิต,9,10.889375
พิษณุโลก,กันยายน,บริการ,26,24.2
พิษณุโลก,ตุลาคม,ขายส่ง/ขายปลีก,16,23.5
พิษณุโลก,ตุลาคม,ผลิต,1,1.0
พิษณุโลก,ตุลาคม,บริการ,21,25.75
พิษณุโลก,พฤศจิกายน,ขายส่ง/ขายปลีก,10,12.6
พิษณุโลก,พฤศจิกายน,ผลิต,2,1.7
พิษณุโลก,พฤศจิกายน,บริการ,17,21.9
พิษณุโลก,ธันวาคม,ขายส่ง/ขายปลีก,12,17.15
พิษณุโลก,ธันวาคม,ผลิต,4,7.0
พิษณุโลก,ธันวาคม,บริการ,11,14.999999
เพชรบูรณ์,มกราคม,ขายส่ง/ขายปลีก,15,17.5
เพชรบูรณ์,มกราคม,ผลิต,4,6.2
เพชรบูรณ์,มกราคม,บริการ,10,10.0
เพชรบูรณ์,กุมภาพันธ์,ขายส่ง/ขายปลีก,13,15.2
เพชรบูรณ์,กุมภาพันธ์,ผลิต,0,0.0
เพชรบูรณ์,กุมภาพันธ์,บริการ,12,11.32
เพชรบูรณ์,มีนาคม,ขายส่ง/ขายปลีก,13,15.85
เพชรบูรณ์,มีนาคม,ผลิต,2,2.0
เพชรบูรณ์,มีนาคม,บริการ,14,12.7
เพชรบูรณ์,เมษายน,ขายส่ง/ขายปลีก,6,10.0
เพชรบูรณ์,เมษายน,ผลิต,5,6.0
เพชรบูรณ์,เมษายน,บริการ,9,13.31
เพชรบูรณ์,พฤษภาคม,ขายส่ง/ขายปลีก,18,20.9
เพชรบูรณ์,พฤษภาคม,ผลิต,4,4.0
เพชรบูรณ์,พฤษภาคม,บริการ,11,13.8
เพชรบูรณ์,มิถุนายน,ขายส่ง/ขายปลีก,10,15.0
เพชรบูรณ์,มิถุนายน,ผลิต,5,4.7
เพชรบูรณ์,มิถุนายน,บริการ,11,12.05
เพชรบูรณ์,กรกฎาคม,ขายส่ง/ขายปลีก,8,12.6
เพชรบูรณ์,กรกฎาคม,ผลิต,5,2.705
เพชรบูรณ์,กรกฎาคม,บริการ,20,26.9
เพชรบูรณ์,สิงหาคม,ขายส่ง/ขายปลีก,6,5.4
เพชรบูรณ์,สิงหาคม,ผลิต,2,1.5
เพชรบูรณ์,สิงหาคม,บริการ,15,22.28
เพชรบูรณ์,กันยายน,ขายส่ง/ขายปลีก,18,16.0
เพชรบูรณ์,กันยายน,ผลิต,1,0.5
เพชรบูรณ์,กันยายน,บริการ,15,17.65
เพชรบูรณ์,ตุลาคม,ขายส่ง/ขายปลีก,12,18.86
เพชรบูรณ์,ตุลาคม,ผลิต,4,11.05
เพชรบูรณ์,ตุลาคม,บริการ,19,17.6
เพชรบูรณ์,พฤศจิกายน,ขายส่ง/ขายปลีก,4,7.45
เพชรบูรณ์,พฤศจิกายน,ผลิต,1,5.0
เพชรบูรณ์,พฤศจิกายน,บริการ,14,17.6
เพชรบูรณ์,ธันวาคม,ขายส่ง/ขายปลีก,8,10.5
เพชรบูรณ์,ธันวาคม,ผลิต,1,3.0
เพชรบูรณ์,ธันวาคม,บริการ,3,2.25
แพร่,มกราคม,ขายส่ง/ขายปลีก,3,5.0
แพร่,มกราคม,ผลิต,1,1.0
แพร่,มกราคม,บริการ,6,5.5
แพร่,กุมภาพันธ์,ขายส่ง/ขายปลีก,3,3.25
แพร่,กุมภาพันธ์,ผลิต,1,0.5
แพร่,กุมภาพันธ์,บริการ,9,13.3
แพร่,มีนาคม,ขายส่ง/ขายปลีก,7,6.5
แพร่,มีนาคม,ผลิต,3,3.0
แพร่,มีนาคม,บริการ,6,9.3
แพร่,เมษายน,ขายส่ง/ขายปลีก,5,10.3
แพร่,เมษายน,ผลิต,0,0.0
แพร่,เมษายน,บริการ,7,6.04
แพร่,พฤษภาคม,ขายส่ง/ขายปลีก,1,1.0
แพร่,พฤษภาคม,ผลิต,3,3.0
แพร่,พฤษภาคม,บริการ,8,10.928888
แพร่,มิถุนายน,ขายส่ง/ขายปลีก,3,3.0
แพร่,มิถุนายน,ผลิต,0,0.0
แพร่,มิถุนายน,บริการ,5,9.0
แพร่,กรกฎาคม,ขายส่ง/ขายปลีก,9,20.2
แพร่,กรกฎาคม,ผลิต,3,4.9
แพร่,กรกฎาคม,บริการ,2,2.0
แพร่,สิงหาคม,ขายส่ง/ขายปลีก,7,5.375
แพร่,สิงหาคม,ผลิต,2,3.0
แพร่,สิงหาคม,บริการ,7,4.8
แพร่,กันยายน,ขายส่ง/ขายปลีก,5,6.2892
แพร่,กันยายน,ผลิต,1,1.0
แพร่,กันยายน,บริการ,9,7.1
แพร่,ตุลาคม,ขายส่ง/ขายปลีก,8,6.4
แพร่,ตุลาคม,ผลิต,1,3.0
แพร่,ตุลาคม,บริการ,12,8.4
แพร่,พฤศจิกายน,ขายส่ง/ขายปลีก,3,2.5
แพร่,พฤศจิกายน,ผลิต,1,1.0
แพร่,พฤศจิกายน,บริการ,5,4.2
แพร่,ธันวาคม,ขายส่ง/ขายปลีก,2,2.0
แพร่,ธันวาคม,ผลิต,2,2.0
แพร่,ธันวาคม,บริการ,6,4.6
แม่ฮ่องสอน,มกราคม,ขายส่ง/ขายปลีก,5,11.5
แม่ฮ่องสอน,มกราคม,ผลิต,0,0.0
แม่ฮ่องสอน,มกราคม,บริการ,4,10.0
แม่ฮ่องสอน,กุมภาพันธ์,ขายส่ง/ขายปลีก,2,6.0
แม่ฮ่องสอน,กุมภาพันธ์,ผลิต,0,0.0
แม่ฮ่องสอน,กุมภาพันธ์,บริการ,6,17.0
แม่ฮ่องสอน,มีนาคม,ขายส่ง/ขายปลีก,1,1.0
แม่ฮ่องสอน,มีนาคม,ผลิต,0,0.0
แม่ฮ่องสอน,มีนาคม,บริการ,1,1.0
แม่ฮ่องสอน,เมษายน,ขายส่ง/ขายปลีก,1,5.0
แม่ฮ่องสอน,เมษายน,ผลิต,0,0.0
แม่ฮ่องสอน,เมษายน,บริการ,5,17.1
แม่ฮ่องสอน,พฤษภาคม,ขายส่ง/ขายปลีก,0,0.0
แม่ฮ่องสอน,พฤษภาคม,ผลิต,0,0.0
แม่ฮ่องสอน,พฤษภาคม,บริการ,1,2.0
แม่ฮ่องสอน,มิถุนายน,ขายส่ง/ขายปลีก,2,4.0
แม่ฮ่องสอน,มิถุนายน,ผลิต,2,9.0
แม่ฮ่องสอน,มิถุนายน,บริการ,3,11.0
แม่ฮ่องสอน,กรกฎาคม,ขายส่ง/ขายปลีก,3,4.0
แม่ฮ่องสอน,กรกฎาคม,ผลิต,0,0.0
แม่ฮ่องสอน,กรกฎาคม,บริการ,7,16.0
แม่ฮ่องสอน,สิงหาคม,ขายส่ง/ขายปลีก,2,5.0
แม่ฮ่องสอน,สิงหาคม,ผลิต,0,0.0
แม่ฮ่องสอน,สิงหาคม,บริการ,3,2.7
แม่ฮ่องสอน,กันยายน,ขายส่ง/ขายปลีก,4,4.1
แม่ฮ่องสอน,กันยายน,ผลิต,1,2.0
แม่ฮ่องสอน,กันยายน,บริการ,2,6.0
แม่ฮ่องสอน,ตุลาคม,ขายส่ง/ขายปลีก,1,1.0
แม่ฮ่องสอน,ตุลาคม,ผลิต,0,0.0
แม่ฮ่องสอน,ตุลาคม,บริการ,2,6.0
แม่ฮ่องสอน,พฤศจิกายน,ขายส่ง/ขายปลีก,1,2.0
แม่ฮ่องสอน,พฤศจิกายน,ผลิต,1,5.0
แม่ฮ่องสอน,พฤศจิกายน,บริการ,1,1.2
แม่ฮ่องสอน,ธันวาคม,ขายส่ง/ขายปลีก,0,0.0
แม่ฮ่องสอน,ธันวาคม,ผลิต,0,0.0
แม่ฮ่องสอน,ธันวาคม,บริการ,2,3.0
ลำปาง,มกราคม,ขายส่ง/ขายปลีก,14,27.5
ลำปาง,มกราคม,ผลิต,6,2.05
ลำปาง,มกราคม,บริการ,19,28.4
ลำปาง,กุมภาพันธ์,ขายส่ง/ขายปลีก,18,26.09
ลำปาง,กุมภาพันธ์,ผลิต,5,6.8
ลำปาง,กุมภาพันธ์,บริการ,14,28.2
ลำปาง,มีนาคม,ขายส่ง/ขายปลีก,15,23.1
ลำปาง,มีนาคม,ผลิต,3,7.0
ลำปาง,มีนาคม,บริการ,17,23.0
ลำปาง,เมษายน,ขายส่ง/ขายปลีก,5,10.0
ลำปาง,เมษายน,ผลิต,3,7.0
ลำปาง,เมษายน,บริการ,17,24.5
ลำปาง,พฤษภาคม,ขายส่ง/ขายปลีก,13,14.0
ลำปาง,พฤษภาคม,ผลิต,4,8.1
ลำปาง,พฤษภาคม,บริการ,12,12.3
ลำปาง,มิถุนายน,ขายส่ง/ขายปลีก,13,10.6
ลำปาง,มิถุนายน,ผลิต,3,1.4
ลำปาง,มิถุนายน,บริการ,14,18.61
ลำปาง,กรกฎาคม,ขายส่ง/ขายปลีก,17,27.3
ลำปาง,กรกฎาคม,ผลิต,4,7.5
ลำปาง,กรกฎาคม,บริการ,16,19.1
ลำปาง,สิงหาคม,ขายส่ง/ขายปลีก,16,19.65
ลำปาง,สิงหาคม,ผลิต,4,12.5
ลำปาง,สิงหาคม,บริการ,18,29.2
ลำปาง,กันยายน,ขายส่ง/ขายปลีก,24,24.8
ลำปาง,กันยายน,ผลิต,3,7.0
ลำปาง,กันยายน,บริการ,24,25.45
ลำปาง,ตุลาคม,ขายส่ง/ขายปลีก,16,18.5
ลำปาง,ตุลาคม,ผลิต,2,1.6
ลำปาง,ตุลาคม,บริการ,11,13.202
ลำปาง,พฤศจิกายน,ขายส่ง/ขายปลีก,17,53.49
ลำปาง,พฤศจิกายน,ผลิต,3,7.0
ลำปาง,พฤศจิกายน,บริการ,18,27.35
ลำปาง,ธันวาคม,ขายส่ง/ขายปลีก,19,18.2
ลำปาง,ธันวาคม,ผลิต,1,1.0
ลำปาง,ธันวาคม,บริการ,17,18.05
ลำพูน,มกราคม,ขายส่ง/ขายปลีก,17,24.3
ลำพูน,มกราคม,ผลิต,9,13.0
ลำพูน,มกราคม,บริการ,17,25.2
ลำพูน,กุมภาพันธ์,ขายส่ง/ขายปลีก,4,8.0
ลำพูน,กุมภาพันธ์,ผลิต,3,2.5
ลำพูน,กุมภาพันธ์,บริการ,17,17.5
ลำพูน,มีนาคม,ขายส่ง/ขายปลีก,16,39.2
ลำพูน,มีนาคม,ผลิต,2,1.3
ลำพูน,มีนาคม,บริการ,14,16.6
ลำพูน,เมษายน,ขายส่ง/ขายปลีก,4,1.8
ลำพูน,เมษายน,ผลิต,3,2.5
ลำพูน,เมษายน,บริการ,10,13.15
ลำพูน,พฤษภาคม,ขายส่ง/ขายปลีก,7,6.3
ลำพูน,พฤษภาคม,ผลิต,2,551.0
ลำพูน,พฤษภาคม,บริการ,7,6.9
ลำพูน,มิถุนายน,ขายส่ง/ขายปลีก,20,27.72
ลำพูน,มิถุนายน,ผลิต,5,8.3
ลำพูน,มิถุนายน,บริการ,13,14.0
ลำพูน,กรกฎาคม,ขายส่ง/ขายปลีก,13,21.5
ลำพูน,กรกฎาคม,ผลิต,0,0.0
ลำพูน,กรกฎาคม,บริการ,20,24.2605
ลำพูน,สิงหาคม,ขายส่ง/ขายปลีก,8,13.5
ลำพูน,สิงหาคม,ผลิต,4,8.0
ลำพูน,สิงหาคม,บริการ,17,21.7048
ลำพูน,กันยายน,ขายส่ง/ขายปลีก,10,11.72
ลำพูน,กันยายน,ผลิต,2,6.0
ลำพูน,กันยายน,บริการ,17,17.615
ลำพูน,ตุลาคม,ขายส่ง/ขายปลีก,11,11.0
ลำพูน,ตุลาคม,ผลิต,8,11.3
ลำพูน,ตุลาคม,บริการ,10,9.43
ลำพูน,พฤศจิกายน,ขายส่ง/ขายปลีก,7,10.0
ลำพูน,พฤศจิกายน,ผลิต,2,2.0
ลำพูน,พฤศจิกายน,บริการ,8,14.501
ลำพูน,ธันวาคม,ขายส่ง/ขายปลีก,4,3.25
ลำพูน,ธันวาคม,ผลิต,2,4.0
ลำพูน,ธันวาคม,บริการ,4,8.0
สุโขทัย,มกราคม,ขายส่ง/ขายปลีก,8,10.5
สุโขทัย,มกราคม,ผลิต,1,5.0
สุโขทัย,มกราคม,บริการ,11,15.6
สุโขทัย,กุมภาพันธ์,ขายส่ง/ขายปลีก,8,13.0
สุโขทัย,กุมภาพันธ์,ผลิต,0,0.0
สุโขทัย,กุมภาพันธ์,บริการ,7,5.6
สุโขทัย,มีนาคม,ขายส่ง/ขายปลีก,4,8.0
สุโขทัย,มีนาคม,ผลิต,3,6.5
สุโขทัย,มีนาคม,บริการ,5,4.0
สุโขทัย,เมษายน,ขายส่ง/ขายปลีก,3,3.0
สุโขทัย,เมษายน,ผลิต,4,2.3
สุโขทัย,เมษายน,บริการ,6,8.0
สุโขทัย,พฤษภาคม,ขายส่ง/ขายปลีก,4,2.8
สุโขทัย,พฤษภาคม,ผลิต,0,0.0
สุโขทัย,พฤษภาคม,บริการ,8,5.67
สุโขทัย,มิถุนายน,ขายส่ง/ขายปลีก,3,1.0
สุโขทัย,มิถุนายน,ผลิต,0,0.0
สุโขทัย,มิถุนายน,บริการ,8,5.25
สุโขทัย,กรกฎาคม,ขายส่ง/ขายปลีก,10,13.436025
สุโขทัย,กรกฎาคม,ผลิต,0,0.0
สุโขทัย,กรกฎาคม,บริการ,11,22.7
สุโขทัย,สิงหาคม,ขายส่ง/ขายปลีก,7,7.1
สุโขทัย,สิงหาคม,ผลิต,1,5.0
สุโขทัย,สิงหาคม,บริการ,9,8.1
สุโขทัย,กันยายน,ขายส่ง/ขายปลีก,19,28.05496
สุโขทัย,กันยายน,ผลิต,5,3.15
สุโขทัย,กันยายน,บริการ,9,8.0
สุโขทัย,ตุลาคม,ขายส่ง/ขายปลีก,8,8.0
สุโขทัย,ตุลาคม,ผลิต,0,0.0
สุโขทัย,ตุลาคม,บริการ,9,8.5
สุโขทัย,พฤศจิกายน,ขายส่ง/ขายปลีก,8,11.51
สุโขทัย,พฤศจิกายน,ผลิต,1,1.0
สุโขทัย,พฤศจิกายน,บริการ,7,7.64
สุโขทัย,ธันวาคม,ขายส่ง/ขายปลีก,6,9.0
สุโขทัย,ธันวาคม,ผลิต,3,3.0
สุโขทัย,ธันวาคม,บริการ,5,3.3
อุตรดิตถ์,มกราคม,ขายส่ง/ขายปลีก,8,9.15
อุตรดิตถ์,มกราคม,ผลิต,2,2.5
อุตรดิตถ์,มกราคม,บริการ,13,15.7
อุตรดิตถ์,กุมภาพันธ์,ขายส่ง/ขายปลีก,7,9.5
อุตรดิตถ์,กุมภาพันธ์,ผลิต,4,5.5
อุตรดิตถ์,กุมภาพันธ์,บริการ,7,11.2
อุตรดิตถ์,มีนาคม,ขายส่ง/ขายปลีก,8,6.6
อุตรดิตถ์,มีนาคม,ผลิต,2,8.0
อุตรดิตถ์,มีนาคม,บริการ,0,0.0
อุตรดิตถ์,เมษายน,ขายส่ง/ขายปลีก,6,3.1
อุตรดิตถ์,เมษายน,ผลิต,2,5.0
อุตรดิตถ์,เมษายน,บริการ,6,14.0
อุตรดิตถ์,พฤษภาคม,ขายส่ง/ขายปลีก,4,8.2
อุตรดิตถ์,พฤษภาคม,ผลิต,1,0.3
อุตรดิตถ์,พฤษภาคม,บริการ,9,13.0
อุตรดิตถ์,มิถุนายน,ขายส่ง/ขายปลีก,9,8.545
อุตรดิตถ์,มิถุนายน,ผลิต,2,2.0
อุตรดิตถ์,มิถุนายน,บริการ,7,4.85
อุตรดิตถ์,กรกฎาคม,ขายส่ง/ขายปลีก,10,14.805
อุตรดิตถ์,กรกฎาคม,ผลิต,2,2.98
อุตรดิตถ์,กรกฎาคม,บริการ,14,22.3
อุตรดิตถ์,สิงหาคม,ขายส่ง/ขายปลีก,6,5.18
อุตรดิตถ์,สิงหาคม,ผลิต,1,5.0
อุตรดิตถ์,สิงหาคม,บริการ,9,11.68
อุตรดิตถ์,กันยายน,ขายส่ง/ขายปลีก,3,11.0
อุตรดิตถ์,กันยายน,ผลิต,1,1.0
อุตรดิตถ์,กันยายน,บริการ,4,7.0
อุตรดิตถ์,ตุลาคม,ขายส่ง/ขายปลีก,6,14.0
อุตรดิตถ์,ตุลาคม,ผลิต,2,5.002
อุตรดิตถ์,ตุลาคม,บริการ,4,8.5
อุตรดิตถ์,พฤศจิกายน,ขายส่ง/ขายปลีก,3,1.51
อุตรดิตถ์,พฤศจิกายน,ผลิต,1,1.0
อุตรดิตถ์,พฤศจิกายน,บริการ,2,2.0
อุตรดิตถ์,ธันวาคม,ขายส่ง/ขายปลีก,2,2.0
อุตรดิตถ์,ธันวาคม,ผลิต,0,0.0
อุตรดิตถ์,ธันวาคม,บริการ,4,1.22
อุทัยธานี,มกราคม,ขายส่ง/ขายปลีก,4,12.0
อุทัยธานี,มกราคม,ผลิต,1,1.0
อุทัยธานี,มกราคม,บริการ,1,5.0
อุทัยธานี,กุมภาพันธ์,ขายส่ง/ขายปลีก,2,169.0
อุทัยธานี,กุมภาพันธ์,ผลิต,0,0.0
อุทัยธานี,กุมภาพันธ์,บริการ,3,6.1
อุทัยธานี,มีนาคม,ขายส่ง/ขายปลีก,3,3.0
อุทัยธานี,มีนาคม,ผลิต,1,5.0
อุทัยธานี,มีนาคม,บริการ,2,1.1
อุทัยธานี,เมษายน,ขายส่ง/ขายปลีก,1,1.0
อุทัยธานี,เมษายน,ผลิต,1,1.0
อุทัยธานี,เมษายน,บริการ,1,1.0
อุทัยธานี,พฤษภาคม,ขายส่ง/ขายปลีก,2,1.5
อุทัยธานี,พฤษภาคม,ผลิต,0,0.0
อุทัยธานี,พฤษภาคม,บริการ,4,4.0
อุทัยธานี,มิถุนายน,ขายส่ง/ขายปลีก,1,1.0
อุทัยธานี,มิถุนายน,ผลิต,0,0.0
อุทัยธานี,มิถุนายน,บริการ,5,4.2
อุทัยธานี,กรกฎาคม,ขายส่ง/ขายปลีก,4,2.2
อุทัยธานี,กรกฎาคม,ผลิต,0,0.0
อุทัยธานี,กรกฎาคม,บริการ,4,12.5
อุทัยธานี,สิงหาคม,ขายส่ง/ขายปลีก,4,4.1
อุทัยธานี,สิงหาคม,ผลิต,0,0.0
อุทัยธานี,สิงหาคม,บริการ,3,3.0
อุทัยธานี,กันยายน,ขายส่ง/ขายปลีก,4,2.4
อุทัยธานี,กันยายน,ผลิต,1,5.0
อุทัยธานี,กันยายน,บริการ,1,1.0
อุทัยธานี,ตุลาคม,ขายส่ง/ขายปลีก,7,9.3
อุทัยธานี,ตุลาคม,ผลิต,1,0.5
อุทัยธานี,ตุลาคม,บริการ,5,6.0
อุทัยธานี,พฤศจิกายน,ขายส่ง/ขายปลีก,2,2.0
อุทัยธานี,พฤศจิกายน,ผลิต,0,0.0
อุทัยธานี,พฤศจิกายน,บริการ,6,14.0
อุทัยธานี,ธันวาคม,ขายส่ง/ขายปลีก,5,4.9
อุทัยธานี,ธันวาคม,ผลิต,0,0.0
อุทัยธานี,ธันวาคม,บริการ,3,10.0
กระบี่,มกราคม,ขายส่ง/ขายปลีก,10,10.7
กระบี่,มกราคม,ผลิต,2,7.0
กระบี่,มกราคม,บริการ,35,85.7
กระบี่,กุมภาพันธ์,ขายส่ง/ขายปลีก,6,8.0
กระบี่,กุมภาพันธ์,ผลิต,3,3.0
กระบี่,กุมภาพันธ์,บริการ,24,40.4
กระบี่,มีนาคม,ขายส่ง/ขายปลีก,4,6.5
กระบี่,มีนาคม,ผลิต,0,0.0
กระบี่,มีนาคม,บริการ,34,51.06
กระบี่,เมษายน,ขายส่ง/ขายปลีก,9,7.75
กระบี่,เมษายน,ผลิต,0,0.0
กระบี่,เมษายน,บริการ,29,52.4
กระบี่,พฤษภาคม,ขายส่ง/ขายปลีก,8,10.1
กระบี่,พฤษภาคม,ผลิต,0,0.0
กระบี่,พฤษภาคม,บริการ,30,73.0
กระบี่,มิถุนายน,ขายส่ง/ขายปลีก,8,12.3
กระบี่,มิถุนายน,ผลิต,2,1.8
กระบี่,มิถุนายน,บริการ,34,74.8
กระบี่,กรกฎาคม,ขายส่ง/ขายปลีก,3,4.0
กระบี่,กรกฎาคม,ผลิต,2,4.5
กระบี่,กรกฎาคม,บริการ,31,53.8
กระบี่,สิงหาคม,ขายส่ง/ขายปลีก,5,7.5
กระบี่,สิงหาคม,ผลิต,3,259.7858
กระบี่,สิงหาคม,บริการ,37,100.65
กระบี่,กันยายน,ขายส่ง/ขายปลีก,5,9.2
กระบี่,กันยายน,ผลิต,0,0.0
กระบี่,กันยายน,บริการ,30,50.15
กระบี่,ตุลาคม,ขายส่ง/ขายปลีก,10,11.9
กระบี่,ตุลาคม,ผลิต,1,0.5
กระบี่,ตุลาคม,บริการ,30,45.2
กระบี่,พฤศจิกายน,ขายส่ง/ขายปลีก,6,10.5
กระบี่,พฤศจิกายน,ผลิต,0,0.0
กระบี่,พฤศจิกายน,บริการ,21,43.35
กระบี่,ธันวาคม,ขายส่ง/ขายปลีก,4,3.5
กระบี่,ธันวาคม,ผลิต,3,3.5
กระบี่,ธันวาคม,บริการ,14,27.0
ชุมพร,มกราคม,ขายส่ง/ขายปลีก,14,21.4
ชุมพร,มกราคม,ผลิต,1,1.0
ชุมพร,มกราคม,บริการ,10,16.0
ชุมพร,กุมภาพันธ์,ขายส่ง/ขายปลีก,13,27.8
ชุมพร,กุมภาพันธ์,ผลิต,1,2.0
ชุมพร,กุมภาพันธ์,บริการ,10,7.238
ชุมพร,มีนาคม,ขายส่ง/ขายปลีก,7,7.3
ชุมพร,มีนาคม,ผลิต,3,3.5
ชุมพร,มีนาคม,บริการ,10,10.0
ชุมพร,เมษายน,ขายส่ง/ขายปลีก,10,16.0
ชุมพร,เมษายน,ผลิต,0,0.0
ชุมพร,เมษายน,บริการ,7,17.0
ชุมพร,พฤษภาคม,ขายส่ง/ขายปลีก,9,8.605
ชุมพร,พฤษภาคม,ผลิต,1,1.0
ชุมพร,พฤษภาคม,บริการ,5,8.5
ชุมพร,มิถุนายน,ขายส่ง/ขายปลีก,9,16.3
ชุมพร,มิถุนายน,ผลิต,1,0.2
ชุมพร,มิถุนายน,บริการ,8,22.0
ชุมพร,กรกฎาคม,ขายส่ง/ขายปลีก,7,13.0
ชุมพร,กรกฎาคม,ผลิต,3,3.0
ชุมพร,กรกฎาคม,บริการ,6,9.5
ชุมพร,สิงหาคม,ขายส่ง/ขายปลีก,14,29.9
ชุมพร,สิงหาคม,ผลิต,1,1.0
ชุมพร,สิงหาคม,บริการ,14,14.15
ชุมพร,กันยายน,ขายส่ง/ขายปลีก,18,21.8
ชุมพร,กันยายน,ผลิต,1,1.0
ชุมพร,กันยายน,บริการ,10,20.0
ชุมพร,ตุลาคม,ขายส่ง/ขายปลีก,6,15.0
ชุมพร,ตุลาคม,ผลิต,2,1.1
ชุมพร,ตุลาคม,บริการ,8,15.25
ชุมพร,พฤศจิกายน,ขายส่ง/ขายปลีก,11,14.95
ชุมพร,พฤศจิกายน,ผลิต,0,0.0
ชุมพร,พฤศจิกายน,บริการ,11,10.11
ชุมพร,ธันวาคม,ขายส่ง/ขายปลีก,10,15.8
ชุมพร,ธันวาคม,ผลิต,1,0.5
ชุมพร,ธันวาคม,บริการ,5,2.5
ตรัง,มกราคม,ขายส่ง/ขายปลีก,7,10.8
ตรัง,มกราคม,ผลิต,1,1.0
ตรัง,มกราคม,บริการ,18,79.18
ตรัง,กุมภาพันธ์,ขายส่ง/ขายปลีก,13,22.0009
ตรัง,กุมภาพันธ์,ผลิต,1,1.0
ตรัง,กุมภาพันธ์,บริการ,9,13.1
ตรัง,มีนาคม,ขายส่ง/ขายปลีก,7,11.85
ตรัง,มีนาคม,ผลิต,0,0.0
ตรัง,มีนาคม,บริการ,10,8.8
ตรัง,เมษายน,ขายส่ง/ขายปลีก,2,3.0
ตรัง,เมษายน,ผลิต,1,1.0
ตรัง,เมษายน,บริการ,8,8.3
ตรัง,พฤษภาคม,ขายส่ง/ขายปลีก,15,11.6
ตรัง,พฤษภาคม,ผลิต,0,0.0
ตรัง,พฤษภาคม,บริการ,5,5.0
ตรัง,มิถุนายน,ขายส่ง/ขายปลีก,8,9.4
ตรัง,มิถุนายน,ผลิต,2,2.5
ตรัง,มิถุนายน,บริการ,8,17.12
ตรัง,กรกฎาคม,ขายส่ง/ขายปลีก,11,11.5
ตรัง,กรกฎาคม,ผลิต,3,4.0
ตรัง,กรกฎาคม,บริการ,8,8.5
ตรัง,สิงหาคม,ขายส่ง/ขายปลีก,5,6.5
ตรัง,สิงหาคม,ผลิต,1,1.0
ตรัง,สิงหาคม,บริการ,11,20.82
ตรัง,กันยายน,ขายส่ง/ขายปลีก,9,7.76
ตรัง,กันยายน,ผลิต,1,1.0
ตรัง,กันยายน,บริการ,16,23.8
ตรัง,ตุลาคม,ขายส่ง/ขายปลีก,3,2.5
ตรัง,ตุลาคม,ผลิต,3,3.0
ตรัง,ตุลาคม,บริการ,4,7.5
ตรัง,พฤศจิกายน,ขายส่ง/ขายปลีก,4,8.0
ตรัง,พฤศจิกายน,ผลิต,0,0.0
ตรัง,พฤศจิกายน,บริการ,3,11.1
ตรัง,ธันวาคม,ขายส่ง/ขายปลีก,2,1.5
ตรัง,ธันวาคม,ผลิต,2,1.5
ตรัง,ธันวาคม,บริการ,4,3.15
นครศรีธรรมราช,มกราคม,ขายส่ง/ขายปลีก,26,26.9
นครศรีธรรมราช,มกราคม,ผลิต,4,6.0
นครศรีธรรมราช,มกราคม,บริการ,18,19.05
นครศรีธรรมราช,กุมภาพันธ์,ขายส่ง/ขายปลีก,25,35.2
นครศรีธรรมราช,กุมภาพันธ์,ผลิต,3,1.8
นครศรีธรรมราช,กุมภาพันธ์,บริการ,36,45.9
นครศรีธรรมราช,มีนาคม,ขายส่ง/ขายปลีก,25,29.85
นครศรีธรรมราช,มีนาคม,ผลิต,6,41.75
นครศรีธรรมราช,มีนาคม,บริการ,28,41.1
นครศรีธรรมราช,เมษายน,ขายส่ง/ขายปลีก,24,23.994
นครศรีธรรมราช,เมษายน,ผลิต,0,0.0
นครศรีธรรมราช,เมษายน,บริการ,24,98.7
นครศรีธรรมราช,พฤษภาคม,ขายส่ง/ขายปลีก,19,26.1
นครศรีธรรมราช,พฤษภาคม,ผลิต,1,0.5
นครศรีธรรมราช,พฤษภาคม,บริการ,19,26.0
นครศรีธรรมราช,มิถุนายน,ขายส่ง/ขายปลีก,14,28.3
นครศรีธรรมราช,มิถุนายน,ผลิต,5,7.916
นครศรีธรรมราช,มิถุนายน,บริการ,27,32.105
นครศรีธรรมราช,กรกฎาคม,ขายส่ง/ขายปลีก,25,22.95
นครศรีธรรมราช,กรกฎาคม,ผลิต,1,1.0
นครศรีธรรมราช,กรกฎาคม,บริการ,36,33.9
นครศรีธรรมราช,สิงหาคม,ขายส่ง/ขายปลีก,32,49.35
นครศรีธรรมราช,สิงหาคม,ผลิต,9,8.7
นครศรีธรรมราช,สิงหาคม,บริการ,30,42.1
นครศรีธรรมราช,กันยายน,ขายส่ง/ขายปลีก,21,25.8
นครศรีธรรมราช,กันยายน,ผลิต,6,10.5
นครศรีธรรมราช,กันยายน,บริการ,30,33.201
นครศรีธรรมราช,ตุลาคม,ขายส่ง/ขายปลีก,14,18.5
นครศรีธรรมราช,ตุลาคม,ผลิต,1,2.0
นครศรีธรรมราช,ตุลาคม,บริการ,25,40.82
นครศรีธรรมราช,พฤศจิกายน,ขายส่ง/ขายปลีก,20,23.15
นครศรีธรรมราช,พฤศจิกายน,ผลิต,3,3.0
นครศรีธรรมราช,พฤศจิกายน,บริการ,20,29.2
นครศรีธรรมราช,ธันวาคม,ขายส่ง/ขายปลีก,10,12.55
นครศรีธรรมราช,ธันวาคม,ผลิต,3,6.08
นครศรีธรรมราช,ธันวาคม,บริการ,19,27.685
นราธิวาส,มกราคม,ขายส่ง/ขายปลีก,4,8.0
นราธิวาส,มกราคม,ผลิต,0,0.0
นราธิวาส,มกราคม,บริการ,10,10.5
นราธิวาส,กุมภาพันธ์,ขายส่ง/ขายปลีก,5,11.4
นราธิวาส,กุมภาพันธ์,ผลิต,3,1.2
นราธิวาส,กุมภาพันธ์,บริการ,7,5.3
นราธิวาส,มีนาคม,ขายส่ง/ขายปลีก,24,19.4
นราธิวาส,มีนาคม,ผลิต,0,0.0
นราธิวาส,มีนาคม,บริการ,4,7.05
นราธิวาส,เมษายน,ขายส่ง/ขายปลีก,5,5.0
นราธิวาส,เมษายน,ผลิต,1,1.0
นราธิวาส,เมษายน,บริการ,6,11.0
นราธิวาส,พฤษภาคม,ขายส่ง/ขายปลีก,6,6.35
นราธิวาส,พฤษภาคม,ผลิต,1,1.0
นราธิวาส,พฤษภาคม,บริการ,9,12.515
นราธิวาส,มิถุนายน,ขายส่ง/ขายปลีก,0,0.0
นราธิวาส,มิถุนายน,ผลิต,2,1.2
นราธิวาส,มิถุนายน,บริการ,9,7.5
นราธิวาส,กรกฎาคม,ขายส่ง/ขายปลีก,3,3.0
นราธิวาส,กรกฎาคม,ผลิต,0,0.0
นราธิวาส,กรกฎาคม,บริการ,9,19.0
นราธิวาส,สิงหาคม,ขายส่ง/ขายปลีก,5,13.0
นราธิวาส,สิงหาคม,ผลิต,1,1.0
นราธิวาส,สิงหาคม,บริการ,9,24.9
นราธิวาส,กันยายน,ขายส่ง/ขายปลีก,7,7.201
นราธิวาส,กันยายน,ผลิต,0,0.0
นราธิวาส,กันยายน,บริการ,8,13.0
นราธิวาส,ตุลาคม,ขายส่ง/ขายปลีก,5,8.6
นราธิวาส,ตุลาคม,ผลิต,0,0.0
นราธิวาส,ตุลาคม,บริการ,4,4.0
นราธิวาส,พฤศจิกายน,ขายส่ง/ขายปลีก,4,8.0
นราธิวาส,พฤศจิกายน,ผลิต,0,0.0
นราธิวาส,พฤศจิกายน,บริการ,7,9.5
นราธิวาส,ธันวาคม,ขายส่ง/ขายปลีก,5,2.53
นราธิวาส,ธันวาคม,ผลิต,0,0.0
นราธิวาส,ธันวาคม,บริการ,4,4.0
ปัตตานี,มกราคม,ขายส่ง/ขายปลีก,7,25.2
ปัตตานี,มกราคม,ผลิต,1,1.0
ปัตตานี,มกราคม,บริการ,7,9.5
ปัตตานี,กุมภาพันธ์,ขายส่ง/ขายปลีก,4,7.05
ปัตตานี,กุมภาพันธ์,ผลิต,1,1.0
ปัตตานี,กุมภาพันธ์,บริการ,9,13.5
ปัตตานี,มีนาคม,ขายส่ง/ขายปลีก,8,4.7
ปัตตานี,มีนาคม,ผลิต,1,5.0
ปัตตานี,มีนาคม,บริการ,7,9.1
ปัตตานี,เมษายน,ขายส่ง/ขายปลีก,15,25.4
ปัตตานี,เมษายน,ผลิต,1,0.5
ปัตตานี,เมษายน,บริการ,7,110.0
ปัตตานี,พฤษภาคม,ขายส่ง/ขายปลีก,6,6.6
ปัตตานี,พฤษภาคม,ผลิต,2,2.0
ปัตตานี,พฤษภาคม,บริการ,5,6.0
ปัตตานี,มิถุนายน,ขายส่ง/ขายปลีก,4,3.3
ปัตตานี,มิถุนายน,ผลิต,1,0.4
ปัตตานี,มิถุนายน,บริการ,4,8.0
ปัตตานี,กรกฎาคม,ขายส่ง/ขายปลีก,8,8.05
ปัตตานี,กรกฎาคม,ผลิต,1,0.1
ปัตตานี,กรกฎาคม,บริการ,4,9.5
ปัตตานี,สิงหาคม,ขายส่ง/ขายปลีก,7,8.7
ปัตตานี,สิงหาคม,ผลิต,0,0.0
ปัตตานี,สิงหาคม,บริการ,10,18.3
ปัตตานี,กันยายน,ขายส่ง/ขายปลีก,4,2.6
ปัตตานี,กันยายน,ผลิต,0,0.0
ปัตตานี,กันยายน,บริการ,2,6.0
ปัตตานี,ตุลาคม,ขายส่ง/ขายปลีก,7,11.3
ปัตตานี,ตุลาคม,ผลิต,0,0.0
ปัตตานี,ตุลาคม,บริการ,4,3.1
ปัตตานี,พฤศจิกายน,ขายส่ง/ขายปลีก,2,3.0
ปัตตานี,พฤศจิกายน,ผลิต,1,1.0
ปัตตานี,พฤศจิกายน,บริการ,8,5.65
ปัตตานี,ธันวาคม,ขายส่ง/ขายปลีก,6,10.6
ปัตตานี,ธันวาคม,ผลิต,1,1.0
ปัตตานี,ธันวาคม,บริการ,3,7.3
พังงา,มกราคม,ขายส่ง/ขายปลีก,5,7.0
พังงา,มกราคม,ผลิต,1,1.0
พังงา,มกราคม,บริการ,13,23.8
พังงา,กุมภาพันธ์,ขายส่ง/ขายปลีก,3,3.0
พังงา,กุมภาพันธ์,ผลิต,0,0.0
พังงา,กุมภาพันธ์,บริการ,14,15.6
พังงา,มีนาคม,ขายส่ง/ขายปลีก,0,0.0
พังงา,มีนาคม,ผลิต,0,0.0
พังงา,มีนาคม,บริการ,17,21.2
พังงา,เมษายน,ขายส่ง/ขายปลีก,0,0.0
พังงา,เมษายน,ผลิต,1,4.0
พังงา,เมษายน,บริการ,12,209.8001
พังงา,พฤษภาคม,ขายส่ง/ขายปลีก,2,1.1
พังงา,พฤษภาคม,ผลิต,0,0.0
พังงา,พฤษภาคม,บริการ,14,34.0
พังงา,มิถุนายน,ขายส่ง/ขายปลีก,6,5.2
พังงา,มิถุนายน,ผลิต,0,0.0
พังงา,มิถุนายน,บริการ,5,9.0
พังงา,กรกฎาคม,ขายส่ง/ขายปลีก,4,5.803
พังงา,กรกฎาคม,ผลิต,0,0.0
พังงา,กรกฎาคม,บริการ,21,30.619289
พังงา,สิงหาคม,ขายส่ง/ขายปลีก,2,2.0
พังงา,สิงหาคม,ผลิต,0,0.0
พังงา,สิงหาคม,บริการ,16,28.1
พังงา,กันยายน,ขายส่ง/ขายปลีก,1,0.5
พังงา,กันยายน,ผลิต,5,13.3
พังงา,กันยายน,บริการ,13,20.37
พังงา,ตุลาคม,ขายส่ง/ขายปลีก,2,4.0
พังงา,ตุลาคม,ผลิต,2,10.0
พังงา,ตุลาคม,บริการ,13,19.7
พังงา,พฤศจิกายน,ขายส่ง/ขายปลีก,4,8.0
พังงา,พฤศจิกายน,ผลิต,2,2.0
พังงา,พฤศจิกายน,บริการ,9,11.5
พังงา,ธันวาคม,ขายส่ง/ขายปลีก,0,0.0
พังงา,ธันวาคม,ผลิต,1,1.0
พังงา,ธันวาคม,บริการ,3,4.0
พัทลุง,มกราคม,ขายส่ง/ขายปลีก,4,4.5
พัทลุง,มกราคม,ผลิต,1,0.03
พัทลุง,มกราคม,บริการ,13,13.0
พัทลุง,กุมภาพันธ์,ขายส่ง/ขายปลีก,7,8.0
พัทลุง,กุมภาพันธ์,ผลิต,4,8.0
พัทลุง,กุมภาพันธ์,บริการ,6,5.65
พัทลุง,มีนาคม,ขายส่ง/ขายปลีก,5,8.0
พัทลุง,มีนาคม,ผลิต,1,0.1
พัทลุง,มีนาคม,บริการ,7,24.1
พัทลุง,เมษายน,ขายส่ง/ขายปลีก,5,4.0
พัทลุง,เมษายน,ผลิต,2,2.0
พัทลุง,เมษายน,บริการ,8,14.6
พัทลุง,พฤษภาคม,ขายส่ง/ขายปลีก,6,5.6
พัทลุง,พฤษภาคม,ผลิต,0,0.0
พัทลุง,พฤษภาคม,บริการ,7,10.0
พัทลุง,มิถุนายน,ขายส่ง/ขายปลีก,9,10.1
พัทลุง,มิถุนายน,ผลิต,2,2.0
พัทลุง,มิถุนายน,บริการ,10,11.01
พัทลุง,กรกฎาคม,ขายส่ง/ขายปลีก,3,6.3
พัทลุง,กรกฎาคม,ผลิต,2,2.6
พัทลุง,กรกฎาคม,บริการ,8,10.9
พัทลุง,สิงหาคม,ขายส่ง/ขายปลีก,8,4.2
พัทลุง,สิงหาคม,ผลิต,2,2.0
พัทลุง,สิงหาคม,บริการ,6,10.75
พัทลุง,กันยายน,ขายส่ง/ขายปลีก,3,5.0
พัทลุง,กันยายน,ผลิต,3,3.0
พัทลุง,กันยายน,บริการ,11,14.2
พัทลุง,ตุลาคม,ขายส่ง/ขายปลีก,7,5.7
พัทลุง,ตุลาคม,ผลิต,1,2.0
พัทลุง,ตุลาคม,บริการ,10,8.4
พัทลุง,พฤศจิกายน,ขายส่ง/ขายปลีก,5,4.3
พัทลุง,พฤศจิกายน,ผลิต,0,0.0
พัทลุง,พฤศจิกายน,บริการ,8,14.3
พัทลุง,ธันวาคม,ขายส่ง/ขายปลีก,2,5.5
พัทลุง,ธันวาคม,ผลิต,1,1.0
พัทลุง,ธันวาคม,บริการ,4,4.7
ภูเก็ต,มกราคม,ขายส่ง/ขายปลีก,39,80.75
ภูเก็ต,มกราคม,ผลิต,13,25.0
ภูเก็ต,มกราคม,บริการ,215,499.0
ภูเก็ต,กุมภาพันธ์,ขายส่ง/ขายปลีก,29,47.3
ภูเก็ต,กุมภาพันธ์,ผลิต,7,8.3
ภูเก็ต,กุมภาพันธ์,บริการ,220,714.534
ภูเก็ต,มีนาคม,ขายส่ง/ขายปลีก,42,89.27
ภูเก็ต,มีนาคม,ผลิต,13,29.0
ภูเก็ต,มีนาคม,บริการ,226,541.87
ภูเก็ต,เมษายน,ขายส่ง/ขายปลีก,29,57.0
ภูเก็ต,เมษายน,ผลิต,5,10.0
ภูเก็ต,เมษายน,บริการ,181,679.36
ภูเก็ต,พฤษภาคม,ขายส่ง/ขายปลีก,32,59.28
ภูเก็ต,พฤษภาคม,ผลิต,8,17.9
ภูเก็ต,พฤษภาคม,บริการ,213,677.482
ภูเก็ต,มิถุนายน,ขายส่ง/ขายปลีก,27,40.81
ภูเก็ต,มิถุนายน,ผลิต,6,11.41
ภูเก็ต,มิถุนายน,บริการ,255,759.4
ภูเก็ต,กรกฎาคม,ขายส่ง/ขายปลีก,32,60.3
ภูเก็ต,กรกฎาคม,ผลิต,9,11.91
ภูเก็ต,กรกฎาคม,บริการ,180,446.7
ภูเก็ต,สิงหาคม,ขายส่ง/ขายปลีก,31,47.81
ภูเก็ต,สิงหาคม,ผลิต,6,15.5
ภูเก็ต,สิงหาคม,บริการ,178,426.38
ภูเก็ต,กันยายน,ขายส่ง/ขายปลีก,34,80.9
ภูเก็ต,กันยายน,ผลิต,7,19.0
ภูเก็ต,กันยายน,บริการ,205,471.87
ภูเก็ต,ตุลาคม,ขายส่ง/ขายปลีก,41,62.28
ภูเก็ต,ตุลาคม,ผลิต,4,13.0
ภูเก็ต,ตุลาคม,บริการ,190,691.51
ภูเก็ต,พฤศจิกายน,ขายส่ง/ขายปลีก,19,29.5
ภูเก็ต,พฤศจิกายน,ผลิต,10,20.1
ภูเก็ต,พฤศจิกายน,บริการ,169,389.52
ภูเก็ต,ธันวาคม,ขายส่ง/ขายปลีก,19,32.0
ภูเก็ต,ธันวาคม,ผลิต,3,4.0
ภูเก็ต,ธันวาคม,บริการ,150,324.165
ยะลา,มกราคม,ขายส่ง/ขายปลีก,9,10.3
ยะลา,มกราคม,ผลิต,0,0.0
ยะลา,มกราคม,บริการ,8,6.0
ยะลา,กุมภาพันธ์,ขายส่ง/ขายปลีก,7,24.6
ยะลา,กุมภาพันธ์,ผลิต,1,1.0
ยะลา,กุมภาพันธ์,บริการ,8,17.5
ยะลา,มีนาคม,ขายส่ง/ขายปลีก,1,1.0
ยะลา,มีนาคม,ผลิต,2,1.04
ยะลา,มีนาคม,บริการ,6,12.5
ยะลา,เมษายน,ขายส่ง/ขายปลีก,4,3.3
ยะลา,เมษายน,ผลิต,2,10.0
ยะลา,เมษายน,บริการ,6,11.2
ยะลา,พฤษภาคม,ขายส่ง/ขายปลีก,4,4.5
ยะลา,พฤษภาคม,ผลิต,0,0.0
ยะลา,พฤษภาคม,บริการ,5,8.1
ยะลา,มิถุนายน,ขายส่ง/ขายปลีก,5,2.5
ยะลา,มิถุนายน,ผลิต,1,1.0
ยะลา,มิถุนายน,บริการ,9,14.7
ยะลา,กรกฎาคม,ขายส่ง/ขายปลีก,3,4.5
ยะลา,กรกฎาคม,ผลิต,0,0.0
ยะลา,กรกฎาคม,บริการ,8,23.5
ยะลา,สิงหาคม,ขายส่ง/ขายปลีก,5,10.6
ยะลา,สิงหาคม,ผลิต,1,1.0
ยะลา,สิงหาคม,บริการ,7,6.7
ยะลา,กันยายน,ขายส่ง/ขายปลีก,9,9.8
ยะลา,กันยายน,ผลิต,3,2.2
ยะลา,กันยายน,บริการ,8,16.0
ยะลา,ตุลาคม,ขายส่ง/ขายปลีก,8,12.1
ยะลา,ตุลาคม,ผลิต,1,1.0
ยะลา,ตุลาคม,บริการ,5,18.2
ยะลา,พฤศจิกายน,ขายส่ง/ขายปลีก,3,2.8
ยะลา,พฤศจิกายน,ผลิต,1,5.0
ยะลา,พฤศจิกายน,บริการ,6,10.4
ยะลา,ธันวาคม,ขายส่ง/ขายปลีก,3,4.0
ยะลา,ธันวาคม,ผลิต,0,0.0
ยะลา,ธันวาคม,บริการ,7,11.5
ระนอง,มกราคม,ขายส่ง/ขายปลีก,6,6.0
ระนอง,มกราคม,ผลิต,1,0.3
ระนอง,มกราคม,บริการ,3,4.0
ระนอง,กุมภาพันธ์,ขายส่ง/ขายปลีก,8,6.7
ระนอง,กุมภาพันธ์,ผลิต,1,1.0
ระนอง,กุมภาพันธ์,บริการ,4,9.0
ระนอง,มีนาคม,ขายส่ง/ขายปลีก,5,6.1
ระนอง,มีนาคม,ผลิต,1,2.0
ระนอง,มีนาคม,บริการ,2,2.1
ระนอง,เมษายน,ขายส่ง/ขายปลีก,3,4.1
ระนอง,เมษายน,ผลิต,2,2.0
ระนอง,เมษายน,บริการ,1,1.0
ระนอง,พฤษภาคม,ขายส่ง/ขายปลีก,6,12.505
ระนอง,พฤษภาคม,ผลิต,0,0.0
ระนอง,พฤษภาคม,บริการ,5,4.5
ระนอง,มิถุนายน,ขายส่ง/ขายปลีก,5,8.0395
ระนอง,มิถุนายน,ผลิต,0,0.0
ระนอง,มิถุนายน,บริการ,2,5.1
ระนอง,กรกฎาคม,ขายส่ง/ขายปลีก,14,18.0
ระนอง,กรกฎาคม,ผลิต,3,3.0
ระนอง,กรกฎาคม,บริการ,12,14.5
ระนอง,สิงหาคม,ขายส่ง/ขายปลีก,8,11.05
ระนอง,สิงหาคม,ผลิต,0,0.0
ระนอง,สิงหาคม,บริการ,2,3.0
ระนอง,กันยายน,ขายส่ง/ขายปลีก,26,27.8
ระนอง,กันยายน,ผลิต,0,0.0
ระนอง,กันยายน,บริการ,2,3.0
ระนอง,ตุลาคม,ขายส่ง/ขายปลีก,4,2.31
ระนอง,ตุลาคม,ผลิต,0,0.0
ระนอง,ตุลาคม,บริการ,2,5.5
ระนอง,พฤศจิกายน,ขายส่ง/ขายปลีก,3,6.2
ระนอง,พฤศจิกายน,ผลิต,0,0.0
ระนอง,พฤศจิกายน,บริการ,6,3.9
ระนอง,ธันวาคม,ขายส่ง/ขายปลีก,7,9.0
ระนอง,ธันวาคม,ผลิต,0,0.0
ระนอง,ธันวาคม,บริการ,4,8.5
สงขลา,มกราคม,ขายส่ง/ขายปลีก,45,69.0
สงขลา,มกราคม,ผลิต,11,15.5
สงขลา,มกราคม,บริการ,72,109.1
สงขลา,กุมภาพันธ์,ขายส่ง/ขายปลีก,36,54.85
สงขลา,กุมภาพันธ์,ผลิต,5,41.20375
สงขลา,กุมภาพันธ์,บริการ,71,111.955
สงขลา,มีนาคม,ขายส่ง/ขายปลีก,46,63.9
สงขลา,มีนาคม,ผลิต,6,12.2
สงขลา,มีนาคม,บริการ,44,63.25
สงขลา,เมษายน,ขายส่ง/ขายปลีก,54,43.798
สงขลา,เมษายน,ผลิต,8,13.0
สงขลา,เมษายน,บริการ,51,92.47
สงขลา,พฤษภาคม,ขายส่ง/ขายปลีก,50,42.7
สงขลา,พฤษภาคม,ผลิต,5,9.0
สงขลา,พฤษภาคม,บริการ,57,75.45
สงขลา,มิถุนายน,ขายส่ง/ขายปลีก,67,79.85
สงขลา,มิถุนายน,ผลิต,11,11.1
สงขลา,มิถุนายน,บริการ,71,125.55
สงขลา,กรกฎาคม,ขายส่ง/ขายปลีก,63,52.9
สงขลา,กรกฎาคม,ผลิต,10,16.0
สงขลา,กรกฎาคม,บริการ,44,92.4
สงขลา,สิงหาคม,ขายส่ง/ขายปลีก,68,61.771
สงขลา,สิงหาคม,ผลิต,14,26.21
สงขลา,สิงหาคม,บริการ,80,109.83
สงขลา,กันยายน,ขายส่ง/ขายปลีก,107,74.339
สงขลา,กันยายน,ผลิต,11,110.0
สงขลา,กันยายน,บริการ,61,75.402
สงขลา,ตุลาคม,ขายส่ง/ขายปลีก,31,29.26
สงขลา,ตุลาคม,ผลิต,8,19.2
สงขลา,ตุลาคม,บริการ,61,222.72
สงขลา,พฤศจิกายน,ขายส่ง/ขายปลีก,33,36.04
สงขลา,พฤศจิกายน,ผลิต,5,4.5
สงขลา,พฤศจิกายน,บริการ,42,62.85045
สงขลา,ธันวาคม,ขายส่ง/ขายปลีก,8,11.1
สงขลา,ธันวาคม,ผลิต,3,6.5
สงขลา,ธันวาคม,บริการ,15,14.66
สตูล,มกราคม,ขายส่ง/ขายปลีก,1,1.0
สตูล,มกราคม,ผลิต,1,1.0
สตูล,มกราคม,บริการ,4,5.0
สตูล,กุมภาพันธ์,ขายส่ง/ขายปลีก,1,1.0
สตูล,กุมภาพันธ์,ผลิต,0,0.0
สตูล,กุมภาพันธ์,บริการ,5,26.0
สตูล,มีนาคม,ขายส่ง/ขายปลีก,2,3.0
สตูล,มีนาคม,ผลิต,1,0.2
สตูล,มีนาคม,บริการ,2,2.0
สตูล,เมษายน,ขายส่ง/ขายปลีก,3,4.3
สตูล,เมษายน,ผลิต,1,5.0
สตูล,เมษายน,บริการ,5,7.0
สตูล,พฤษภาคม,ขายส่ง/ขายปลีก,4,4.0
สตูล,พฤษภาคม,ผลิต,2,4.0
สตูล,พฤษภาคม,บริการ,3,5.6
สตูล,มิถุนายน,ขายส่ง/ขายปลีก,2,2.0
สตูล,มิถุนายน,ผลิต,0,0.0
สตูล,มิถุนายน,บริการ,1,1.0
สตูล,กรกฎาคม,ขายส่ง/ขายปลีก,9,8.75
สตูล,กรกฎาคม,ผลิต,2,2.0
สตูล,กรกฎาคม,บริการ,3,3.5
สตูล,สิงหาคม,ขายส่ง/ขายปลีก,5,2.96
สตูล,สิงหาคม,ผลิต,0,0.0
สตูล,สิงหาคม,บริการ,2,4.0
สตูล,กันยายน,ขายส่ง/ขายปลีก,10,7.8
สตูล,กันยายน,ผลิต,0,0.0
สตูล,กันยายน,บริการ,4,4.2
สตูล,ตุลาคม,ขายส่ง/ขายปลีก,5,3.7
สตูล,ตุลาคม,ผลิต,1,4.0
สตูล,ตุลาคม,บริการ,2,3.0
สตูล,พฤศจิกายน,ขายส่ง/ขายปลีก,9,8.2
สตูล,พฤศจิกายน,ผลิต,1,1.0
สตูล,พฤศจิกายน,บริการ,7,22.2
สตูล,ธันวาคม,ขายส่ง/ขายปลีก,3,3.0
สตูล,ธันวาคม,ผลิต,0,0.0
สตูล,ธันวาคม,บริการ,3,12.0
สุราษฎร์ธานี,มกราคม,ขายส่ง/ขายปลีก,37,78.2
สุราษฎร์ธานี,มกราคม,ผลิต,7,14.8
สุราษฎร์ธานี,มกราคม,บริการ,291,792.35
สุราษฎร์ธานี,กุมภาพันธ์,ขายส่ง/ขายปลีก,28,42.58
สุราษฎร์ธานี,กุมภาพันธ์,ผลิต,5,5.6
สุราษฎร์ธานี,กุมภาพันธ์,บริการ,253,672.41
สุราษฎร์ธานี,มีนาคม,ขายส่ง/ขายปลีก,21,32.3
สุราษฎร์ธานี,มีนาคม,ผลิต,9,947.0
สุราษฎร์ธานี,มีนาคม,บริการ,258,730.22
สุราษฎร์ธานี,เมษายน,ขายส่ง/ขายปลีก,31,54.51
สุราษฎร์ธานี,เมษายน,ผลิต,8,23.4
สุราษฎร์ธานี,เมษายน,บริการ,191,504.22
สุราษฎร์ธานี,พฤษภาคม,ขายส่ง/ขายปลีก,26,55.0
สุราษฎร์ธานี,พฤษภาคม,ผลิต,4,4.2
สุราษฎร์ธานี,พฤษภาคม,บริการ,214,528.575
สุราษฎร์ธานี,มิถุนายน,ขายส่ง/ขายปลีก,25,36.5
สุราษฎร์ธานี,มิถุนายน,ผลิต,8,17.5
สุราษฎร์ธานี,มิถุนายน,บริการ,188,456.16
สุราษฎร์ธานี,กรกฎาคม,ขายส่ง/ขายปลีก,30,50.55
สุราษฎร์ธานี,กรกฎาคม,ผลิต,6,8.6
สุราษฎร์ธานี,กรกฎาคม,บริการ,170,455.7
สุราษฎร์ธานี,สิงหาคม,ขายส่ง/ขายปลีก,17,26.0
สุราษฎร์ธานี,สิงหาคม,ผลิต,16,22.7
สุราษฎร์ธานี,สิงหาคม,บริการ,170,425.41
สุราษฎร์ธานี,กันยายน,ขายส่ง/ขายปลีก,27,37.1
สุราษฎร์ธานี,กันยายน,ผลิต,12,20.02
สุราษฎร์ธานี,กันยายน,บริการ,202,502.05
สุราษฎร์ธานี,ตุลาคม,ขายส่ง/ขายปลีก,22,127.5
สุราษฎร์ธานี,ตุลาคม,ผลิต,5,9.5
สุราษฎร์ธานี,ตุลาคม,บริการ,168,429.4
สุราษฎร์ธานี,พฤศจิกายน,ขายส่ง/ขายปลีก,15,30.2
สุราษฎร์ธานี,พฤศจิกายน,ผลิต,6,18.0
สุราษฎร์ธานี,พฤศจิกายน,บริการ,125,341.97
สุราษฎร์ธานี,ธันวาคม,ขายส่ง/ขายปลีก,9,10.64
สุราษฎร์ธานี,ธันวาคม,ผลิต,6,14.27
สุราษฎร์ธานี,ธันวาคม,บริการ,211,215.73
กาญจนบุรี,มกราคม,ขายส่ง/ขายปลีก,14,32.0015
กาญจนบุรี,มกราคม,ผลิต,11,31.0
กาญจนบุรี,มกราคม,บริการ,35,63.6
กาญจนบุรี,กุมภาพันธ์,ขายส่ง/ขายปลีก,20,40.5
กาญจนบุรี,กุมภาพันธ์,ผลิต,4,5.5
กาญจนบุรี,กุมภาพันธ์,บริการ,25,39.5
กาญจนบุรี,มีนาคม,ขายส่ง/ขายปลีก,7,11.1
กาญจนบุรี,มีนาคม,ผลิต,7,15.5
กาญจนบุรี,มีนาคม,บริการ,22,29.0
กาญจนบุรี,เมษายน,ขายส่ง/ขายปลีก,15,23.1
กาญจนบุรี,เมษายน,ผลิต,7,11.0
กาญจนบุรี,เมษายน,บริการ,18,22.5
กาญจนบุรี,พฤษภาคม,ขายส่ง/ขายปลีก,11,18.4
กาญจนบุรี,พฤษภาคม,ผลิต,5,8.1
กาญจนบุรี,พฤษภาคม,บริการ,16,22.05
กาญจนบุรี,มิถุนายน,ขายส่ง/ขายปลีก,20,32.0
กาญจนบุรี,มิถุนายน,ผลิต,4,4.0
กาญจนบุรี,มิถุนายน,บริการ,15,19.8
กาญจนบุรี,กรกฎาคม,ขายส่ง/ขายปลีก,30,45.2
กาญจนบุรี,กรกฎาคม,ผลิต,9,18.12
กาญจนบุรี,กรกฎาคม,บริการ,29,56.65
กาญจนบุรี,สิงหาคม,ขายส่ง/ขายปลีก,40,100.1
กาญจนบุรี,สิงหาคม,ผลิต,4,4.0
กาญจนบุรี,สิงหาคม,บริการ,34,52.6
กาญจนบุรี,กันยายน,ขายส่ง/ขายปลีก,30,45.2
กาญจนบุรี,กันยายน,ผลิต,6,14.0
กาญจนบุรี,กันยายน,บริการ,22,42.5
กาญจนบุรี,ตุลาคม,ขายส่ง/ขายปลีก,11,24.168168
กาญจนบุรี,ตุลาคม,ผลิต,9,41.0
กาญจนบุรี,ตุลาคม,บริการ,21,59.0
กาญจนบุรี,พฤศจิกายน,ขายส่ง/ขายปลีก,14,80.1
กาญจนบุรี,พฤศจิกายน,ผลิต,2,10.0
กาญจนบุรี,พฤศจิกายน,บริการ,12,18.15
กาญจนบุรี,ธันวาคม,ขายส่ง/ขายปลีก,6,15.0
กาญจนบุรี,ธันวาคม,ผลิต,4,8.0
กาญจนบุรี,ธันวาคม,บริการ,8,9.0
ประจวบคีรีขันธ์,มกราคม,ขายส่ง/ขายปลีก,23,29.5
ประจวบคีรีขันธ์,มกราคม,ผลิต,7,13.0
ประจวบคีรีขันธ์,มกราคม,บริการ,50,103.83
ประจวบคีรีขันธ์,กุมภาพันธ์,ขายส่ง/ขายปลีก,8,6.28
ประจวบคีรีขันธ์,กุมภาพันธ์,ผลิต,5,14.0
ประจวบคีรีขันธ์,กุมภาพันธ์,บริการ,52,82.45
ประจวบคีรีขันธ์,มีนาคม,ขายส่ง/ขายปลีก,10,11.9
ประจวบคีรีขันธ์,มีนาคม,ผลิต,4,10.5
ประจวบคีรีขันธ์,มีนาคม,บริการ,39,67.2
ประจวบคีรีขันธ์,เมษายน,ขายส่ง/ขายปลีก,9,13.0
ประจวบคีรีขันธ์,เมษายน,ผลิต,1,5.0
ประจวบคีรีขันธ์,เมษายน,บริการ,42,90.61
ประจวบคีรีขันธ์,พฤษภาคม,ขายส่ง/ขายปลีก,16,8.63
ประจวบคีรีขันธ์,พฤษภาคม,ผลิต,3,4.0
ประจวบคีรีขันธ์,พฤษภาคม,บริการ,43,94.89
ประจวบคีรีขันธ์,มิถุนายน,ขายส่ง/ขายปลีก,12,19.202
ประจวบคีรีขันธ์,มิถุนายน,ผลิต,1,30.0
ประจวบคีรีขันธ์,มิถุนายน,บริการ,35,54.03
ประจวบคีรีขันธ์,กรกฎาคม,ขายส่ง/ขายปลีก,7,19.2
ประจวบคีรีขันธ์,กรกฎาคม,ผลิต,1,1.6
ประจวบคีรีขันธ์,กรกฎาคม,บริการ,35,60.7
ประจวบคีรีขันธ์,สิงหาคม,ขายส่ง/ขายปลีก,10,14.12
ประจวบคีรีขันธ์,สิงหาคม,ผลิต,3,10.0
ประจวบคีรีขันธ์,สิงหาคม,บริการ,35,80.0
ประจวบคีรีขันธ์,กันยายน,ขายส่ง/ขายปลีก,21,27.0
ประจวบคีรีขันธ์,กันยายน,ผลิต,4,8.0
ประจวบคีรีขันธ์,กันยายน,บริการ,26,59.21
ประจวบคีรีขันธ์,ตุลาคม,ขายส่ง/ขายปลีก,18,21.1
ประจวบคีรีขันธ์,ตุลาคม,ผลิต,6,23.0
ประจวบคีรีขันธ์,ตุลาคม,บริการ,26,44.8
ประจวบคีรีขันธ์,พฤศจิกายน,ขายส่ง/ขายปลีก,10,11.0
ประจวบคีรีขันธ์,พฤศจิกายน,ผลิต,2,3.0
ประจวบคีรีขันธ์,พฤศจิกายน,บริการ,33,61.8
ประจวบคีรีขันธ์,ธันวาคม,ขายส่ง/ขายปลีก,5,7.1
ประจวบคีรีขันธ์,ธันวาคม,ผลิต,0,0.0
ประจวบคีรีขันธ์,ธันวาคม,บริการ,20,32.7
เพชรบุรี,มกราคม,ขายส่ง/ขายปลีก,13,26.6
เพชรบุรี,มกราคม,ผลิต,0,0.0
เพชรบุรี,มกราคม,บริการ,8,15.2
เพชรบุรี,กุมภาพันธ์,ขายส่ง/ขายปลีก,8,7.1
เพชรบุรี,กุมภาพันธ์,ผลิต,3,4.0
เพชรบุรี,กุมภาพันธ์,บริการ,12,17.2
เพชรบุรี,มีนาคม,ขายส่ง/ขายปลีก,2,1.3
เพชรบุรี,มีนาคม,ผลิต,2,8.0
เพชรบุรี,มีนาคม,บริการ,16,20.9
เพชรบุรี,เมษายน,ขายส่ง/ขายปลีก,10,8.81
เพชรบุรี,เมษายน,ผลิต,2,1.1
เพชรบุรี,เมษายน,บริการ,12,17.0
เพชรบุรี,พฤษภาคม,ขายส่ง/ขายปลีก,2,6.0
เพชรบุรี,พฤษภาคม,ผลิต,1,1.0
เพชรบุรี,พฤษภาคม,บริการ,16,16.18
เพชรบุรี,มิถุนายน,ขายส่ง/ขายปลีก,9,29.6
เพชรบุรี,มิถุนายน,ผลิต,1,3.0
เพชรบุรี,มิถุนายน,บริการ,10,14.5
เพชรบุรี,กรกฎาคม,ขายส่ง/ขายปลีก,17,18.9
เพชรบุรี,กรกฎาคม,ผลิต,3,2.011
เพชรบุรี,กรกฎาคม,บริการ,17,14.36
เพชรบุรี,สิงหาคม,ขายส่ง/ขายปลีก,9,8.0
เพชรบุรี,สิงหาคม,ผลิต,5,8.5
เพชรบุรี,สิงหาคม,บริการ,12,13.1
เพชรบุรี,กันยายน,ขายส่ง/ขายปลีก,11,9.1
เพชรบุรี,กันยายน,ผลิต,9,14.6
เพชรบุรี,กันยายน,บริการ,13,23.0
เพชรบุรี,ตุลาคม,ขายส่ง/ขายปลีก,8,10.3
เพชรบุรี,ตุลาคม,ผลิต,5,4.352
เพชรบุรี,ตุลาคม,บริการ,14,42.87
เพชรบุรี,พฤศจิกายน,ขายส่ง/ขายปลีก,5,12.78
เพชรบุรี,พฤศจิกายน,ผลิต,0,0.0
เพชรบุรี,พฤศจิกายน,บริการ,5,5.51
เพชรบุรี,ธันวาคม,ขายส่ง/ขายปลีก,7,10.6
เพชรบุรี,ธันวาคม,ผลิต,1,3.0
เพชรบุรี,ธันวาคม,บริการ,5,4.1001
ราชบุรี,มกราคม,ขายส่ง/ขายปลีก,29,49.7
ราชบุรี,มกราคม,ผลิต,13,85.75
ราชบุรี,มกราคม,บริการ,33,48.9
ราชบุรี,กุมภาพันธ์,ขายส่ง/ขายปลีก,29,53.5
ราชบุรี,กุมภาพันธ์,ผลิต,11,16.0
ราชบุรี,กุมภาพันธ์,บริการ,16,20.1
ราชบุรี,มีนาคม,ขายส่ง/ขายปลีก,20,22.952
ราชบุรี,มีนาคม,ผลิต,7,11.9
ราชบุรี,มีนาคม,บริการ,17,27.65
ราชบุรี,เมษายน,ขายส่ง/ขายปลีก,20,40.7
ราชบุรี,เมษายน,ผลิต,4,9.1
ราชบุรี,เมษายน,บริการ,14,22.1
ราชบุรี,พฤษภาคม,ขายส่ง/ขายปลีก,15,61.8
ราชบุรี,พฤษภาคม,ผลิต,5,12.1
ราชบุรี,พฤษภาคม,บริการ,15,92.6
ราชบุรี,มิถุนายน,ขายส่ง/ขายปลีก,21,32.7
ราชบุรี,มิถุนายน,ผลิต,4,4.5
ราชบุรี,มิถุนายน,บริการ,35,61.9
ราชบุรี,กรกฎาคม,ขายส่ง/ขายปลีก,31,38.5
ราชบุรี,กรกฎาคม,ผลิต,5,6.5
ราชบุรี,กรกฎาคม,บริการ,11,12.7
ราชบุรี,สิงหาคม,ขายส่ง/ขายปลีก,27,244.05
ราชบุรี,สิงหาคม,ผลิต,5,13.1
ราชบุรี,สิงหาคม,บริการ,22,40.605
ราชบุรี,กันยายน,ขายส่ง/ขายปลีก,33,46.3
ราชบุรี,กันยายน,ผลิต,5,8.08
ราชบุรี,กันยายน,บริการ,25,48.4
ราชบุรี,ตุลาคม,ขายส่ง/ขายปลีก,27,59.5
ราชบุรี,ตุลาคม,ผลิต,8,17.5
ราชบุรี,ตุลาคม,บริการ,24,37.97
ราชบุรี,พฤศจิกายน,ขายส่ง/ขายปลีก,13,19.3
ราชบุรี,พฤศจิกายน,ผลิต,10,19.5
ราชบุรี,พฤศจิกายน,บริการ,16,22.75
ราชบุรี,ธันวาคม,ขายส่ง/ขายปลีก,16,26.5
ราชบุรี,ธันวาคม,ผลิต,2,5.0
ราชบุรี,ธันวาคม,บริการ,13,23.6
สมุทรสงคราม,มกราคม,ขายส่ง/ขายปลีก,20,25.355
สมุทรสงคราม,มกราคม,ผลิต,1,0.5
สมุทรสงคราม,มกราคม,บริการ,1,1.0
สมุทรสงคราม,กุมภาพันธ์,ขายส่ง/ขายปลีก,4,3.5
สมุทรสงคราม,กุมภาพันธ์,ผลิต,3,4.5
สมุทรสงคราม,กุมภาพันธ์,บริการ,8,16.0
สมุทรสงคราม,มีนาคม,ขายส่ง/ขายปลีก,6,7.0
สมุทรสงคราม,มีนาคม,ผลิต,1,0.05
สมุทรสงคราม,มีนาคม,บริการ,3,2.02
สมุทรสงคราม,เมษายน,ขายส่ง/ขายปลีก,6,105.5
สมุทรสงคราม,เมษายน,ผลิต,2,1.1
สมุทรสงคราม,เมษายน,บริการ,4,4.0
สมุทรสงคราม,พฤษภาคม,ขายส่ง/ขายปลีก,8,8.0
สมุทรสงคราม,พฤษภาคม,ผลิต,2,3.0
สมุทรสงคราม,พฤษภาคม,บริการ,3,5.0
สมุทรสงคราม,มิถุนายน,ขายส่ง/ขายปลีก,6,5.5
สมุทรสงคราม,มิถุนายน,ผลิต,0,0.0
สมุทรสงคราม,มิถุนายน,บริการ,4,5.5
สมุทรสงคราม,กรกฎาคม,ขายส่ง/ขายปลีก,8,6.7
สมุทรสงคราม,กรกฎาคม,ผลิต,2,2.0
สมุทรสงคราม,กรกฎาคม,บริการ,3,2.9
สมุทรสงคราม,สิงหาคม,ขายส่ง/ขายปลีก,12,14.1
สมุทรสงคราม,สิงหาคม,ผลิต,0,0.0
สมุทรสงคราม,สิงหาคม,บริการ,2,2.0
สมุทรสงคราม,กันยายน,ขายส่ง/ขายปลีก,8,10.75
สมุทรสงคราม,กันยายน,ผลิต,1,0.1
สมุทรสงคราม,กันยายน,บริการ,4,3.5
สมุทรสงคราม,ตุลาคม,ขายส่ง/ขายปลีก,5,9.0
สมุทรสงคราม,ตุลาคม,ผลิต,2,6.0
สมุทรสงคราม,ตุลาคม,บริการ,2,6.0
สมุทรสงคราม,พฤศจิกายน,ขายส่ง/ขายปลีก,1,0.5
สมุทรสงคราม,พฤศจิกายน,ผลิต,2,4.0
สมุทรสงคราม,พฤศจิกายน,บริการ,3,3.0
สมุทรสงคราม,ธันวาคม,ขายส่ง/ขายปลีก,3,4.2
สมุทรสงคราม,ธันวาคม,ผลิต,0,0.0
สมุทรสงคราม,ธันวาคม,บริการ,3,3.0
สุพรรณบุรี,มกราคม,ขายส่ง/ขายปลีก,14,16.0
สุพรรณบุรี,มกราคม,ผลิต,7,7.5
สุพรรณบุรี,มกราคม,บริการ,26,234.9
สุพรรณบุรี,กุมภาพันธ์,ขายส่ง/ขายปลีก,11,16.5
สุพรรณบุรี,กุมภาพันธ์,ผลิต,4,5.5
สุพรรณบุรี,กุมภาพันธ์,บริการ,24,37.45
สุพรรณบุรี,มีนาคม,ขายส่ง/ขายปลีก,15,23.05
สุพรรณบุรี,มีนาคม,ผลิต,5,23.1
สุพรรณบุรี,มีนาคม,บริการ,13,11.6
สุพรรณบุรี,เมษายน,ขายส่ง/ขายปลีก,14,23.9
สุพรรณบุรี,เมษายน,ผลิต,1,0.1
สุพรรณบุรี,เมษายน,บริการ,13,24.1
สุพรรณบุรี,พฤษภาคม,ขายส่ง/ขายปลีก,17,20.1
สุพรรณบุรี,พฤษภาคม,ผลิต,3,7.0
สุพรรณบุรี,พฤษภาคม,บริการ,10,16.7
สุพรรณบุรี,มิถุนายน,ขายส่ง/ขายปลีก,9,17.2
สุพรรณบุรี,มิถุนายน,ผลิต,4,3.01
สุพรรณบุรี,มิถุนายน,บริการ,15,15.7
สุพรรณบุรี,กรกฎาคม,ขายส่ง/ขายปลีก,14,23.23
สุพรรณบุรี,กรกฎาคม,ผลิต,6,6.5
สุพรรณบุรี,กรกฎาคม,บริการ,15,82.8
สุพรรณบุรี,สิงหาคม,ขายส่ง/ขายปลีก,16,21.6
สุพรรณบุรี,สิงหาคม,ผลิต,5,9.0
สุพรรณบุรี,สิงหาคม,บริการ,15,13.5
สุพรรณบุรี,กันยายน,ขายส่ง/ขายปลีก,21,29.0
สุพรรณบุรี,กันยายน,ผลิต,2,2.0
สุพรรณบุรี,กันยายน,บริการ,22,120.85
สุพรรณบุรี,ตุลาคม,ขายส่ง/ขายปลีก,6,5.0
สุพรรณบุรี,ตุลาคม,ผลิต,4,5.0
สุพรรณบุรี,ตุลาคม,บริการ,16,19.5
สุพรรณบุรี,พฤศจิกายน,ขายส่ง/ขายปลีก,19,22.8
สุพรรณบุรี,พฤศจิกายน,ผลิต,2,1.2
สุพรรณบุรี,พฤศจิกายน,บริการ,16,20.2
สุพรรณบุรี,ธันวาคม,ขายส่ง/ขายปลีก,19,19.09
สุพรรณบุรี,ธันวาคม,ผลิต,2,10.0
สุพรรณบุรี,ธันวาคม,บริการ,13,117.8
