type,jan_quit,feb_quit,mar_quit,apr_quit,total_quit,jan_m,feb_m,mar_m,apr_m,total_m
การปลูกพืชล้มลุก,0,0,0,0,0,0,0,0,0,0
การปลูกธัญพืช (ยกเว้นข้าว) พืชตระกูลถั่วและพืชน้ำมัน,0,0,0,0,0,0,0,0,0,0
การปลูกข้าวโพดที่ใช้เมล็ดแก่,0,0,0,0,0,0,0,0,0,0
การปลูกธัญพืช (ยกเว้นข้าวและข้าวโพด),0,0,0,0,0,0,0,0,0,0
การปลูกพืชตระกูลถั่ว,0,0,0,0,0,0,0,0,0,0
การปลูกถั่วเหลือง,0,0,0,0,0,0,0,0,0,0
การปลูกพืชน้ำมัน (ยกเว้นถั่วเหลือง),0,0,0,0,0,0,0,0,0,0
การปลูกข้าวจ้าว,0,0,0,0,0,0,0,0,0,0
การปลูกข้าวเหนียว,0,0,0,0,0,0,0,0,0,0
การปลูกพืชผักกินใบและพืชผักกินต้น รวมถึงการเพาะเมล็ดพันธุ์ผัก,0,0,1,0,1,0,0,0.2,0,0.2
การปลูกพืชผักกินผลรวมถึงแตงชนิดต่าง ๆ รวมถึงการเพาะเมล็ดพันธุ์ผัก,0,0,0,0,0,0,0,0,0,0
การปลูกพืชผักกินหัว,0,0,0,0,0,0,0,0,0,0
การปลูกพืชจำพวกรากและหัว (ยกเว้นมันสำปะหลัง),0,0,0,0,0,0,0,0,0,0
การปลูกมันสำปะหลัง,0,0,1,0,1,0,0,0.002,0,0.002
การเพาะเห็ด,0,1,0,0,1,0,1,0,0,1
การปลูกพืชผักอื่นๆ ซึ่งมิได้จัดประเภทไว้ในที่อื่น,0,1,0,2,3,0,1,0,29,30
การปลูกอ้อย,0,0,0,0,0,0,0,0,0,0
การปลูกยาสูบ,0,0,0,0,0,0,0,0,0,0
การปลูกฝ้าย,0,0,0,0,0,0,0,0,0,0
การปลูกพืชเส้นใยอื่นๆ ซึ่งมิได้จัดประเภทไว้ในที่อื่น,0,0,0,0,0,0,0,0,0,0
การปลูกข้าวโพดเลี้ยงสัตว์,1,0,0,0,1,1,0,0,0,1
การปลูกพืชล้มลุกที่ใช้เป็นอาหารสัตว์ (ยกเว้นข้าวโพด เลี้ยงสัตว์),0,0,0,1,1,0,0,0,1.5,1.5
การปลูกกล้วยไม้,0,0,0,0,0,0,0,0,0,0
การปลูกไม้ดอกอื่นๆ (ยกเว้นกล้วยไม้),0,0,0,0,0,0,0,0,0,0
การปลูกพืชล้มลุกชนิดอื่นๆ ซึ่งมิได้จัดประเภทไว้ในที่อื่น,0,0,0,0,0,0,0,0,0,0
การทำสวนองุ่น,0,0,0,0,0,0,0,0,0,0
การปลูกสับปะรด,0,0,0,0,0,0,0,0,0,0
การปลูกทุเรียน,0,0,0,1,1,0,0,0,1,1
การปลูกลำไย,0,0,0,0,0,0,0,0,0,0
การปลูกมะม่วง,0,0,0,0,0,0,0,0,0,0
การปลูกกล้วย,0,0,0,0,0,0,0,0,0,0
การปลูกมังคุด,0,0,0,0,0,0,0,0,0,0
การปลูกเงาะ,0,0,0,0,0,0,0,0,0,0
การปลูกไม้ผลเมืองร้อนและกึ่งร้อนอื่นๆซึ่งมิได้จัดประเภท ไว้ในที่อื่น,0,0,0,1,1,0,0,0,3,3
การปลูกส้ม,0,0,0,0,0,0,0,0,0,0
การปลูกไม้ผลตระกูลส้มอื่นๆซึ่งมิได้จัดประเภทไว้ในที่อื่น,0,0,0,0,0,0,0,0,0,0
การปลูกไม้ผลเมืองหนาวอื่นๆ ซึ่งมิได้จัดประเภทไว้ในที่อื่น,0,0,0,0,0,0,0,0,0,0
การปลูกไม้ผลเปลือกแข็งที่กินได้,0,0,0,0,0,0,0,0,0,0
การปลูกไม้ผลที่มีต้นเป็นพุ่ม,0,0,0,0,0,0,0,0,0,0
การปลูกไม้ผลยืนต้นอื่นๆซึ่งมิได้จัดประเภทไว้ในทื่อื่น,0,1,0,0,1,0,5,0,0,5
การปลูกปาล์มน้ำมัน,0,0,1,0,1,0,0,5,0,5
การปลูกมะพร้าว,0,0,0,0,0,0,0,0,0,0
การปลูกไม้ยืนต้นอื่นๆที่ให้น้ำมันซึ่งมิได้จัดประเภทไว้ในที่อื่น,0,0,0,0,0,0,0,0,0,0
การทำไร่ชา,0,0,0,0,0,0,0,0,0,0
การทำไร่กาแฟ,0,0,0,0,0,0,0,0,0,0
การปลูกพืชอื่นๆที่นำไปทำเครื่องดื่มซึ่งมิได้จัดประเภทไว้ในที่อื่น,0,0,0,0,0,0,0,0,0,0
การปลูกพืชประเภทเครื่องเทศเครื่องหอมยารักษาโรคและพืชทางเภสัชภัณฑ์,0,0,0,0,0,0,0,0,0,0
การปลูกพริก,0,0,0,0,0,0,0,0,0,0
การปลูกพริกไทย,0,0,0,0,0,0,0,0,0,0
การปลูกพืชอื่นๆประเภทเครื่องเทศเครื่องหอมยารักษาโรค และพืชทางเภสัชภัณฑ์ซึ่งมิได้จัดประเภทไว้ในที่อื่น,5,6,5,1,17,14.5,13,14,2,43.5
การปลูกต้นยางพารา,0,0,0,0,0,0,0,0,0,0
การปลูกพืชที่ใช้ในการถักสาน,0,0,0,0,0,0,0,0,0,0
การปลูกพืชยืนต้นประเภทอื่นๆซึ่งมิได้จัดประเภทไว้ในที่อื่น,0,0,0,0,0,0,0,0,0,0
การทำสวนไม้ประดับ,0,0,0,0,0,0,0,0,0,0
การปลูกพืชการเพาะพันธุ์และการขยายพันธุ์พืชอื่นๆ,0,0,0,2,2,0,0,0,2,2
การเลี้ยงโคและกระบือ,0,0,0,0,0,0,0,0,0,0
การเลี้ยงโคนมและโคเนื้อ,0,0,1,0,1,0,0,5,0,5
การเลี้ยงกระบือนมและกระบือเนื้อ,0,0,0,0,0,0,0,0,0,0
การเลี้ยงโคและกระบือเพื่อวัตถุประสงค์อื่นๆซึ่งมิได้จัดประเภท ไว้ในที่อื่น,0,0,0,0,0,0,0,0,0,0
การเลี้ยงม้าลาล่อม้าล่อและสัตว์อื่นๆที่คล้ายม้า,0,0,0,0,0,0,0,0,0,0
การเลี้ยงอูฐที่มีโหนกเดียวและอูฐที่มีสองโหนก,0,0,0,0,0,0,0,0,0,0
การเลี้ยงแกะ,0,0,0,0,0,0,0,0,0,0
การเลี้ยงแพะ,1,0,0,0,1,1,0,0,0,1
การเลี้ยงสุกร,3,1,2,2,8,11.5,20,5.5,5,42
การเลี้ยงสัตว์ปีก,0,0,0,0,0,0,0,0,0,0
การเลี้ยงไก่ไข่,1,0,0,1,2,1,0,0,1,2
การเลี้ยงไก่เนื้อ,0,1,2,1,4,0,4,40,5,49
การเลี้ยงเป็ด,0,0,0,0,0,0,0,0,0,0
การเลี้ยงสัตว์ปีกอื่นๆ ซึ่งมิได้จัดประเภทไว้ในที่อื่น,0,1,1,0,2,0,5,1,0,6
การเลี้ยงสัตว์ประเภทอื่นๆ,0,0,0,0,0,0,0,0,0,0
การเลี้ยงนกกระจอกเทศและนกอีมู,0,0,0,0,0,0,0,0,0,0
การเลี้ยงไหมผีเสื้อและแมลง,0,0,0,0,0,0,0,0,0,0
การเลี้ยงผึ้ง,0,0,1,0,1,0,0,0.03,0,0.03
การเลี้ยงนกนางแอ่น,0,1,1,0,2,0,1,5,0,6
การทำฟาร์มงู,0,0,0,0,0,0,0,0,0,0
การทำฟาร์มสัตว์เลี้ยง (ยกเว้นสัตว์น้ำ),0,0,0,0,0,0,0,0,0,0
การเลี้ยงสัตว์ประเภทอื่นๆ ซึ่งมิได้จัดประเภทไว้ในที่อื่น,0,3,0,1,4,0,3,0,1,4
การทำฟาร์มผสมผสาน,1,0,0,0,1,1,0,0,0,1
กิจกรรมสนับสนุนการเกษตรและกิจกรรมหลังการเก็บเกี่ยว,0,0,0,0,0,0,0,0,0,0
การควบคุมแมลงและสัตว์ศัตรูพืช,0,0,0,0,0,0,0,0,0,0
การดำเนินการเกี่ยวกับอุปกรณ์การให้น้ำและเครื่องมือชลประทาน ทางการเกษตร,0,0,0,0,0,0,0,0,0,0
กิจกรรมสนับสนุนการผลิตพืชผลซึ่งมิได้จัดประเภทไว้ในที่อื่น,0,0,1,0,1,0,0,0.3,0,0.3
กิจกรรมสนับสนุนการแพร่พันธุ์สัตว์,0,0,0,0,0,0,0,0,0,0
กิจกรรมสนับสนุนการเลี้ยงสัตว์อื่นๆซึ่งมิได้จัดประเภทไว้ในที่อื่น,0,0,1,0,1,0,0,5,0,5
กิจกรรมหลังการเก็บเกี่ยวพืชผล,0,0,0,0,0,0,0,0,0,0
กระบวนการจัดการเมล็ดพันธุ์เพื่อการขยายพันธุ์,0,0,0,0,0,0,0,0,0,0
การล่าสัตว์การดักสัตว์และกิจกรรมบริการอื่นๆที่เกี่ยวข้อง,0,0,0,0,0,0,0,0,0,0
วนวัฒนวิทยาและกิจกรรมอื่นๆที่เกี่ยวกับป่าไม้,0,0,0,0,0,0,0,0,0,0
การทำไม้,0,0,1,0,1,0,0,0.5,0,0.5
การเก็บหาของป่า,0,0,0,0,0,0,0,0,0,0
บริการสนับสนุนการป่าไม้,0,0,0,0,0,0,0,0,0,0
การประมงทะเล,0,0,0,0,0,0,0,0,0,0
การจับปลาทะเล,1,0,0,0,1,5,0,0,0,5
การจับกุ้งทะเล,0,0,0,0,0,0,0,0,0,0
การจับปูทะเล,0,0,0,0,0,0,0,0,0,0
การจับหอยทะเล,0,0,0,0,0,0,0,0,0,0
การประมงทะเลอื่นๆ ซึ่งมิได้จัดประเภทไว้ในที่อื่น,0,0,0,0,0,0,0,0,0,0
การจับปลาน้ำจืด,0,0,0,0,0,0,0,0,0,0
การจับกุ้งน้ำจืด,0,0,0,0,0,0,0,0,0,0
การประมงน้ำจืดอื่นๆ ซึ่งมิได้จัดประเภทไว้ในที่อื่น,0,0,0,0,0,0,0,0,0,0
การเพาะเลี้ยงสัตว์น้ำทะเล,0,0,0,0,0,0,0,0,0,0
การเพาะเลี้ยงปลาทะเล,0,0,0,0,0,0,0,0,0,0
การเพาะเลี้ยงกุ้งทะเล,0,0,0,0,0,0,0,0,0,0
การเพาะเลี้ยงหอยทะเล,0,0,0,0,0,0,0,0,0,0
การเพาะเลี้ยงสัตว์ทะเลสวยงาม,0,0,0,0,0,0,0,0,0,0
การเพาะเลี้ยงสัตว์น้ำทะเลอื่นๆซึ่งมิได้จัดประเภทไว้ในที่อื่น,0,1,0,0,1,0,5,0,0,5
การเพาะเลี้ยงปลาน้ำจืด,0,0,2,0,2,0,0,0.2,0,0.2
การเพาะเลี้ยงกุ้งน้ำจืด,0,0,0,0,0,0,0,0,0,0
การเพาะเลี้ยงกบ,0,0,0,0,0,0,0,0,0,0
การเพาะเลี้ยงจระเข้,0,0,0,0,0,0,0,0,0,0
การเพาะเลี้ยงสัตว์น้ำจืดสวยงาม,0,1,0,0,1,0,1,0,0,1
การเพาะเลี้ยงสัตว์น้ำจืดอื่นๆ ซึ่งมิได้จัดประเภทไว้ในที่อื่น,0,0,0,0,0,0,0,0,0,0
การทำเหมืองถ่านหินคุณภาพสูง,0,0,0,0,0,0,0,0,0,0
การทำเหมืองลิกไนต์,0,0,0,0,0,0,0,0,0,0
การผลิตน้ำมันดิบและก๊าซธรรมชาติ,0,0,0,0,0,0,0,0,0,0
การผลิตน้ำมันดิบ,0,0,0,0,0,0,0,0,0,0
การผลิตก๊าซธรรมชาติ,1,0,0,0,1,0,0,0,0,0
การทำเหมืองสินแร่เหล็ก,0,0,0,0,0,0,0,0,0,0
การทำเหมืองสินแร่ยูเรเนียมและทอเรียม,0,0,0,0,0,0,0,0,0,0
การทำเหมืองสินแร่ดีบุก,0,0,0,0,0,0,0,0,0,0
การทำเหมืองสินแร่สังกะสี,0,0,0,0,0,0,0,0,0,0
การทำเหมืองสินแร่โลหะนอกกลุ่มสินแร่เหล็กอื่น ๆ ซึ่งมิได้จัด ประเภทไว้ในที่อื่น,0,0,0,0,0,0,0,0,0,0
การทำเหมืองสินแร่โลหะมีค่า,0,0,0,0,0,0,0,0,0,0
การทำเหมืองแร่และเหมืองหินอื่นๆ,0,0,0,0,0,0,0,0,0,0
การทำเหมืองหินที่ใช้ในการก่อสร้าง,0,1,0,0,1,0,5,0,0,5
การทำเหมืองหินปูนยิปซัมชอล์กและโดโลไมต์,0,0,0,0,0,0,0,0,0,0
การขุดกรวดและทราย,2,2,2,0,6,4,10,6,0,20
การทำเหมืองดิน,0,0,0,0,0,0,0,0,0,0
การทำเหมืองแร่และเหมืองหินซึ่งมิได้จัดประเภทไว้ในที่อื่น,0,0,0,0,0,0,0,0,0,0
การทำเหมืองแร่ที่ใช้ทำเคมีภัณฑ์และปุ๋ย,0,0,0,0,0,0,0,0,0,0
การขุดพีต,0,0,0,0,0,0,0,0,0,0
การทำเหมืองเกลือสินเธาว์,0,0,0,0,0,0,0,0,0,0
การทำเหมืองเกลือสมุทร,0,0,0,0,0,0,0,0,0,0
การทำเหมืองแร่รัตนชาติและกึ่งรัตนชาติ,0,0,0,0,0,0,0,0,0,0
การทำเหมืองแร่ เหมืองแร่อโลหะและเหมืองหินอื่นๆ ซึ่งมิได้จัดประเภทไว้ในที่อื่น,1,0,1,1,3,2,0,0.25,1,3.25
กิจกรรมที่สนับสนุนการขุดเจาะน้ำมันดิบและก๊าซธรรมชาติ,0,0,2,0,2,0,0,5.1,0,5.1
กิจกรรมที่สนับสนุนการทำเหมืองแร่และเหมืองหินอื่นๆ,0,0,0,0,0,0,0,0,0,0
การฆ่าสัตว์และการบรรจุเนื้อสัตว์ (ยกเว้นสัตว์ปีก),0,0,0,0,0,0,0,0,0,0
การฆ่าสัตว์ (ยกเว้นสัตว์ปีก),0,0,0,0,0,0,0,0,0,0
การบรรจุเนื้อสัตว์สด (ยกเว้นสัตว์ปีก),1,0,0,0,1,0.7,0,0,0,0.7
การฆ่าและการบรรจุเนื้อสัตว์ปีกสด,0,0,1,0,1,0,0,1,0,1
การแปรรูปและการถนอมผลิตภัณฑ์เนื้อสัตว์และเนื้อสัตว์ปีก,0,0,0,0,0,0,0,0,0,0
การผลิตเนื้อสัตว์และเนื้อสัตว์ปีกด้วยการอบแห้ง การทำเค็มหรือ การรมควัน,0,0,0,0,0,0,0,0,0,0
การผลิตไส้กรอกลูกชิ้นและผลิตภัณฑ์อื่นที่คล้ายกันที่ทำจาก เนื้อสัตว์และเนื้อสัตว์ปีก,0,0,0,1,1,0,0,0,1,1
การผลิตเนื้อสัตว์และเนื้อสัตว์ปีกบรรจุกระป๋อง,0,0,0,0,0,0,0,0,0,0
การผลิตผลิตภัณฑ์พลอยได้จากสัตว์และสัตว์ปีก,0,1,0,0,1,0,2,0,0,2
การผลิตผลิตภัณฑ์อื่น ๆ จากเนื้อสัตว์และเนื้อสัตว์ปีกซึ่งมิได้จัด ประเภทไว้ในที่อื่น,1,0,0,0,1,0.5,0,0,0,0.5
การแปรรูปและการถนอมปลา สัตว์น้ำจำพวกครัสตาเซียและ โมลลุสก์,0,0,0,0,0,0,0,0,0,0
การผลิตสัตว์น้ำและผลิตภัณฑ์สัตว์น้ำสดแช่เย็นหรือแช่แข็ง,0,0,0,0,0,0,0,0,0,0
การผลิตปลาและผลิตภัณฑ์จากปลาสดแช่เย็น หรือแช่แข็ง,0,0,0,0,0,0,0,0,0,0
การผลิตสัตว์น้ำและผลิตภัณฑ์สัตว์น้ำสด (ยกเว้นปลา) แช่เย็นหรือแช่แข็ง,0,0,1,0,1,0,0,0.5,0,0.5
การผลิตปลาบรรจุกระป๋อง,0,0,0,0,0,0,0,0,0,0
การผลิตสัตว์น้ำ (ยกเว้นปลา) บรรจุกระป๋อง,0,0,0,0,0,0,0,0,0,0
การแปรรูปและการถนอมสัตว์น้ำอื่นๆ,0,0,0,0,0,0,0,0,0,0
การผลิตผลิตภัณฑ์สัตว์น้ำด้วยการอบแห้ง การรมควัน การทำเค็ม การหมักในน้ำเกลือ หรือน้ำส้มสายชู,1,0,0,0,1,5,0,0,0,5
การผลิตไส้กรอกลูกชิ้นและผลิตภัณฑ์อื่นที่คล้ายกันที่ทำจาก สัตว์น้ำ,0,0,0,0,0,0,0,0,0,0
การผลิตน้ำปลาและผลิตภัณฑ์สัตว์น้ำที่ได้จากการหมัก,0,1,0,0,1,0,1,0,0,1
การผลิตปลาป่นสำหรับใช้เป็นอาหารสัตว์,0,0,0,0,0,0,0,0,0,0
การแปรรูปสาหร่าย,0,1,0,0,1,0,1,0,0,1
การผลิตผลิตภัณฑ์อื่น ๆ จากสัตว์น้ำซึ่งมิได้จัดประเภทไว้ในที่อื่น,0,0,0,0,0,0,0,0,0,0
การแปรรูปและการถนอมผลไม้และผัก,0,0,0,0,0,0,0,0,0,0
การผลิตผลไม้และผักแช่แข็ง,0,0,0,0,0,0,0,0,0,0
การผลิตผลไม้และผักบรรจุกระป๋อง,0,0,0,0,0,0,0,0,0,0
การผลิตน้ำผลไม้และน้ำผัก,1,0,0,1,2,0.3,0,0,1,1.3
การถนอมผลไม้หรือผักโดยการทำเค็มการอบแห้งการแช่ ในน้ำมันหรือในน้ำส้มสายชู,1,0,0,0,1,1.3,0,0,0,1.3
การผลิตแยมแยมผิวส้มและเยลลี,0,0,0,0,0,0,0,0,0,0
การแปรรูปและการถนอมมันฝรั่ง,0,0,0,0,0,0,0,0,0,0
การผลิตผลิตภัณฑ์จากถั่วเปลือกแข็ง,0,1,0,0,1,0,0.1,0,0,0.1
การแปรรูปและการถนอมผลไม้และผักด้วยวิธีอื่นๆซึ่งมิได้ จัดประเภทไว้ในที่อื่น,2,1,1,2,6,1.1,1,10,2.5,14.6
การผลิตน้ำมันและไขมันจากพืชและสัตว์,0,0,0,0,0,0,0,0,0,0
การผลิตน้ำมันถั่วเหลือง,0,0,0,0,0,0,0,0,0,0
การผลิตน้ำมันรำข้าว,0,0,0,0,0,0,0,0,0,0
การผลิตน้ำมันข้าวโพด,0,0,0,0,0,0,0,0,0,0
การผลิตน้ำมันมะพร้าว,0,0,1,0,1,0,0,1,0,1
การผลิตน้ำมันพืชชนิดอื่น ๆ ซึ่งมิได้จัดประเภทไว้ในที่อื่น,0,0,0,0,0,0,0,0,0,0
การผลิตน้ำมันปาล์ม,0,0,0,0,0,0,0,0,0,0
การผลิตน้ำมันและไขมันจากสัตว์,0,0,0,0,0,0,0,0,0,0
การผลิตผลิตภัณฑ์อื่น ๆ ที่ได้จากน้ำมันพืชซึ่งมิได้จัด ประเภทไว้ในที่อื่น,0,0,0,0,0,0,0,0,0,0
การผลิตน้ำนมสด (ยกเว้นน้ำนมดิบ),0,0,0,0,0,0,0,0,0,0
การผลิตผลิตภัณฑ์นมข้นหรือนมผง,0,0,0,0,0,0,0,0,0,0
การผลิตไอศกรีมและไอศกรีมหวานเย็น,1,0,0,2,3,0.2,0,0,5,5.2
การผลิตโยเกิร์ตและนมเปรี้ยว,0,0,0,0,0,0,0,0,0,0
การผลิตเนย,1,0,0,0,1,0.1,0,0,0,0.1
การผลิตผลิตภัณฑ์นมอื่น ๆ ซึ่งมิได้จัดประเภทไว้ในที่อื่น,0,0,0,0,0,0,0,0,0,0
การสีข้าว,0,2,0,0,2,0,31,0,0,31
การผลิตแป้งจากข้าว,0,0,0,0,0,0,0,0,0,0
การผลิตแป้งสาลี,0,0,0,0,0,0,0,0,0,0
การผลิตแป้งข้าวโพด,0,0,0,0,0,0,0,0,0,0
การผลิตแป้งจากเมล็ดธัญพืชอื่น ๆ ซึ่งมิได้จัดประเภทไว้ในที่อื่น,0,0,0,0,0,0,0,0,0,0
การผลิตแป้งผสมหรือแป้งสำเร็จรูปสำหรับใช้ทำขนมปังและ ประกอบอาหารอื่น ๆ,0,0,0,0,0,0,0,0,0,0
การผลิตน้ำธัญพืช,0,0,0,0,0,0,0,0,0,0
การผลิตผลิตภัณฑ์อื่น ๆ จากเมล็ดธัญพืชซึ่งมิได้จัด ประเภทไว้ในที่อื่น,1,2,4,2,9,1,2,6.4,1.5,10.9
การผลิตมันเส้นและมันอัดเม็ด,0,0,0,0,0,0,0,0,0,0
การผลิตสตาร์ชมันสำปะหลัง,0,0,0,0,0,0,0,0,0,0
การผลิตสตาร์ชจากข้าวโพดธัญพืชและพืชผักอื่น ๆ (ยกเว้นมันสำปะหลัง),0,0,0,0,0,0,0,0,0,0
การผลิตผลิตภัณฑ์จากสตาร์ชอื่น ๆ ซึ่งมิได้จัดประเภทไว้ในที่อื่น,0,0,0,0,0,0,0,0,0,0
การผลิตผลิตภัณฑ์อาหารอื่นๆ,0,0,0,0,0,0,0,0,0,0
การผลิตผลิตภัณฑ์ขนมอบ,0,0,0,0,0,0,0,0,0,0
การผลิตขนมปังเค้กและเพสตรี,4,0,0,1,5,3.1,0,0,1,4.1
การผลิตขนมปังกรอบและผลิตภัณฑ์ขนมอบกรอบอื่น ๆ,0,0,0,1,1,0,0,0,10,10
การผลิตขนมไทยประเภทอบ,0,0,0,0,0,0,0,0,0,0
การผลิตน้ำตาล,0,0,0,0,0,0,0,0,0,0
การผลิตน้ำตาลดิบจากอ้อย,0,0,0,0,0,0,0,0,0,0
การผลิตน้ำตาลบริสุทธิ์,0,0,0,1,1,0,0,0,5,5
การผลิตน้ำตาลจากพืช (ยกเว้นอ้อย),0,0,0,0,0,0,0,0,0,0
การผลิตโกโก้และผลิตภัณฑ์จากโกโก้,0,0,0,0,0,0,0,0,0,0
การผลิตผลิตภัณฑ์ช็อกโกแลตและขนมหวานจากช็อกโกแลต,0,0,0,0,0,0,0,0,0,0
การผลิตหมากฝรั่ง,0,0,0,0,0,0,0,0,0,0
การถนอมผลไม้ถั่วเปลือกแข็งเปลือกผลไม้และส่วนอื่นๆของพืชโดยใช้น้ำตาล,0,0,0,0,0,0,0,0,0,0
การผลิตลูกกวาดและขนมอื่น ๆ ที่ทำจากน้ำตาลซึ่งมิได้จัดประเภทไว้ในที่อื่น,0,0,0,0,0,0,0,0,0,0
การผลิตพาสต้า,0,0,0,0,0,0,0,0,0,0
การผลิตเส้นก๋วยเตี๋ยว บะหมี่ วุ้นเส้น,0,0,0,0,0,0,0,0,0,0
การผลิตผลิตภัณฑ์อาหารจำพวกแป้งชนิดสำเร็จรูปและ กึ่งสำเร็จรูป,0,1,1,0,2,0,1,1,0,2
การผลิตผลิตภัณฑ์อาหารจำพวกแป้งอื่น ๆ ที่คล้ายกันซึ่งมิได้ จัดประเภทไว้ในที่อื่น,0,0,0,0,0,0,0,0,0,0
การผลิตอาหารปรุงสำเร็จ,0,0,0,0,0,0,0,0,0,0
การผลิตอาหารปรุงสำเร็จแช่แข็ง,0,0,1,0,1,0,0,0.1,0,0.1
การผลิตอาหารปรุงสำเร็จบรรจุในภาชนะปิดสนิทโดยวิธีสุญญากาศ,1,0,1,0,2,1,0,0.2,0,1.2
การผลิตกาแฟ ชาและสมุนไพรผงสำหรับชงเป็นเครื่องดื่ม,0,0,0,0,0,0,0,0,0,0
การผลิตกาแฟ,0,0,1,3,4,0,0,0.5,24,24.5
การผลิตชา,0,0,0,1,1,0,0,0,1,1
การผลิตสมุนไพรผงสำหรับชงเป็นเครื่องดื่ม,0,0,0,0,0,0,0,0,0,0
การผลิตเครื่องเทศและเครื่องแกงสำเร็จรูป,0,0,0,0,0,0,0,0,0,0
การผลิตซอสและเครื่องปรุงอาหารประจำโต๊ะ,0,0,0,0,0,0,0,0,0,0
การผลิตซีอิ๊ว,0,0,0,0,0,0,0,0,0,0
การผลิตผงชูรส,0,0,0,0,0,0,0,0,0,0
การผลิตเกลือบริโภค,0,0,0,0,0,0,0,0,0,0
การผลิตเครื่องปรุงอาหารประจำโต๊ะและเครื่องประกอบอาหาร อื่น ๆ ซึ่งมิได้จัดประเภทไว้ในที่อื่น,0,0,0,0,0,0,0,0,0,0
การผลิตผลิตภัณฑ์อาหารอื่น ๆ ซึ่งมิได้จัดประเภทไว้ในที่อื่น,0,0,0,0,0,0,0,0,0,0
การผลิตขนมขบเคี้ยว/ขนมกรุบกรอบ,0,0,0,0,0,0,0,0,0,0
การผลิตขนมไทยและขนมพื้นเมือง (ยกเว้นขนมอบ),0,0,0,0,0,0,0,0,0,0
การผลิตซุปน้ำซุปและอาหารพิเศษ,0,0,0,0,0,0,0,0,0,0
การผลิตอาหารพร้อมปรุงและอาหารที่เน่าเสียง่าย,0,0,1,0,1,0,0,0.5,0,0.5
การผลิตน้ำแข็งเพื่อการบริโภค,0,0,0,0,0,0,0,0,0,0
การผลิตผลิตภัณฑ์จากไข่,0,0,0,0,0,0,0,0,0,0
การผลิตผลิตภัณฑ์อาหารอื่น ๆ ซึ่งมิได้จัดประเภทไว้ในที่อื่น,4,2,3,3,12,4,3,7,207,221
การผลิตอาหารสำเร็จรูปสำหรับเลี้ยงสัตว์,0,0,0,0,0,0,0,0,0,0
การผลิตอาหารสำเร็จรูปสำหรับสัตว์เลี้ยง,0,0,0,0,0,0,0,0,0,0
การผลิตอาหารสำเร็จรูปสำหรับเลี้ยงปศุสัตว์ในฟาร์ม,1,0,0,0,1,1,0,0,0,1
การผลิตสุรากลั่น,2,0,2,0,4,1.5,0,3.06,0,4.56
การผลิตสุราผสม,0,0,0,0,0,0,0,0,0,0
การผลิตสุราผลไม้ (ไวน์),0,0,0,0,0,0,0,0,0,0
การผลิตไวน์องุ่น,0,0,0,0,0,0,0,0,0,0
การผลิตไวน์ผลไม้ (ยกเว้นองุ่น),0,0,0,0,0,0,0,0,0,0
การผลิตสุราผลไม้ (ไวน์) ซึ่งมิได้จัดประเภทไว้ที่อื่น,0,1,0,1,2,0,1,0,1,2
การผลิตมอลต์และสุราที่ทำจากข้าวมอลต์,1,0,0,0,1,1,0,0,0,1
การผลิตเครื่องดื่มที่ไม่มีแอลกอฮอล์การผลิตน้ำแร่และน้ำดื่ม บรรจุขวดประเภทอื่น ๆ,0,0,0,0,0,0,0,0,0,0
การผลิตน้ำดื่มบริสุทธิ์และน้ำแร่บรรจุขวด,2,0,1,1,4,3.2,0,1,1,5.2
การผลิตน้ำอัดลมและโซดา,0,0,0,0,0,0,0,0,0,0
การผลิตเครื่องดื่มกาแฟ ชาและชาชงสมุนไพรพร้อมดื่ม,0,0,0,0,0,0,0,0,0,0
การผลิตเครื่องดื่มให้พลังงานรวมถึงเครื่องดื่มเกลือแร่,0,0,0,0,0,0,0,0,0,0
การผลิตเครื่องดื่มที่ไม่มีแอลกอฮอล์อื่นๆซึ่งมิได้จัดประเภทไว้ในที่อื่น,0,0,2,1,3,0,0,31,1,32
การบ่มและการอบใบยาสูบ,0,0,0,0,0,0,0,0,0,0
การผลิตบุหรี่และซิการ์,0,0,0,0,0,0,0,0,0,0
การผลิตผลิตภัณฑ์จากยาสูบและผลิตภัณฑ์ที่ใช้แทนยาสูบอื่น ๆ ซึ่งมิได้จัดประเภทไว้ในที่อื่น (ยกเว้นบุหรี่และซิการ์),0,0,0,0,0,0,0,0,0,0
การเตรียมเส้นใย,0,0,0,0,0,0,0,0,0,0
การปั่นด้ายจากเส้นใยธรรมชาติ,0,0,0,0,0,0,0,0,0,0
การปั่นด้ายจากเส้นใยสังเคราะห์,0,0,0,0,0,0,0,0,0,0
การทอผ้าจากเส้นใยธรรมชาติ,1,0,0,0,1,1,0,0,0,1
การทอผ้าจากเส้นใยสังเคราะห์,0,1,0,0,1,0,2,0,0,2
การทอผ้าจากเส้นใยอื่น ๆ ซึ่งมิได้จัดประเภทไว้ในที่อื่น,0,0,0,1,1,0,0,0,3.01,3.01
การขจัดไขมันและสิ่งสกปรกการฟอกขาวและการย้อมสี,0,0,0,0,0,0,0,0,0,0
การพิมพ์ผ้า,0,2,0,0,2,0,0.35,0,0,0.35
การตกแต่งสำเร็จสิ่งทอด้วยวิธีอื่น ๆ ซึ่งมิได้จัดประเภทไว้ในที่อื่น,0,0,0,0,0,0,0,0,0,0
การผลิตผ้าถักและผ้าถักโครเชต์,0,0,0,0,0,0,0,0,0,0
การผลิตวัสดุสิ่งทอสำเร็จรูปยกเว้นเครื่องแต่งกาย,0,0,0,0,0,0,0,0,0,0
การผลิตเครื่องนอนผ้าที่ใช้บนโต๊ะอาหารห้องน้ำและห้องครัว,1,0,1,1,3,1,0,0.5,1,2.5
การผลิตผลิตภัณฑ์จากผ้าใบและผ้าอื่น ๆ ที่คล้ายกัน,0,0,0,0,0,0,0,0,0,0
การผลิตวัสดุสิ่งทอสำเร็จรูปอื่น ๆ ยกเว้นเครื่องแต่งกายซึ่งมิได้ จัดประเภทไว้ในที่อื่น,1,0,1,0,2,0.5,0,100,0,100.5
การผลิตพรมและพรมหนา,0,0,0,0,0,0,0,0,0,0
การผลิตเชือกเชือกเส้นใหญ่ตาข่ายแหและอวน,0,0,0,0,0,0,0,0,0,0
การผลิตผ้าที่ไม่ได้ทอ,0,0,0,0,0,0,0,0,0,0
การผลิตสิ่งทอชนิดใช้ในทางอุตสาหกรรม,0,0,0,0,0,0,0,0,0,0
การผลิตสิ่งทออื่น ๆ ซึ่งมิได้จัดประเภทไว้ในที่อื่น,0,0,0,0,0,0,0,0,0,0
การผลิตเสื้อผ้าเครื่องแต่งกาย,0,0,0,0,0,0,0,0,0,0
การผลิตเสื้อผ้าเครื่องแต่งกายยกเว้นการรับจ้างตัดเย็บเสื้อผ้า,0,0,0,0,0,0,0,0,0,0
การผลิตเสื้อผ้าเครื่องแต่งกายที่ใช้ในงานอุตสาหกรรมวิชาชีพนักเรียนและนักศึกษา,1,0,0,0,1,1,0,0,0,1
การผลิตเสื้อผ้าชั้นนอก,1,3,7,1,12,1,3,32,1,37
การผลิตชุดชั้นในและชุดนอน,0,0,0,0,0,0,0,0,0,0
การผลิตเสื้อผ้าสำหรับเด็กทารก,0,0,0,0,0,0,0,0,0,0
การผลิตชุดกีฬา,0,0,0,0,0,0,0,0,0,0
การผลิตเสื้อผ้าเครื่องแต่งกายจากหนัง,0,0,0,0,0,0,0,0,0,0
การตัดเย็บเสื้อผ้าตามคำสั่งของลูกค้า,5,2,3,1,11,12.2,1.5,5,1,19.7
การผลิตเครื่องปกคลุมหรือสวมศีรษะ,0,0,0,0,0,0,0,0,0,0
การผลิตเครื่องประกอบเครื่องแต่งกายอื่น ๆ ซึ่งมิได้จัดประเภทไว้ในที่อื่น,1,0,0,0,1,1,0,0,0,1
การผลิตสิ่งของต่าง ๆ ที่ทำจากขนสัตว์,0,0,0,0,0,0,0,0,0,0
การผลิตเสื้อผ้าเครื่องแต่งกายด้วยการถักและถักโครเชต์,0,0,0,0,0,0,0,0,0,0
การผลิตถุงเท้าถุงน่องชุดชั้นในด้วยการถักและถักโครเชต์,0,0,0,0,0,0,0,0,0,0
การฟอกและการตกแต่งเครื่องหนังการตกแต่งและการย้อมสี หนังขนสัตว์,1,0,0,0,1,1,0,0,0,1
การผลิตกระเป๋าเดินทางกระเป๋าถือและกระเป๋าอื่นๆที่ คล้ายกันอานและเครื่องลากเทียมสัตว์,0,0,0,0,0,0,0,0,0,0
การผลิตผลิตภัณฑ์ประเภทกระเป๋า,0,0,0,0,0,0,0,0,0,0
การผลิตอานเครื่องลากเทียมสัตว์และของเล่นสัตว์,0,0,0,0,0,0,0,0,0,0
การผลิตสิ่งของอื่นๆที่ทำจากหนังฟอกหรือหนังอัดซึ่งมิได้ จัดประเภทไว้ในที่อื่น,0,0,0,0,0,0,0,0,0,0
การผลิตรองเท้าหนัง,1,0,0,0,1,0.5,0,0,0,0.5
การผลิตรองเท้ายาง,0,0,0,1,1,0,0,0,1,1
การผลิตรองเท้าไม้,0,0,0,0,0,0,0,0,0,0
การผลิตรองเท้ากีฬา,0,0,0,0,0,0,0,0,0,0
การผลิตรองเท้าอื่น ๆ ซึ่งมิได้จัดประเภทไว้ในที่อื่น,0,1,0,0,1,0,6,0,0,6
การเลื่อยไม้และการไสไม้,0,0,0,0,0,0,0,0,0,0
การเลื่อยไม้,0,1,0,1,2,0,5,0,1.5,6.5
การอบและการอัดน้ำยาไม้,0,0,0,0,0,0,0,0,0,0
การผลิตแผ่นไม้บางและผลิตภัณฑ์ไม้,0,0,0,1,1,0,0,0,8,8
การผลิตโครงสร้างที่ใช้ในการก่อสร้างและเครื่องประกอบอาคาร,0,0,0,0,0,0,0,0,0,0
การผลิตภาชนะบรรจุที่ทำจากไม้,0,1,0,1,2,0,1,0,1,2
การผลิตเครื่องใช้ในบ้านที่ทำจากไม้และไม้ก๊อก,0,0,0,0,0,0,0,0,0,0
การผลิตผลิตภัณฑ์ที่ทำจากฟางและวัสดุถักสาน,0,0,0,0,0,0,0,0,0,0
การผลิตผลิตภัณฑ์จากไม้และไม้ก๊อกซึ่งมิได้จัดประเภทไว้ในที่อื่น,0,0,0,1,1,0,0,0,0.5,0.5
การผลิตเยื่อกระดาษ,0,0,0,0,0,0,0,0,0,0
การผลิตกระดาษและกระดาษแข็ง,0,0,1,0,1,0,0,3,0,3
การผลิตกระดาษลอนลูกฟูกและกระดาษแข็งลอนลูกฟูกและ การผลิตกล่องจากกระดาษและกระดาษแข็ง,1,1,0,0,2,5,2,0,0,7
การผลิตผลิตภัณฑ์ที่แปรรูปจากกระดาษเพื่อใช้ในครัวเรือนและ สุขอนามัย,0,0,0,0,0,0,0,0,0,0
การผลิตอุปกรณ์เครื่องเขียนจากกระดาษ,0,0,0,0,0,0,0,0,0,0
การผลิตผลิตภัณฑ์แปรรูปอื่น ๆ ที่ทำจากกระดาษและกระดาษแข็ง ซึ่งมิได้จัดประเภทไว้ในที่อื่น,0,0,0,0,0,0,0,0,0,0
การพิมพ์และการผลิตซ้ำสื่อบันทึก,0,0,0,0,0,0,0,0,0,0
การพิมพ์และการบริการที่เกี่ยวเนื่องกับการพิมพ์,0,0,0,0,0,0,0,0,0,0
การพิมพ์,0,0,0,0,0,0,0,0,0,0
การพิมพ์หนังสือพิมพ์และวารสารอื่น ๆ,0,1,0,0,1,0,0.2,0,0,0.2
การพิมพ์ฉลาก,0,0,0,1,1,0,0,0,0.2,0.2
การพิมพ์อื่น ๆ ซึ่งมิได้จัดประเภทไว้ในที่อื่น,1,3,4,2,10,1.5,2.3,5.05,21,29.85
การบริการก่อนการพิมพ์,0,0,0,0,0,0,0,0,0,0
การบริการอื่น ๆ ที่เกี่ยวเนื่องกับการพิมพ์,0,0,0,0,0,0,0,0,0,0
การผลิตซ้ำสื่อบันทึก,0,0,0,0,0,0,0,0,0,0
การผลิตผลิตภัณฑ์ถ่านโค้ก,0,0,0,0,0,0,0,0,0,0
การผลิตผลิตภัณฑ์ที่ได้จากการกลั่นปิโตรเลียม,0,0,0,0,0,0,0,0,0,0
การผลิตผลิตภัณฑ์ที่ได้จากโรงกลั่นปิโตรเลียม,0,0,0,0,0,0,0,0,0,0
การผลิตเชื้อเพลิงชีวภาพ,0,0,0,0,0,0,0,0,0,0
การผลิตผลิตภัณฑ์อื่น ๆ ที่ได้จากการกลั่นปิโตรเลียมซึ่งมิได้ จัดประเภทไว้ในที่อื่น,0,0,0,0,0,0,0,0,0,0
การผลิตเคมีภัณฑ์ขั้นมูลฐานปุ๋ยเคมีและสารประกอบไนโตรเจน พลาสติกและยางสังเคราะห์ขั้นต้น,0,0,0,0,0,0,0,0,0,0
การผลิตเคมีภัณฑ์ขั้นมูลฐาน,0,0,0,0,0,0,0,0,0,0
การผลิตก๊าซที่ใช้ในงานอุตสาหกรรม,0,0,0,0,0,0,0,0,0,0
การผลิตสีย้อมผ้าและสีผง,0,0,0,0,0,0,0,0,0,0
การผลิตเคมีภัณฑ์อนินทรีย์ขั้นมูลฐานอื่น ๆ,1,0,0,0,1,1,0,0,0,1
การผลิตแอลกอฮอล์และเอสเตอร์,0,0,0,0,0,0,0,0,0,0
การผลิตเคมีภัณฑ์อินทรีย์ขั้นมูลฐานอื่น ๆ,0,0,0,1,1,0,0,0,5,5
การผลิตปุ๋ยเคมีและปุ๋ยที่มีธาตุไนโตรเจนเป็นสารประกอบ,0,0,0,0,0,0,0,0,0,0
การผลิตปุ๋ยเคมี,3,1,0,1,5,3.2,1,0,2,6.2
การผลิตสารประกอบไนโตรเจน,0,0,0,0,0,0,0,0,0,0
การผลิตพลาสติกและยางสังเคราะห์ขั้นต้น,0,0,0,0,0,0,0,0,0,0
การผลิตเม็ดพลาสติกและพลาสติกขั้นต้น,0,1,1,1,3,0,3,1,450,454
การผลิตยางสังเคราะห์ขั้นต้น,0,0,0,0,0,0,0,0,0,0
การผลิตยาปราบศัตรูพืชและเคมีภัณฑ์อื่นๆเพื่อการเกษตร,0,0,0,0,0,0,0,0,0,0
การผลิตสีน้ำมันชักเงาและสารเคลือบประเภทเดียวกันและ น้ำมันทาไม้,1,0,0,0,1,1,0,0,0,1
การผลิตหมึกพิมพ์และผงหมึก,0,0,1,0,1,0,0,1,0,1
การผลิตสบู่และสารซักฟอกผลิตภัณฑ์ทำความสะอาดและ ขัดเงาน้ำหอมและผลิตภัณฑ์ในห้องน้ำ,0,0,0,0,0,0,0,0,0,0
การผลิตสบู่และสารซักฟอกผลิตภัณฑ์ที่ใช้ในการทำความสะอาด และขัดเงา,0,0,0,0,0,0,0,0,0,0
การผลิตเครื่องหอม เครื่องสำอาง และผลิตภัณฑ์ในห้องน้ำ,6,11,2,5,24,10,68.5,3,3.6,85.1
การผลิตผลิตภัณฑ์เคมีชนิดอื่นๆ ซึ่งมิได้จัดประเภทไว้ในที่อื่น,0,0,0,0,0,0,0,0,0,0
การผลิตผลิตภัณฑ์ที่เกี่ยวกับระเบิด,0,0,0,0,0,0,0,0,0,0
การผลิตกาวและเจลาติน,0,0,0,0,0,0,0,0,0,0
การผลิตน้ำมันหอมระเหย,0,0,0,0,0,0,0,0,0,0
การผลิตเคมีภัณฑ์ที่ใช้ในการถ่ายรูป,0,0,0,0,0,0,0,0,0,0
การผลิตผลิตภัณฑ์เคมีอื่น ๆ ซึ่งมิได้จัดประเภทไว้ในที่อื่น,1,1,1,0,3,0.1,1.1,56,0,57.2
การผลิตเส้นใยประดิษฐ์,0,0,0,0,0,0,0,0,0,0
การผลิตเภสัชภัณฑ์และเคมีภัณฑ์ที่ใช้รักษาโรค,2,1,1,0,4,4,1,1,0,6
การผลิตผลิตภัณฑ์จากพืชและสัตว์ที่ใช้รักษาโรค,3,3,5,2,13,8,2.4,9.1,2,21.5
การผลิตยางล้อและยางในรวมถึงการหล่อดอกยางและการซ่อม สร้างยางล้อ,0,0,0,0,0,0,0,0,0,0
การผลิตยางล้อและยางใน,0,0,0,0,0,0,0,0,0,0
การหล่อดอกยางและการซ่อมสร้างยางล้อ,0,1,0,0,1,0,4,0,0,4
การผลิตยางแผ่นและยางแท่ง,0,0,1,0,1,0,0,1,0,1
การผลิตน้ำยางข้น,0,0,0,0,0,0,0,0,0,0
การผลิตสิ่งของเครื่องใช้ด้านสุขอนามัยหรือเภสัชกรรมที่ทำ จากยาง,1,0,0,1,2,1,0,0,1,2
การผลิตผลิตภัณฑ์ยางอื่น ๆ ซึ่งมิได้จัดประเภทไว้ในที่อื่น,1,1,2,0,4,1,211,15,0,227
การผลิตผลิตภัณฑ์พลาสติก,0,0,0,0,0,0,0,0,0,0
การผลิตผลิตภัณฑ์ที่ใช้ในการก่อสร้าง/ประกอบอาคารที่ทำจากพลาสติก,0,0,0,0,0,0,0,0,0,0
การผลิตบรรจุภัณฑ์พลาสติก,2,1,1,1,5,5,1,1,4,11
การผลิตผลิตภัณฑ์พลาสติกสำเร็จรูป,1,2,0,1,4,1,1.5,0,1,3.5
การผลิตผลิตภัณฑ์พลาสติกอื่นๆซึ่งมิได้จัดประเภทไว้ในที่อื่น,0,0,0,0,0,0,0,0,0,0
การผลิตเครื่องใช้บนโต๊ะอาหารในครัวและในห้องน้ำที่ทำจากพลาสติก,0,0,0,0,0,0,0,0,0,0
การผลิตผลิตภัณฑ์ไฟเบอร์กลาส,0,0,1,0,1,0,0,0.1,0,0.1
การผลิตผลิตภัณฑ์พลาสติกอื่น ๆ ซึ่งมิได้จัดประเภทไว้ในที่อื่น,4,1,3,2,10,7.3,1,17,76,101.3
การผลิตแก้ว/กระจกแผ่น,0,0,0,0,0,0,0,0,0,0
การผลิตภาชนะบรรจุภัณฑ์และเครื่องใช้บนโต๊ะอาหารที่ทำจากแก้ว,0,0,0,0,0,0,0,0,0,0
การผลิตไฟเบอร์กลาส,0,0,0,0,0,0,0,0,0,0
การผลิตผลิตภัณฑ์แก้วอื่น ๆ ซึ่งมิได้จัดประเภทไว้ในที่อื่น,0,0,0,0,0,0,0,0,0,0
การผลิตผลิตภัณฑ์วัสดุทนไฟ,0,0,0,0,0,0,0,0,0,0
การผลิตวัสดุก่อสร้างที่วัตถุดิบหลักทำจากดิน,0,0,0,0,0,0,0,0,0,0
การผลิตอิฐ,0,0,0,0,0,0,0,0,0,0
การผลิตกระเบื้องปูพื้นและแผ่นเซรามิก,0,0,0,0,0,0,0,0,0,0
การผลิตเครื่องสุขภัณฑ์เซรามิก,0,0,0,0,0,0,0,0,0,0
การผลิตวัสดุที่ใช้ในการก่อสร้างอื่น ๆ ที่ทำจากดินเหนียวซึ่งมิได้ จัดประเภทไว้ในที่อื่น,0,0,1,0,1,0,0,1,0,1
การผลิตผลิตภัณฑ์เซรามิกที่เป็นเครื่องใช้บนโต๊ะอาหาร,0,0,0,0,0,0,0,0,0,0
การผลิตผลิตภัณฑ์ประติมากรรมและของตกแต่งที่ทำจากเซรามิก,0,0,0,0,0,0,0,0,0,0
การผลิตลูกถ้วยฉนวนไฟฟ้าและอุปกรณ์ประกอบลูกถ้วยฉนวนไฟฟ้าที่ทำจากเซรามิก,0,0,0,0,0,0,0,0,0,0
การผลิตผลิตภัณฑ์เครื่องเคลือบปอร์ซเลนและเซรามิกชนิดอื่น ๆ ซึ่งมิได้จัดประเภทไว้ในที่อื่น,0,0,0,1,1,0,0,0,5,5
การผลิตปูนซีเมนต์,0,0,0,0,0,0,0,0,0,0
การผลิตปูนไลม์ (ปูนขาว) และปูนปลาสเตอร์,0,0,0,0,0,0,0,0,0,0
การผลิตผลิตภัณฑ์คอนกรีตเพื่อใช้ในงานก่อสร้าง,1,0,1,0,2,1,0,50,0,51
การผลิตผลิตภัณฑ์ปูนปลาสเตอร์ที่ใช้ในงานก่อสร้าง,0,0,0,0,0,0,0,0,0,0
การผลิตคอนกรีตผสมเสร็จ,1,0,0,1,2,1,0,0,1,2
การผลิตผลิตภัณฑ์ไฟเบอร์ซีเมนต์,0,0,0,0,0,0,0,0,0,0
การผลิตผลิตภัณฑ์อื่น ๆ ที่ทำจากคอนกรีตซีเมนต์และ ปูนปลาสเตอร์ซึ่งมิได้จัดประเภทไว้ในที่อื่น,0,0,0,0,0,0,0,0,0,0
การตัดการขึ้นรูปและการแต่งสำเร็จหิน,0,0,0,0,0,0,0,0,0,0
การผลิตผลิตภัณฑ์หินที่ใช้ในการก่อสร้าง,0,0,0,0,0,0,0,0,0,0
การผลิตผลิตภัณฑ์อื่น ๆ ที่ทำจากหินซึ่งมิได้จัดประเภทไว้ในที่อื่น,0,0,0,0,0,0,0,0,0,0
การผลิตผลิตภัณฑ์ขัดถู,0,0,0,0,0,0,0,0,0,0
การผลิตวัสดุที่เป็นฉนวนจากแร่,0,0,0,0,0,0,0,0,0,0
การผลิตผลิตภัณฑ์อื่นๆที่ทำจากแร่อโลหะซึ่งมิได้จัดประเภทไว้ในที่อื่น,0,0,1,0,1,0,0,0.25,0,0.25
การผลิตเหล็กและเหล็กกล้าขั้นมูลฐาน,0,0,0,0,0,0,0,0,0,0
การผลิตเหล็กและเหล็กกล้าขั้นมูลฐานขั้นต้นและขั้นกลาง,0,0,0,0,0,0,0,0,0,0
การผลิตเหล็กและเหล็กกล้าแผ่น,0,0,0,0,0,0,0,0,0,0
การผลิตหลอดท่อฮอลโลว์โฟรไฟล์และอุปกรณ์ติดตั้งที่เกี่ยวข้องที่ทำจากเหล็กกล้า,0,0,0,0,0,0,0,0,0,0
การผลิตเหล็กและเหล็กกล้าขั้นมูลฐานอื่น ๆ ซึ่งมิได้จัดประเภทไว้ในที่อื่น,1,0,1,2,4,1,0,2,5.5,8.5
การผลิตโลหะมีค่าและโลหะอื่นที่ไม่ไช่เหล็กขั้นมูลฐาน,0,0,0,0,0,0,0,0,0,0
การผลิตโลหะมีค่า,0,1,1,0,2,0,1,4.6,0,5.6
การผลิตอะลูมิเนียมและผลิตภัณฑ์อะลูมิเนียม,0,0,0,0,0,0,0,0,0,0
การผลิตสังกะสีตะกั่วดีบุกและผลิตภัณฑ์ของของดังกล่าว,0,0,0,0,0,0,0,0,0,0
การผลิตทองแดงและผลิตภัณฑ์ทองแดง,0,0,1,0,1,0,0,1,0,1
การผลิตโลหะสามัญและผลิตภัณฑ์โลหะสามัญอื่น ๆ ที่มิใช่เหล็ก,1,0,0,0,1,1,0,0,0,1
การหล่อโลหะ,0,0,0,0,0,0,0,0,0,0
การหล่อเหล็ก,1,0,0,0,1,15,0,0,0,15
การหล่อเหล็กกล้า,0,0,0,0,0,0,0,0,0,0
การหล่อโลหะที่ไม่ใช่เหล็กและเหล็กกล้า,1,1,0,0,2,0.2,2,0,0,2.2
การผลิตผลิตภัณฑ์ที่มีโครงสร้างเป็นโลหะ,0,0,0,0,0,0,0,0,0,0
การผลิตผลิตภัณฑ์ที่มีโครงสร้างเป็นโลหะสำหรับใช้ในงานก่อสร้าง,2,0,0,1,3,201,0,0,2,203
การผลิตโลหะที่เป็นโครงสร้างของการก่อสร้างอาคาร,0,0,0,0,0,0,0,0,0,0
การผลิตประตู หน้าต่าง กรอบประตู หน้าต่าง ประตูใหญ่ และ ผลิตภัณฑ์ที่คล้ายกันที่ทำจากโลหะ,0,0,0,0,0,0,0,0,0,0
การผลิตผลิตภัณฑ์อื่นๆ ที่มีโครงสร้างเป็นโลหะ ซึ่งมิได้จัดประเภทไว้ในที่อื่น,0,1,1,0,2,0,1,1,0,2
การผลิตถังน้ำขนาดใหญ่(ที่มีความจุเกิน 300 ลิตร) ที่เก็บกักน้ำและภาชนะบรรจุที่ทำ จากโลหะ,0,0,0,0,0,0,0,0,0,0
การผลิตหม้อน้ำสำหรับการทำความร้อนจากส่วนกลางและเครื่องระบายความร้อน,0,0,0,0,0,0,0,0,0,0
การผลิตภาชนะบรรจุสิ่งของที่ทำจากโลหะ เพื่อเก็บก๊าซอัดหรือ ก๊าซเหลว,0,0,0,0,0,0,0,0,0,0
การผลิตถังน้ำขนาดใหญ่ (ที่มีความจุเกิน 300 ลิตร) ที่เก็บกักน้ำและภาชนะบรรจุที่ทำ จากโลหะ ซึ่งมิได้จัดประเภทไว้ในที่อื่น,0,0,0,0,0,0,0,0,0,0
การผลิตเครื่องกำเนิดไอน้ำยกเว้นหม้อต้มน้ำร้อนสำหรับ ทำความร้อนจากส่วนกลาง,0,0,0,0,0,0,0,0,0,0
การผลิตกระสุนและวัตถุระเบิด,0,0,0,0,0,0,0,0,0,0
การผลิตอาวุธหนัก อาวุธปืน รวมถึงอาวุธอื่นๆ ซึ่งมิได้จัดประเภทไว้ในที่อื่น,0,0,1,0,1,0,0,5,0,5
การผลิตผลิตภัณฑ์โลหะโดยวิธีการตี การอัด การตอกพิมพ์และ การรีด การผสมโลหะผง,0,1,0,0,1,0,0.1,0,0,0.1
การปรับสภาพและการเคลือบโลหะ การกัดกลึงขึ้นรูป,0,0,0,0,0,0,0,0,0,0
การตกแต่งและการเคลือบโลหะ,0,0,1,2,3,0,0,0.4,3.1,3.5
การกลึงกัดไสโลหะ,1,2,4,2,9,1,1.5,4,2,8.5
การผลิตเครื่องตัด,0,0,0,0,0,0,0,0,0,0
การผลิตกุญแจและบานพับ,0,0,0,0,0,0,0,0,0,0
การผลิตเครื่องมือที่ใช้งานด้วยมือและเครื่องโลหะทั่วไปซึ่งมิได้จัดประเภทไว้ในที่อื่น,1,0,2,1,4,0.2,0,5.6,200,205.8
การผลิตถัง กระป๋องถังกลมขนาดใหญ่ (ที่มีความจุไม่เกิน 300 ลิตร) และภาชนะบรรจุที่คล้ายกันที่ทำจากโลหะ,0,0,0,0,0,0,0,0,0,0
การผลิตถังถังกลมขนาดใหญ่ (ที่มีความจุไม่เกิน 300 ลิตร) และภาชนะบรรจุที่คล้ายกันที่ทำจากโลหะ,0,0,0,0,0,0,0,0,0,0
การผลิตกระป๋องโลหะและบรรจุภัณฑ์อื่นๆที่ทำจากโลหะซึ่งมิได้จัดประเภทไว้ในที่อื่น,0,0,0,0,0,0,0,0,0,0
การผลิตของที่ทำจากลวด โซ่ ลวดสปริง สลักเกลียว และ ตะปูควง,0,0,0,0,0,0,0,0,0,0
การผลิตลวด เคเบิลและของที่ทำจากลวด,1,0,0,0,1,25,0,0,0,25
การผลิตโซ่ ลวดสปริง สลักเกลียว และตะปูควง,0,0,0,0,0,0,0,0,0,0
การผลิตเครื่องสุขภัณฑ์ที่ทำจากโลหะ,0,0,0,0,0,0,0,0,0,0
การผลิตเครื่องใช้ในครัวเรือนที่ทำจากโลหะ,0,0,0,1,1,0,0,0,1,1
การผลิตตู้นิรภัยและเครื่องใช้สำนักงานที่ทำจากโลหะ (ยกเว้น เฟอร์นิเจอร์),0,0,0,0,0,0,0,0,0,0
การผลิตผลิตภัณฑ์โลหะประดิษฐ์อื่นๆซึ่งมิได้จัดประเภทไว้ในที่อื่น,0,2,0,1,3,0,5,0,4,9
การผลิตชิ้นส่วนอุปกรณ์แสดงภาพ,0,0,0,0,0,0,0,0,0,0
การผลิตตัวเก็บประจุและตัวต้านทานสำหรับวงจรอิเล็กทรอนิกส์,0,0,0,0,0,0,0,0,0,0
การผลิตแผ่นวงจรอิเล็กทรอนิกส์,0,0,0,0,0,0,0,0,0,0
การผลิตอุปกรณ์กึ่งตัวนำและวงจรรวม,1,0,0,0,1,0.5,0,0,0,0.5
การผลิตส่วนประกอบอิเล็กทรอนิกส์อื่นๆซึ่งมิได้จัดประเภทไว้ในที่อื่น,1,1,1,0,3,14,1,10,0,25
การผลิตคอมพิวเตอร์และ/หรือการประกอบคอมพิวเตอร์,0,1,1,0,2,0,1,5,0,6
การผลิตอุปกรณ์จัดเก็บข้อมูล,0,0,0,0,0,0,0,0,0,0
การผลิตจอคอมพิวเตอร์,0,0,0,0,0,0,0,0,0,0
การผลิตอุปกรณ์ต่อพ่วงอื่นๆซึ่งมิได้จัดประเภทไว้ในที่อื่น,0,0,0,0,0,0,0,0,0,0
การผลิตเครื่องมือสื่อสาร,0,0,0,0,0,0,0,0,0,0
การผลิตโทรศัพท์และโทรสารแบบใช้สาย,0,0,0,0,0,0,0,0,0,0
การผลิตอุปกรณ์สื่อสารแบบไร้สาย,0,0,0,0,0,0,0,0,0,0
การผลิตอุปกรณ์สื่อสารข้อมูลที่ใช้ในการส่งสัญญาณอิเล็กทรอนิกส์ไปตามสายหรือออกอากาศ,0,0,0,0,0,0,0,0,0,0
การผลิตอุปกรณ์สื่อสารอื่นๆซึ่งมิได้จัดประเภทไว้ในที่อื่น,1,0,0,0,1,3,0,0,0,3
การผลิตเครื่องรับโทรทัศน์,0,0,0,0,0,0,0,0,0,0
การผลิตเครื่องรับวิทยุเครื่องบันทึกและทำสำเนาเสียงและภาพ,0,0,0,0,0,0,0,0,0,0
การผลิตไมโครโฟนลำโพงและเครื่องขยายเสียง,0,0,0,0,0,0,0,0,0,0
การผลิตเครื่องใช้อิเล็กทรอนิกส์อื่นๆชนิดใช้ในครัวเรือน ซึ่งมิได้จัดประเภทไว้ในที่อื่น,1,0,0,0,1,1,0,0,0,1
การผลิตเครื่องมือที่ใช้ในการวัดการทดสอบการนำร่องและอุปกรณ์การควบคุม (ยกเว้น ในทางอุตสาหกรรม),0,1,0,0,1,0,2,0,0,2
การผลิตเครื่องมือใช้ในการวัด การทดสอบ และการควบคุมกระบวนการผลิตในทางอุตสาหกรรม,0,0,0,0,0,0,0,0,0,0
การผลิตนาฬิกา,0,0,0,0,0,0,0,0,0,0
การผลิตผลิตภัณฑ์อื่นๆที่มีเครื่องนาฬิกาประกอบอยู่,0,0,0,0,0,0,0,0,0,0
การผลิตเครื่องฉายรังสี และเครื่องมืออิเล็กทรอนิกส์ทางการแพทย์และทางการบำบัดรักษา,0,1,0,0,1,0,1,0,0,1
การผลิตเลนส์,0,0,0,0,0,0,0,0,0,0
การผลิตเครื่องมือทางทัศนศาสตร์ (ยกเว้น เลนส์),0,0,0,0,0,0,0,0,0,0
การผลิตอุปกรณ์เกี่ยวกับการถ่ายภาพและถ่ายภาพยนตร์,0,0,0,0,0,0,0,0,0,0
การผลิตสื่อแม่เหล็ก และสื่อเชิงแสง,0,0,0,0,0,0,0,0,0,0
การผลิตมอเตอร์ไฟฟ้าและเครื่องกำเนิดไฟฟ้า,0,0,0,0,0,0,0,0,0,0
การผลิตหม้อแปลงไฟฟ้า,0,0,0,0,0,0,0,0,0,0
การผลิตอุปกรณ์ควบคุมและจ่ายไฟฟ้า,0,0,1,0,1,0,0,0.2,0,0.2
การผลิตแบตเตอรี่และหม้อสะสมไฟฟ้า,1,0,0,0,1,2,0,0,0,2
การผลิตสายไฟฟ้าและอุปกรณ์การเดินสายไฟฟ้า,0,0,0,0,0,0,0,0,0,0
การผลิตเคเบิลเส้นใยนำแสง,0,0,0,0,0,0,0,0,0,0
การผลิตสายไฟฟ้าและเคเบิลสำหรับงานไฟฟ้าและอิเล็กทรอนิกส์ อื่นๆ,0,0,0,0,0,0,0,0,0,0
การผลิตอุปกรณ์การเดินสายไฟฟ้า,0,1,0,0,1,0,0.3,0,0,0.3
การผลิตหลอดไฟฟ้า,1,0,0,0,1,2,0,0,0,2
การผลิตอุปกรณ์ไฟฟ้าอื่นๆสำหรับให้แสงสว่าง,0,0,0,0,0,0,0,0,0,0
การผลิตเครื่องใช้ไฟฟ้าชนิดใช้ในครัวเรือน (ยกเว้นประเภทผลิต ความร้อนด้วยไฟฟ้า),2,0,1,0,3,6.5,0,1,0,7.5
การผลิตเครื่องใช้ในครัวเรือนประเภทผลิตความร้อนด้วยไฟฟ้า,0,0,0,0,0,0,0,0,0,0
การผลิตเครื่องใช้ในครัวเรือนประเภทผลิตความร้อนที่ไม่ต้องใช้ไฟฟ้า,0,0,0,0,0,0,0,0,0,0
การผลิตเครื่องใช้ไฟฟ้าชนิดอื่นๆ,0,0,0,0,0,0,0,0,0,0
การผลิตเครื่องจ่ายไฟฟ้าต่อเนื่อง,0,0,0,0,0,0,0,0,0,0
การผลิตอุปกรณ์ให้สัญญาณแบบไฟฟ้า,0,0,0,0,0,0,0,0,0,0
การผลิตอุปกรณ์ไฟฟ้าอื่นๆซึ่งมิได้จัดประเภทไว้ในที่อื่น การผลิตเครื่องจักรและเครื่องมือซึ่งมิได้จัดประเภทไว้ในที่อื่น,1,1,0,0,2,1,2,0,0,3
การผลิตเครื่องจักรและเครื่องมือ ซึ่งมิได้จัดประเภทไว้ในที่อื่น,0,0,0,0,0,0,0,0,0,0
การผลิตเครื่องจักรที่ใช้งานทั่วไป,0,0,0,0,0,0,0,0,0,0
การผลิตเครื่องยนต์และเครื่องกังหันยกเว้นเครื่องยนต์ที่ใช้กับอากาศยานยานยนต์และจักรยานยนต์,0,0,0,0,0,0,0,0,0,0
การผลิตเครื่องสูบของไหล,0,0,0,0,0,0,0,0,0,0
การผลิตเครื่องสูบอื่นๆและคอมเพรสเซอร์,0,0,0,0,0,0,0,0,0,0
การผลิตก๊อกและวาล์วอื่นๆ,0,0,0,0,0,0,0,0,0,0
การผลิตตลับลูกปืนเกียร์และอุปกรณ์ที่ใช้ขับเคลื่อน,0,0,0,0,0,0,0,0,0,0
การผลิตเตาอบเตาหลอมและเตาเผา,1,0,0,0,1,1,0,0,0,1
การผลิตอุปกรณ์ที่ใช้สำหรับยกและขนย้าย,0,0,0,0,0,0,0,0,0,0
การผลิตเครื่องจักรและเครื่องใช้สำนักงาน (ยกเว้นคอมพิวเตอร์ และอุปกรณ์ต่อพ่วง),0,0,0,0,0,0,0,0,0,0
การผลิตเครื่องมือที่ใช้พลังงานขับเคลื่อน,0,0,0,0,0,0,0,0,0,0
การผลิตเครื่องทำความเย็น,0,0,1,1,2,0,0,1,5,6
การผลิตเครื่องจักรอื่นๆที่ใช้งานทั่วไปซึ่งมิได้จัดประเภทไว้ในที่อื่น,1,1,4,2,8,1,5,25.2,5.5,36.7
การผลิตเครื่องจักรที่ใช้ในการเกษตรและการป่าไม้,0,0,0,0,0,0,0,0,0,0
การผลิตรถแทรกเตอร์ที่ใช้ในงานเกษตรและงานป่าไม้,0,0,0,0,0,0,0,0,0,0
การผลิตเครื่องจักรอื่นๆที่ใช้ในทางการเกษตรและการป่าไม้ (ยกเว้นแทรกเตอร์ที่ใช้ในทางการเกษตรและงานป่าไม้),1,0,0,0,1,1,0,0,0,1
การผลิตเครื่องจักรที่ใช้ในการขึ้นรูปโลหะและเครื่องมือกล,0,0,0,0,0,0,0,0,0,0
การผลิตเครื่องจักรที่ใช้ในการขึ้นรูปโลหะ,1,0,0,0,1,1,0,0,0,1
การผลิตเครื่องมือกลอื่นๆซึ่งมิได้จัดประเภทไว้ในที่อื่น,0,0,1,0,1,0,0,5,0,5
การผลิตเครื่องจักรสำหรับงานโลหะกรรม,0,0,1,0,1,0,0,1,0,1
การผลิตเครื่องจักรสำหรับการทำเหมืองแร่เหมืองหินและ การก่อสร้าง,0,0,0,0,0,0,0,0,0,0
การผลิตเครื่องจักรที่ใช้ในกระบวนการผลิตอาหารเครื่องดื่มและ ยาสูบ,1,0,0,0,1,4,0,0,0,4
การผลิตเครื่องจักรที่ใช้ในการเตรียมปั่นทอและถักนิตสิ่งทอ,0,0,0,0,0,0,0,0,0,0
การผลิตเครื่องจักรอื่นๆที่ใช้ในการผลิตสิ่งทอเครื่องแต่งกาย และเครื่องหนัง,0,0,0,0,0,0,0,0,0,0
การผลิตเครื่องจักรเพื่อใช้ในการผลิตกระดาษและกระดาษแข็ง,0,0,0,0,0,0,0,0,0,0
การผลิตเครื่องจักรเพื่อใช้งานกับยางหรือพลาสติก,0,0,1,0,1,0,0,2,0,2
การผลิตเครื่องจักรเพื่อใช้งานเฉพาะอย่างอื่นๆซึ่งมิได้จัดประเภทไว้ในที่อื่น,0,0,1,1,2,0,0,106.6,1,107.6
การผลิตยานยนต์,0,0,0,0,0,0,0,0,0,0
การผลิตเครื่องยนต์สำหรับยานยนต์,0,0,0,0,0,0,0,0,0,0
การผลิตรถยนต์ส่วนบุคคล,0,0,0,0,0,0,0,0,0,0
การผลิตรถกระบะ1ตัน,0,0,0,0,0,0,0,0,0,0
การผลิตยานยนต์อื่นๆที่ใช้เพื่อการโดยสาร,0,0,0,0,0,0,0,0,0,0
การผลิตยานยนต์อื่นๆซึ่งมิได้จัดประเภทไว้ในที่อื่น,1,1,0,1,3,8,0.1,0,3,11.1
การผลิตตัวถังยานยนต์,0,0,1,0,1,0,0,1,0,1
การผลิตรถพ่วงและรถกึ่งรถพ่วง,0,0,0,0,0,0,0,0,0,0
การผลิตตู้บรรทุกสินค้า,0,1,0,0,1,0,1,0,0,1
การผลิตชิ้นส่วน และอุปกรณ์เสริม สำหรับยานยนต์,0,0,0,0,0,0,0,0,0,0
การผลิตที่นั่งภายในยานยนต์,0,0,0,0,0,0,0,0,0,0
การผลิตอุปกรณ์ไฟฟ้าสำหรับยานยนต์,0,0,0,0,0,0,0,0,0,0
การผลิตชิ้นส่วนและอุปกรณ์เสริมอื่นๆสำหรับยานยนต์ซึ่งมิได้จัดประเภทไว้ในที่อื่น,1,3,2,0,6,39.3,11,119.6,0,169.9
การต่อเรือใหญ่ และสิ่งก่อสร้างลอยน้ำ,1,0,0,0,1,5,0,0,0,5
การต่อเรือที่ใช้เพื่อความสำราญและการกีฬา,1,0,0,0,1,4,0,0,0,4
การผลิตหัวรถจักรและตู้สำหรับขนส่งทางรถไฟหรือรถราง,0,0,0,0,0,0,0,0,0,0
การผลิตอากาศยานยานอวกาศและเครื่องจักรที่เกี่ยวข้อง,0,0,0,0,0,0,0,0,0,0
การผลิตยานยนต์ทางการทหารเพื่อใช้ในการสู้รบ,0,0,0,0,0,0,0,0,0,0
การผลิตอุปกรณ์ขนส่งซึ่งมิได้จัดประเภทไว้ในที่อื่น,0,0,0,0,0,0,0,0,0,0
การผลิตจักรยานยนต์,0,0,0,0,0,0,0,0,0,0
การผลิตเครื่องยนต์ ชิ้นส่วนและอุปกรณ์เสริมสำหรับจักรยานยนต์,0,0,0,0,0,0,0,0,0,0
การผลิตจักรยาน,0,0,0,0,0,0,0,0,0,0
การผลิตรถสำหรับคนพิการ,0,0,0,0,0,0,0,0,0,0
การผลิตอุปกรณ์การขนส่งอื่นๆซึ่งมิได้จัดประเภทไว้ในที่อื่น,0,0,0,0,0,0,0,0,0,0
การผลิตเฟอร์นิเจอร์,0,0,0,0,0,0,0,0,0,0
การผลิตเฟอร์นิเจอร์ไม้,2,0,1,0,3,1.5,0,1,0,2.5
การผลิตเฟอร์นิเจอร์โลหะ,0,2,0,0,2,0,256,0,0,256
การผลิตฐานรองที่นอนและที่นอน,0,0,0,0,0,0,0,0,0,0
การผลิตเฟอร์นิเจอร์ที่ทำจากวัสดุอื่นๆ (ยกเว้น หิน คอนกรีต หรือเซรามิก),0,0,1,1,2,0,0,5,1,6
การผลิตเครื่องประดับอัญมณีเครื่องประดับเพชรพลอยและ สิ่งของอื่นๆที่เกี่ยวข้อง,0,0,0,0,0,0,0,0,0,0
การผลิตเครื่องประดับอัญมณีและสิ่งของอื่นๆที่เกี่ยวข้อง,0,0,0,0,0,0,0,0,0,0
การผลิตเครื่องประดับจากอัญมณีและโลหะมีค่า,1,1,3,0,5,1,1,17.3,0,19.3
การผลิตสิ่งของเครื่องใช้จากเพชรพลอยและโลหะมีค่า,0,0,0,0,0,0,0,0,0,0
การเจียระไนและการขัดเพชรพลอย,0,0,0,0,0,0,0,0,0,0
การผลิตเครื่องประดับ ที่ทำจากอัญมณีเทียมและสิ่งของที่เกี่ยวข้อง,0,0,0,0,0,0,0,0,0,0
การผลิตเครื่องดนตรี,0,0,0,0,0,0,0,0,0,0
การผลิตเครื่องดนตรีไทย,0,0,0,0,0,0,0,0,0,0
การผลิตเครื่องดนตรี ซึ่งมิได้จัดประเภทไว้ในที่อื่น,0,0,0,0,0,0,0,0,0,0
การผลิตเครื่องกีฬา,0,0,0,0,0,0,0,0,0,0
การผลิตลูกบอลที่ใช้ในการกีฬา,0,0,0,0,0,0,0,0,0,0
การผลิตกระดานแล่นใบและกระดานโต้คลื่นและอุปกรณ์สำหรับเล่นกีฬาทางน้ำ,0,0,0,0,0,0,0,0,0,0
การผลิตอุปกรณ์สำหรับกีฬาตกปลา,0,0,0,0,0,0,0,0,0,0
การผลิตอุปกรณ์กีฬาอื่นๆซึ่งมิได้จัดประเภทไว้ในที่อื่น,1,0,0,1,2,0.1,0,0,81.5,81.6
การผลิตของเล่นที่มีล้อ,0,0,0,0,0,0,0,0,0,0
การผลิตตุ๊กตา,0,0,0,0,0,0,0,0,0,0
การผลิตเกมและของเล่นอื่นๆซึ่งมิได้จัดประเภทไว้ในที่อื่น,0,0,2,0,2,0,0,1.3,0,1.3
การผลิตเครื่องมือและอุปกรณ์ทางการแพทย์และทางทันตกรรม,0,0,0,0,0,0,0,0,0,0
การผลิตเครื่องมือและอุปกรณ์ในทางการแพทย์ (ยกเว้นทางทันตกรรม),0,1,0,1,2,0,0.1,0,12.5,12.6
การผลิตเครื่องมือและอุปกรณ์ในทางทันตกรรม,0,1,0,0,1,0,2,0,0,2
การผลิตผลิตภัณฑ์อื่นๆซึ่งมิได้จัดประเภทไว้ในที่อื่น,0,0,0,0,0,0,0,0,0,0
การผลิตไม้กวาดและแปรง,0,0,0,0,0,0,0,0,0,0
การผลิตอุปกรณ์เครื่องเขียน,0,0,0,0,0,0,0,0,0,0
การผลิตเครื่องอุปกรณ์ด้านความปลอดภัย,0,0,0,0,0,0,0,0,0,0
การผลิตดอกไม้และต้นไม้ประดิษฐ์,0,0,0,1,1,0,0,0,0.5,0.5
การผลิตผลิตภัณฑ์อื่นๆซึ่งมิได้จัดประเภทไว้ในที่อื่น,6,1,1,1,9,8,1.8,1,1,11.8
การซ่อมและการติดตั้งเครื่องจักรและอุปกรณ์,0,0,0,0,0,0,0,0,0,0
การซ่อมผลิตภัณฑ์โลหะประดิษฐ์,1,0,0,0,1,1,0,0,0,1
การซ่อมเครื่องจักร,0,0,0,0,0,0,0,0,0,0
การซ่อมเครื่องจักรที่ใช้งานทั่วไป,3,3,2,1,9,4.05,3,2,1,10.05
การซ่อมเครื่องจักรที่ใช้งานเฉพาะอย่าง,0,0,2,0,2,0,0,2,0,2
การซ่อมอุปกรณ์อิเล็กทรอนิกส์และอุปกรณ์ทางทัศนศาสตร์,0,0,0,0,0,0,0,0,0,0
การซ่อมและบำรุงรักษาเครื่องมือที่ใช้ในการวัดการทดสอบการนำร่องและอุปกรณ์การควบคุม,0,1,0,0,1,0,5,0,0,5
การซ่อมและบำรุงรักษาเครื่องฉายรังสีและเครื่องมืออิเล็กทรอนิกส์ทางการแพทย์และทางการบำบัดรักษา,0,1,0,0,1,0,5,0,0,5
การซ่อมและบำรุงรักษาเครื่องมือทางทัศนศาสตร์และอุปกรณ์ทางถ่ายภาพ,0,0,0,0,0,0,0,0,0,0
การซ่อมอุปกรณ์ไฟฟ้า,0,0,0,0,0,0,0,0,0,0
การซ่อมมอเตอร์ไฟฟ้าเครื่องกำเนิดไฟฟ้าหม้อแปลงไฟฟ้าและอุปกรณ์ควบคุมและจ่ายไฟฟ้า,1,0,0,0,1,0.1,0,0,0,0.1
การซ่อมแบตเตอรี่และหม้อสะสมไฟฟ้า,0,0,0,0,0,0,0,0,0,0
การซ่อมอุปกรณ์ไฟฟ้าอื่นๆซึ่งมิได้จัดประเภทไว้ในที่อื่น,0,1,1,0,2,0,3,0.3,0,3.3
การซ่อมเรือ,1,0,0,0,1,2,0,0,0,2
การซ่อมอากาศยาน,0,0,2,0,2,0,0,2,0,2
การซ่อมอุปกรณ์ขนส่งอื่นๆซึ่งมิได้จัดประเภทไว้ในที่อื่น (ยกเว้น ยานยนต์),0,0,0,0,0,0,0,0,0,0
การซ่อมอุปกรณ์อื่นๆ,0,0,0,0,0,0,0,0,0,0
การติดตั้งเครื่องจักรอุตสาหกรรมและอุปกรณ์,3,1,0,3,7,3,1,0,1.7,5.7
ไฟฟ้าก๊าซไอน้ำและระบบการปรับอากาศ,0,0,0,0,0,0,0,0,0,0
การผลิต การส่งและการจ่ายกระแสไฟฟ้า,0,0,0,0,0,0,0,0,0,0
การผลิตและการส่งไฟฟ้า,8,3,3,4,18,17.0695,10.5,16,172.67,216.2395
การจ่ายไฟฟ้า,0,0,0,0,0,0,0,0,0,0
การผลิตก๊าซ,0,0,0,0,0,0,0,0,0,0
การจ่ายเชื้อเพลิงก๊าซผ่านท่อหลัก,0,0,0,0,0,0,0,0,0,0
การผลิตน้ำแข็งชนิดไม่ใช้เพื่อการบริโภค,0,0,0,0,0,0,0,0,0,0
การจัดหาไอน้ำและระบบการปรับอากาศ (ยกเว้นการผลิตน้ำแข็ง ชนิดไม่ใช้เพื่อการบริโภค),0,0,0,0,0,0,0,0,0,0
การเก็บกักน้ำ,0,0,0,0,0,0,0,0,0,0
การจัดหาน้ำและการจ่ายน้ำสำหรับใช้ในครัวเรือนและอุตสาหกรรม ผ่านระบบประปา,0,0,0,0,0,0,0,0,0,0
การจัดหาน้ำและการจ่ายน้ำสำหรับใช้ในการเกษตร,0,0,0,0,0,0,0,0,0,0
การจัดหาและการจ่ายน้ำอื่นๆซื่งมิได้จัดประเภทไว้ในที่อื่น,0,0,0,1,1,0,0,0,1,1
การจัดการน้ำเสีย,2,1,0,3,6,2.3065,1,0,5.5,8.8065
การเก็บรวบรวมของเสียที่ไม่เป็นอันตราย,0,0,1,0,1,0,0,1,0,1
การเก็บรวบรวมของเสียที่เป็นอันตราย,0,0,0,0,0,0,0,0,0,0
การบำบัดและการกำจัดของเสีย,0,0,0,0,0,0,0,0,0,0
การบำบัดและการกำจัดของเสียที่ไม่เป็นอันตราย,0,0,0,0,0,0,0,0,0,0
การบำบัดและการกำจัดของเสียที่ไม่เป็นอันตรายโดยการฝังกลบ อย่างถูกสุขอนามัย,0,0,0,0,0,0,0,0,0,0
การบำบัดและการกำจัดของเสียที่ไม่เป็นอันตรายโดยการเผาด้วยเตาเผาขยะ,0,0,0,0,0,0,0,0,0,0
การบำบัดและการกำจัดของเสียที่ไม่เป็นอันตรายโดยวิธีชีวภาพ,1,0,0,0,1,1,0,0,0,1
การบำบัดและการกำจัดของเสียที่ไม่เป็นอันตรายโดยวิธีอื่นๆซึ่งมิได้จัดประเภทไว้ในที่อื่น,0,0,0,0,0,0,0,0,0,0
การบำบัดและการกำจัดกากสารกัมมันตรังสี,0,0,0,0,0,0,0,0,0,0
การบำบัดและการกำจัดของเสียที่เป็นอันตรายยกเว้นกากสารกัมมันตรังสี,0,0,0,0,0,0,0,0,0,0
การนำวัสดุที่ใช้แล้วกลับมาใช้ใหม่,1,2,3,0,6,1,6,2.25,0,9.25
กิจกรรมการบำบัดและการจัดบริการเก็บของเสียอื่นๆ,0,0,0,0,0,0,0,0,0,0
การก่อสร้างอาคาร,0,0,0,0,0,0,0,0,0,0
การก่อสร้างอาคารที่พักอาศัย,10,8,20,24,62,13.45,18,27.06,41.45,99.96
การก่อสร้างอาคารที่ไม่ใช่ที่พักอาศัย,103,62,94,88,347,249,123,227.290999,396.5623,995.853299
การก่อสร้างถนนและทางรถไฟ,0,0,0,0,0,0,0,0,0,0
การก่อสร้างถนนสะพานและอุโมงค์,8,3,3,2,16,9,34,10.1,4,57.1
การก่อสร้างทางรถไฟและรถใต้ดิน,0,0,0,0,0,0,0,0,0,0
การก่อสร้างโครงการสาธารณูปโภค,0,0,0,0,0,0,0,0,0,0
การก่อสร้างโครงการสาธารณูปโภคเกี่ยวกับน้ำน้ำมันและก๊าซ,1,0,2,0,3,2,0,3,0,5
การก่อสร้างโครงการสาธารณูปโภคเกี่ยวกับสายส่งไฟฟ้ากำลังและสายสัญญาณสื่อสาร,0,0,1,2,3,0,0,1,2.2,3.2
การก่อสร้างโครงการวิศวกรรรมโยธาอื่นๆ,0,0,0,0,0,0,0,0,0,0
การก่อสร้างระบบสาธารณูปโภคสิ่งอำนวยความสะดวก (ยกเว้นตัวอาคารของโรงงานอุตสาหกรรม) และโครงการวิศวกรรมโยธาอื่นๆที่เกี่ยวข้องในน้ำ,1,0,0,3,4,2,0,0,7,9
การก่อสร้างโครงการวิศวกรรมโยธาอื่นๆซึ่งมิได้จัดประเภทไว้ในที่อื่น,1,0,1,1,3,1,0,5,1,7
การรื้อถอนและการเตรียมสถานที่ก่อสร้าง,0,0,0,0,0,0,0,0,0,0
การรื้อถอน,1,0,0,0,1,1,0,0,0,1
การเตรียมสถานที่ก่อสร้าง,2,1,6,5,14,16,5,13,9,43
การติดตั้งไฟฟ้า,19,13,13,10,55,34.4,18.4,12.601,14.7,80.101
การติดตั้งระบบท่อระบบทำความร้อนและระบบปรับอากาศ,0,0,0,0,0,0,0,0,0,0
การติดตั้งระบบประปาและระบายน้ำ,0,1,1,1,3,0,0.9,3.6,1,5.5
การติดตั้งระบบทำความร้อน,0,0,0,0,0,0,0,0,0,0
การติดตั้งระบบระบายอากาศ,2,1,2,1,6,13,1,1.5,0.2,15.7
การติดตั้งฉนวน,0,0,0,0,0,0,0,0,0,0
การติดตั้งสิ่งก่อสร้างอื่นๆซึ่งมิได้จัดประเภทไว้ในที่อื่น,1,0,0,0,1,1,0,0,0,1
การตกแต่งอาคารให้เสร็จสมบูรณ์,0,0,0,0,0,0,0,0,0,0
การติดตั้งส่วนประกอบอาคารและการตกแต่งภายใน,2,2,3,3,10,1.025,1.5,3.6,2.19,8.315
การปูพื้นและผนัง,0,0,1,0,1,0,0,0.5,0,0.5
การทาสี,0,0,0,0,0,0,0,0,0,0
การตกแต่งอาคารให้เสร็จสมบูรณ์อื่นๆซึ่งมิได้จัดประเภทไว้ในที่อื่น,1,1,2,0,4,0.5,1,2,0,3.5
การก่อสร้างฐานรากรวมถึงการตอกเสาเข็ม,0,0,0,0,0,0,0,0,0,0
กิจกรรมการก่อสร้างเฉพาะด้านอื่นๆซึ่งมิได้จัดประเภทไว้ในที่อื่น,4,0,3,1,8,4,0,3.5,10,17.5
การขายส่งการขายปลีกการซ่อมยานยนต์และจักรยานยนต์,0,0,0,0,0,0,0,0,0,0
การขายยานยนต์,0,0,0,0,0,0,0,0,0,0
การขายยานยนต์ใหม่ชนิดรถยนต์นั่งส่วนบุคคลรถกระบะรถตู้ และรถขนาดเล็กที่คล้ายกัน,4,3,6,5,18,7.33,7,4.685,162,181.015
การขายยานยนต์ใหม่ชนิดรถบรรทุกและยานยนต์หนักอื่นๆ,0,0,1,0,1,0,0,2,0,2
การขายยานยนต์เก่าชนิดรถยนต์นั่งส่วนบุคคลรถกระบะรถตู้และรถขนาดเล็กที่คล้ายกัน,4,0,0,3,7,7.5,0,0,2.35,9.85
การขายยานยนต์เก่าชนิดรถบรรทุกและยานยนต์หนักอื่นๆ,0,0,0,0,0,0,0,0,0,0
การบำรุงรักษาและการซ่อมยานยนต์,0,0,0,0,0,0,0,0,0,0
การบำรุงรักษาและการซ่อมระบบเครื่องยนต์และชิ้นส่วนยานยนต์,4,3,6,4,17,12.2,1.05,9.2,92.3,114.75
การบำรุงรักษาและการซ่อมตัวถังประตูหน้าต่างและอื่นๆที่คล้ายกัน,2,0,0,0,2,2,0,0,0,2
การบำรุงรักษายานยนต์ทั่วไป,3,0,1,0,4,2.5,0,2,0,4.5
การขายชิ้นส่วนและอุปกรณ์เสริมของยานยนต์,0,0,0,0,0,0,0,0,0,0
การขายส่งชิ้นส่วนและอุปกรณ์เสริมใหม่ของยานยนต์,0,2,2,2,6,0,1.5,1.1,61,63.6
การขายปลีกชิ้นส่วนและอุปกรณ์เสริมใหม่ของยานยนต์,2,3,4,2,11,1.2,12,3.3,1.5,18
การขายส่งและขายปลีกชิ้นส่วนและอุปกรณ์เสริมเก่าของยานยนต์,1,0,0,1,2,1,0,0,1,2
การขายการบำรุงรักษาและการซ่อมจักรยานยนต์ชิ้นส่วนและอุปกรณ์เสริมที่เกี่ยวเนื่อง,0,0,0,0,0,0,0,0,0,0
การขายจักรยานยนต์,6,3,2,2,13,17,2.1,3,2,24.1
การขายส่งชิ้นส่วนและอุปกรณ์เสริมใหม่ของจักรยานยนต์,0,0,2,0,2,0,0,6,0,6
การขายปลีกชิ้นส่วนและอุปกรณ์เสริมใหม่ของจักรยานยนต์,0,0,1,0,1,0,0,0.3,0,0.3
การขายส่งและปลีกชิ้นส่วนและอุปกรณ์เสริมเก่าของจักรยานยนต์,0,0,0,0,0,0,0,0,0,0
การบำรุงรักษาและการซ่อมจักรยานยนต์,0,0,0,0,0,0,0,0,0,0
การขายส่งโดยได้รับค่าตอบแทนหรือตามสัญญาจ้าง,0,0,0,0,0,0,0,0,0,0
การขายส่งวัตถุดิบทางการเกษตรและสัตว์มีชีวิตโดยได้รับค่าตอบแทนหรือตามสัญญาจ้าง,2,0,3,2,7,4.475,0,3.3,5,12.775
การขายส่งอาหารเครื่องดื่มและยาสูบโดยได้รับค่าตอบแทนหรือตามสัญญาจ้าง,5,3,13,9,30,5.5,1.51,24.7,11.16,42.87
การขายส่งสิ่งทอเสื้อผ้ารองเท้าเครื่องหนังและของใช้ในครัวเรือนโดยได้รับค่าตอบแทนหรือตามสัญญาจ้าง,7,2,6,3,18,16.5,5,6.2,6,33.7
การขายส่งคอมพิวเตอร์และซอฟต์แวร์อุปกรณ์อิเล็กทรอนิกส์และเครื่องมือสื่อสารโดยได้รับค่าตอบแทนหรือตามสัญญาจ้าง,1,3,0,1,5,2,4,0,1,7
การขายส่งเครื่องจักรอุตสาหกรรมโดยได้รับค่าตอบแทนหรือตามสัญญาจ้าง,0,2,4,1,7,0,2,4.2,1,7.2
การขายส่งเชื้อเพลิงสินแร่โลหะโดยได้รับค่าตอบแทนหรือตามสัญญาจ้าง,2,2,1,1,6,7,6,1,70,84
การขายส่งวัสดุที่ใช้ในการก่อสร้างผลิตภัณฑ์โลหะอุปกรณ์ระบบท่อโดยได้รับค่าตอบแทนหรือตามสัญญาจ้าง,2,2,0,0,4,2,5,0,0,7
การขายส่งสินค้าเฉพาะอย่างอื่นๆซึ่งมิได้จัดประเภทไว้ในที่อื่นโดยได้รับค่าตอบแทนหรือตามสัญญาจ้าง,3,2,0,0,5,4,3,0,0,7
การขายส่งสินค้าทั่วไปโดยได้รับค่าตอบแทนหรือตามสัญญาจ้าง,15,15,15,16,61,23.3,19.91,27.1,21.2209,91.5309
การขายส่งวัตถุดิบทางการเกษตรและสัตว์มีชีวิต,0,0,0,0,0,0,0,0,0,0
การขายส่งข้าวเปลือกและธัญพืชอื่นๆ,1,9,3,4,17,5,6.29,4,7.2,22.49
การขายส่งพืชน้ำมันที่ใช้ในการผลิตน้ำมันพืช,0,0,0,0,0,0,0,0,0,0
การขายส่งยาสูบที่ยังไม่เป็นผลิตภัณฑ์สำเร็จรูป,0,0,0,0,0,0,0,0,0,0
การขายส่งสัตว์มีชีวิต,2,1,1,2,6,2.5,1,1,1.2,5.7
การขายส่งดอกไม้ต้นไม้และเมล็ดพันธุ์พืช,1,1,2,2,6,1,0.1,2,2,5.1
การขายส่งอาหารสัตว์,3,1,4,2,10,4,1,5,2,12
การขายส่งวัตถุดิบอื่นๆทางการเกษตรซึ่งมิได้จัดประเภทไว้ในที่อื่น,8,3,7,2,20,15.05,7.03,14,10,46.08
การขายส่งอาหารเครื่องดื่มและยาสูบ,0,0,0,0,0,0,0,0,0,0
การขายส่งอาหาร,0,0,0,0,0,0,0,0,0,0
การขายส่งเนื้อสัตว์และผลิตภัณฑ์เนื้อสัตว์,3,3,2,0,8,2.3,3.5,2,0,7.8
การขายส่งปลาและผลิตภัณฑ์สัตว์น้ำ,4,1,2,0,7,8,0.7,3,0,11.7
การขายส่งผักและผลไม้,6,3,5,5,19,5.5,7,6,9.5,28
การขายส่งผลิตภัณฑ์นม,2,0,0,0,2,4,0,0,0,4
การขายส่งข้าวและผลิตภัณฑ์ที่ได้จากการโรงสีข้าว,1,0,0,0,1,5,0,0,0,5
การขายส่งผลิตภัณฑ์ขนมอบไข่น้ำมันและไขมันที่ใช้ในการบริโภค,1,1,0,1,3,1,1,0,2,4
การขายส่งน้ำตาลช็อกโกแลตและลูกกวาด,0,0,1,0,1,0,0,2,0,2
การขายส่งกาแฟชาโกโก้,6,1,0,1,8,10,1,0,1,12
การขายส่งผลิตภัณฑ์อาหารอื่นๆซึ่งมิได้จัดประเภทไว้ในที่อื่น,15,6,9,8,38,25.6,7,22.4,8,63
การขายส่งเครื่องดื่มและยาสูบ,0,0,0,0,0,0,0,0,0,0
การขายส่งเครื่องดื่มที่มีแอลกอฮอล์,0,4,1,1,6,0,2.9,2,1,5.9
การขายส่งเครื่องดื่มที่ไม่มีแอลกอฮอล์,0,4,1,0,5,0,4,1,0,5
การขายส่งผลิตภัณฑ์ยาสูบ,0,1,0,0,1,0,2,0,0,2
การขายส่งสินค้าในครัวเรือน,0,0,0,0,0,0,0,0,0,0
การขายส่งสิ่งทอเสื้อผ้าและรองเท้า,0,0,0,0,0,0,0,0,0,0
การขายส่งด้ายและผ้า,3,2,0,2,7,2.5,1.5,0,1.1,5.1
การขายส่งของใช้ในครัวเรือนที่ทำจากสิ่งทอ,0,0,1,0,1,0,0,1,0,1
การขายส่งอุปกรณ์ตัดเย็บ,0,0,0,0,0,0,0,0,0,0
การขายส่งเสื้อผ้า,9,2,5,3,19,14,11,8.05,3,36.05
การขายส่งรองเท้า,0,0,0,0,0,0,0,0,0,0
การขายส่งเครื่องใช้ไฟฟ้าและอิเล็กทรอนิกส์ชนิดใช้ในครัวเรือน,0,0,0,0,0,0,0,0,0,0
การขายส่งเครื่องใช้ไฟฟ้าและอิเล็กทรอนิกส์ชนิดใช้ในครัวเรือน,4,2,0,5,11,2.5,4,0,14,20.5
การขายส่งอุปกรณ์สำหรับให้แสงสว่าง,0,1,0,2,3,0,1,0,101,102
การขายส่งหนังสือหนังสือพิมพ์และเครื่องเขียน,6,2,2,1,11,10.5,1.02,6,0.02,17.54
การขายส่งสื่อบันทึกเสียงและวีดิทัศน์ที่บันทึกข้อมูลแล้ว,0,0,0,0,0,0,0,0,0,0
การขายส่งเครื่องกีฬา,1,2,4,0,7,1,2,6,0,9
การขายส่งเกมและของเล่น,2,0,2,0,4,2,0,2,0,4
การขายส่งสินค้าวัฒนธรรมและนันทนาการอื่นๆซึ่งมิได้จัดประเภทไว้ในที่อื่น,1,1,1,1,4,1.6,1,1,2.2,5.8
การขายส่งสินค้าทางเภสัชภัณฑ์และทางการแพทย์เครื่องหอมและเครื่องสำอาง,0,0,0,0,0,0,0,0,0,0
การขายส่งสินค้าทางเภสัชภัณฑ์และทางการแพทย์,17,3,11,8,39,25.73,3,12.5,14.1,55.33
การขายส่งเครื่องหอม,1,0,1,0,2,1,0,0.1,0,1.1
การขายส่งเครื่องสำอาง,17,8,11,10,46,25.55,9.1,34.8,116.3,185.75
การขายส่งสินค้าในครัวเรือนอื่นๆ,0,0,0,0,0,0,0,0,0,0
การขายส่งอุปกรณ์ถ่ายภาพและทัศนศาสตร์,0,0,0,0,0,0,0,0,0,0
การขายส่งนาฬิกาและเครื่องประดับ,2,0,4,0,6,7,0,9,0,16
การขายส่งเครื่องหนังและเครื่องใช้สำหรับการเดินทาง,0,0,1,0,1,0,0,1,0,1
การขายส่งเฟอร์นิเจอร์ชนิดใช้ในครัวเรือน,1,3,5,2,11,1,4,25,3.6,33.6
การขายส่งเครื่องดินเผาเครื่องแก้วและเครื่องครัว,0,0,0,0,0,0,0,0,0,0
การขายส่งสินค้าในครัวเรือนอื่นๆซึ่งมิได้จัดประเภทไว้ในที่อื่น,2,1,0,1,4,1.1,2,0,1,4.1
การขายส่งเครื่องจักรอุปกรณ์และเครื่องมือเครื่องใช้ต่างๆ,0,0,0,0,0,0,0,0,0,0
การขายส่งคอมพิวเตอร์อุปกรณ์ต่อพ่วงคอมพิวเตอร์และซอฟต์แวร์,2,4,3,3,12,7.078,13,2.01,3,25.088
การขายส่งอุปกรณ์และชิ้นส่วนทางอิเล็กทรอนิกส์และทางการสื่อสารโทรคมนาคม,0,0,0,0,0,0,0,0,0,0
การขายส่งอุปกรณ์และชิ้นส่วนอิเล็กทรอนิกส์,4,2,2,1,9,14,1.3,4,0.2,19.5
การขายส่งโทรศัพท์และอุปกรณ์การสื่อสารโทรคมนาคม,5,2,3,4,14,21.2,3,9,8.2,41.4
การขายส่งเครื่องจักรอุปกรณ์และเครื่องใช้ทางการเกษตร,4,0,1,1,6,5,0,3,1,9
การขายส่งเครื่องจักรและอุปกรณ์อื่นๆ,0,0,0,0,0,0,0,0,0,0
การขายส่งอุปกรณ์ขนส่ง (ยกเว้นยานยนต์จักรยานยนต์และจักรยาน),2,3,1,0,6,3,7,1,0,11
การขายส่งเครื่องจักรและอุปกรณ์งานวิศวกรรมโยธางานเหมืองแร่และงานก่อสร้าง,0,0,2,0,2,0,0,3,0,3
การขายส่งเครื่องจักรและอุปกรณ์เพื่อใช้ในงานอุตสาหกรรม,3,1,7,5,16,3,2,10.5,5,20.5
การขายส่งเครื่องจักรอุปกรณ์และเฟอร์นิเจอร์ชนิดใช้ในสำนักงาน,2,2,1,3,8,1.1,0.6,1,7,9.7
การขายส่งเครื่องจักรและอุปกรณ์อื่นๆซึ่งมิได้จัดประเภทไว้ในที่อื่น,15,13,9,13,50,18.2,37.5,17,138.6,211.3
การขายส่งสินค้าเฉพาะทางอื่นๆ,0,0,0,0,0,0,0,0,0,0
การขายส่งเชื้อเพลิงแข็งเชื้อเพลิงเหลวและเชื้อเพลิงก๊าซ รวมทั้งผลิตภัณฑ์ที่เกี่ยวเนื่อง,0,0,0,0,0,0,0,0,0,0
การขายส่งเชื้อเพลิงแข็ง,0,1,2,0,3,0,1,1.2,0,2.2
การขายส่งเชื้อเพลิงเหลว,2,1,1,1,5,7,2,1,1,11
การขายส่งเชื้อเพลิงก๊าซ,1,0,1,0,2,14,0,1,0,15
การขายส่งผลิตภัณฑ์ที่ได้จากการกลั่นปิโตรเลียม,1,1,0,2,4,1,1,0,17.57,19.57
การขายส่งโลหะและสินแร่โลหะ,0,0,0,0,0,0,0,0,0,0
การขายส่งแร่โลหะที่เป็นเหล็กและนอกกลุ่มเหล็ก,1,1,2,1,5,1,1,6,0.5,8.5
การขายส่งเหล็กเหล็กกล้าและโลหะที่นอกกลุ่มเหล็กขั้นมูลฐาน,4,1,3,2,10,4.1,1,14,4.4,23.5
การขายส่งวัสดุก่อสร้างเครื่องโลหะอุปกรณ์และเครื่องมือเครื่องใช้เกี่ยวกับการวางท่อและการทำความร้อน,0,0,0,0,0,0,0,0,0,0
การขายส่งอิฐหินปูนทรายและผลิตภัณฑ์คอนกรีต,0,0,3,1,4,0,0,10.3,0.1,10.4
การขายส่งไม้และผลิตภัณฑ์จากไม้แปรรูปขั้นต้น,4,5,2,3,14,3.2,104,2.5,2.8,112.5
การขายส่งสีทาน้ำมันชักเงาและแลกเกอร์,0,0,0,0,0,0,0,0,0,0
การขายส่งอุปกรณ์การวางท่อและเครื่องสุขภัณฑ์,1,0,0,0,1,2,0,0,0,2
การขายส่งวัสดุก่อสร้างอื่นๆซึ่งมิได้จัดประเภทไว้ในที่อื่น,8,5,3,5,21,12.8,5,6.9,7.5,32.2
การขายส่งเคมีภัณฑ์ทางอุตสาหกรรม,5,0,1,3,9,28,0,1,4,33
การขายส่งปุ๋ยและเคมีภัณฑ์ทางการเกษตร,5,2,5,3,15,5.5,1.5,4.105,3.5,14.605
การขายส่งยางพาราและพลาสติกขั้นต้น,2,1,2,2,7,6,3,8,3,20
การขายส่งบรรจุภัณฑ์ชนิดใช้ในทางอุตสาหกรรม,2,3,1,1,7,6,2.1,2,1,11.1
การขายส่งของเสียและเศษวัสดุเพื่อนำกลับมาใช้ใหม่,3,4,3,1,11,3,7.5,3,1,14.5
การขายส่งสินค้าเกี่ยวกับอาวุธยุทโธปกรณ์,1,0,0,0,1,3,0,0,0,3
การขายส่งผลิตภัณฑ์อื่นๆซึ่งมิได้จัดประเภทไว้ในที่อื่น,1,0,0,0,1,0.1501,0,0,0,0.1501
การขายส่งสินค้าทั่วไป,13,5,15,13,46,19.805,13.5,20.05,16,69.355
การขายปลีกยกเว้นยานยนต์และจักรยานยนต์,0,0,0,0,0,0,0,0,0,0
การขายปลีกในร้านค้าทั่วไป,0,0,0,0,0,0,0,0,0,0
การขายปลีกในร้านค้าทั่วไปที่มีอาหารเครื่องดื่มหรือยาสูบเป็นสินค้าหลัก,0,0,0,0,0,0,0,0,0,0
ซุปเปอร์มาร์เก็ต,1,0,0,0,1,1,0,0,0,1
ดิสเคาท์สโตร์/ซุปเปอร์เซ็นเตอร์/ไฮเปอร์มาร์เก็ต,1,0,1,0,2,10478,0,0.15,0,10478.15
ร้านสะดวกซื้อ/มินิมาร์ท,2,1,0,1,4,3,1,0,1,5
ร้านขายของชำ,3,1,2,0,6,2.5,2,1.05,0,5.55
การขายปลีกสินค้าอื่นๆในร้านค้าทั่วไป,26,16,21,16,79,36.81,20.1,30.725,21.45,109.085
การขายปลีกอาหารเครื่องดื่มและยาสูบในร้านค้าเฉพาะ,0,0,0,0,0,0,0,0,0,0
การขายปลีกอาหารในร้านค้าเฉพาะ,0,0,0,0,0,0,0,0,0,0
ร้านขายปลีกเนื้อสัตว์และผลิตภัณฑ์เนื้อสัตว์,1,2,0,0,3,1,6,0,0,7
ร้านขายปลีกปลาและผลิตภัณฑ์สัตว์น้ำ,0,0,0,0,0,0,0,0,0,0
ร้านขายปลีกผักและผลไม้,2,0,2,1,5,1.1,0,1.1,0.2,2.4
ร้านขายปลีกข้าวและผลิตภัณฑ์ที่ได้จากการสีข้าว,1,0,0,1,2,0.01,0,0,1.5,1.51
ร้านขายปลีกผลิตภัณฑ์ขนมอบ,0,0,0,0,0,0,0,0,0,0
ร้านขายปลีกอาหารอื่นๆซึ่งมิได้จัดประเภทไว้ในที่อื่น,14,7,4,9,34,22.3,5.9,3.7,9.6,41.5
การขายปลีกเครื่องดื่มในร้านค้าเฉพาะ,0,0,0,0,0,0,0,0,0,0
ร้านขายปลีกเครื่องดื่มที่มีแอลกอฮอล์,3,0,0,1,4,4,0,0,0.5,4.5
ร้านขายปลีกเครื่องดื่มที่ไม่มีแอลกอฮอล์,3,5,0,3,11,2.6,4.2,0,3.1,9.9
การขายปลีกผลิตภัณฑ์ยาสูบในร้านค้าเฉพาะ,0,0,0,0,0,0,0,0,0,0
การขายปลีกเชื้อเพลิงยานยนต์ในร้านค้าเฉพาะ สถานี ปั๊ม,7,8,1,4,20,8.5,22.4,0.2,15,46.1
การขายปลีกเครื่องมือสารสนเทศและการสื่อสารในร้านเฉพาะ,0,0,0,0,0,0,0,0,0,0
การขายปลีกคอมพิวเตอร์อุปกรณ์ต่อพ่วงซอฟต์แวร์ และอุปกรณ์การสื่อสารโทรคมนาคมในร้านค้าเฉพาะ,0,0,1,0,1,0,0,1.5,0,1.5
ร้านขายปลีกคอมพิวเตอร์และอุปกรณ์ต่อพ่วงคอมพิวเตอร์,5,2,5,2,14,4.3,2,3.5,6,15.8
ร้านขายปลีกเครื่องเล่นวีดิโอเกมและซอฟต์แวร์สำเร็จรูป,0,1,0,0,1,0,2,0,0,2
ร้านขายปลีกอุปกรณ์การสื่อสารโทรคมนาคม,4,2,3,2,11,4.5,1,4,2,11.5
การขายปลีกอุปกรณ์ที่เกี่ยวกับภาพและเสียงในร้านเฉพาะ,0,0,0,2,2,0,0,0,2.55,2.55
การขายปลีกสิ่งทอในร้านค้าเฉพาะ,0,0,0,0,0,0,0,0,0,0
การขายปลีกด้ายและผ้า,3,0,0,2,5,2.4,0,0,2.11,4.51
ร้านขายปลีกของใช้ในครัวเรือนที่ทำจากสิ่งทอ,0,0,0,0,0,0,0,0,0,0
ร้านขายปลีกอุปกรณ์ตัดเย็บ,0,0,0,0,0,0,0,0,0,0
การขายปลีกเครื่องมือที่ทำจากโลหะสีและกระจกในร้านค้า เฉพาะ,0,0,0,0,0,0,0,0,0,0
ร้านขายปลีกเครื่องโลหะ,0,0,0,0,0,0,0,0,0,0
ร้านขายปลีกสีทาน้ำมันชักเงาและแลกเกอร์,1,0,0,0,1,2,0,0,0,2
ร้านขายปลีกอุปกรณ์การวางท่อและเครื่องสุขภัณฑ์,0,0,0,0,0,0,0,0,0,0
ร้านขายปลีกวัสดุก่อสร้างอื่นๆ,3,9,4,5,21,7,19,3.5,8,37.5
ร้านขายปลีกวัสดุก่อสร้างหลายชนิดรวมถึงวัสดุอุปกรณ์และเครื่องมือชนิดนำไปใช้ทำงานได้ด้วยตัวเอง,5,8,4,8,25,5,7.8,5,10,27.8
การขายปลีกพรมพรมหนาวัสดุปิดฝาผนังและปูพื้นในร้านค้าเฉพาะ,0,0,0,0,0,0,0,0,0,0
การขายปลีกเครื่องใช้ไฟฟ้าในครัวเรือนเฟอร์นิเจอร์อุปกรณ์ ไฟฟ้าแสงสว่างและของใช้ในครัวเรือนชนิดอื่นๆในร้านค้าเฉพาะ,0,0,0,0,0,0,0,0,0,0
ร้านขายปลีกเฟอร์นิเจอร์ชนิดใช้ในครัวเรือน,2,2,2,2,8,2,3.5,1.0011,5.3,11.8011
ร้านขายปลีกเครื่องดินเผาเครื่องแก้วและเครื่องครัว,0,0,0,0,0,0,0,0,0,0
ร้านขายปลีกอุปกรณ์ไฟฟ้าสำหรับให้แสงสว่าง,2,0,3,3,8,1.2,0,4,16,21.2
ร้านขายปลีกอุปกรณ์เกี่ยวกับเครื่องดนตรี,1,0,1,0,2,1,0,1,0,2
ร้านขายปลีกเครื่องใช้ไฟฟ้าชนิดในครัวเรือน,4,3,8,5,20,4.3,11,10.7,5,31
ร้านขายปลีกของใช้อื่นๆในครัวเรือนซึ่งมิได้จัดประเภทไว้ในที่อื่น,1,1,0,1,3,0.1,2,0,1,3.1
ร้านขายปลีกหนังสือหนังสือพิมพ์วารสารและนิตยสาร,0,0,1,1,2,0,0,2,1,3
ร้านขายปลีกเครื่องเขียนและเครื่องใช้สำนักงาน,5,4,0,2,11,5,8,0,2,15
การขายปลีกสื่อบันทึกเสียงเพลงและสื่อบันทึกวีดิทัศน์ในร้านค้าเฉพาะ,0,0,0,0,0,0,0,0,0,0
การขายปลีกเครื่องกีฬาในร้านค้าเฉพาะ,4,0,0,1,5,4,0,0,1,5
การขายปลีกเกมและของเล่นในร้านค้าเฉพาะ,1,0,0,2,3,0.2,0,0,1.5,1.7
ร้านขายปลีกผลิตภัณฑ์งานฝีมือคนไทยและของที่ระลึก,2,0,2,1,5,1.6,0,12,1,14.6
ร้านขายปลีกสินค้าทางวัฒนธรรมและนันทนาการอื่นๆซึ่งมิได้ จัดประเภทไว้ในที่อื่น,0,0,0,0,0,0,0,0,0,0
การขายปลีกสินค้าอื่นๆในร้านค้าเฉพาะ,0,0,0,0,0,0,0,0,0,0
การขายปลีกเสื้อผ้ารองเท้าและเครื่องหนังในร้านค้าเฉพาะ,0,0,0,0,0,0,0,0,0,0
ร้านขายปลีกเสื้อผ้า,11,5,8,9,33,8.46,4.5,7.687599,8.8,29.447599
ร้านขายปลีกรองเท้า,0,0,0,0,0,0,0,0,0,0
ร้านขายปลีกเครื่องหนังยกเว้นรองเท้า,0,1,2,0,3,0,2,1.2,0,3.2
การขายปลีกสินค้าทางเภสัชภัณฑ์และทางการแพทย์เครื่องหอม เครื่องสำอางและผลิตภัณฑ์ที่ใช้ในห้องน้ำในร้านค้าเฉพาะ,0,0,0,0,0,0,0,0,0,0
ร้านขายปลีกสินค้าทางเภสัชภัณฑ์และเวชภัณฑ์,12,7,10,8,37,8,3.63,8.2,11.4,31.23
ร้านขายปลีกเครื่องหอม,0,0,1,2,3,0,0,2,1.3,3.3
ร้านขายปลีกเครื่องสำอาง,18,10,16,7,51,15.91,9.05,17.75,12,54.71
การขายปลีกสินค้าใหม่อื่นๆในร้านค้าเฉพาะ,0,0,0,0,0,0,0,0,0,0
ร้านขายปลีกนาฬิกาแว่นตาและอุปกรณ์ถ่ายภาพ,1,0,2,1,4,2,0,2,0.5,4.5
ร้านขายปลีกเครื่องประดับ,14,5,5,6,30,31.6,6.952425,43.3,12.6,94.452425
ร้านขายปลีกดอกไม้ต้นไม้และอุปกรณ์ที่เกี่ยวข้อง,0,1,2,2,5,0,1,5.25,6,12.25
ร้านขายปลีกสัตว์เลี้ยงและอุปกรณ์ที่เกี่ยวข้อง,1,1,3,0,5,2,0.8,3.1,0,5.9
ร้านขายปลีกก๊าซและเชื้อเพลิงอื่นๆสำหรับใช้ในครัวเรือน,0,1,1,2,4,0,4,0.5,1.5,6
ร้านขายปลีกสินค้าใหม่อื่นๆซึ่งมิได้จัดประเภทไว้ในทื่อื่น,2,2,2,3,9,1.275,2.5,1.5,1.1,6.375
การขายปลีกสินค้ามือสองในร้านค้าเฉพาะ,0,0,0,0,0,0,0,0,0,0
ร้านขายปลีกวัตถุโบราณ,0,0,0,0,0,0,0,0,0,0
ร้านขายปลีกเครื่องแต่งกายรองเท้าและเครื่องหนังที่ใช้แล้ว,0,0,0,0,0,0,0,0,0,0
ร้านขายปลีกคอมพิวเตอร์และอุปกรณ์สื่อสารโทรคมนาคมที่ใช้แล้ว,0,0,0,0,0,0,0,0,0,0
ร้านขายปลีกเครื่องใช้ไฟฟ้าและอิเล็กทรอนิกส์ชนิดใช้ในครัวเรือนที่ใช้แล้ว,0,0,0,0,0,0,0,0,0,0
ร้านขายปลีกหนังสือหนังสือพิมพ์วารสารและนิตยสารที่ใช้แล้ว,0,0,0,0,0,0,0,0,0,0
ร้านขายปลีกสินค้าใช้แล้วอื่นๆซึ่งมิได้จัดประเภทไว้ในที่อื่น,1,0,0,0,1,1,0,0,0,1
การขายปลีกผลิตภัณฑ์อาหารบนแผงลอยและตลาด,0,0,1,0,1,0,0,1,0,1
การขายปลีกเครื่องดื่มบนแผงลอยและตลาด,0,0,0,0,0,0,0,0,0,0
การขายปลีกผลิตภัณฑ์ยาสูบบนแผงลอยและตลาด,0,0,0,0,0,0,0,0,0,0
การขายปลีกสิ่งทอเสื้อผ้าและรองเท้าบนแผงลอยและตลาด,0,0,0,0,0,0,0,0,0,0
การขายปลีกสิ่งทอบนแผงลอยและตลาด,0,0,0,0,0,0,0,0,0,0
การขายปลีกเสื้อผ้ารองเท้าและเครื่องหนังบนแผงลอยและตลาด,0,0,0,0,0,0,0,0,0,0
การขายปลีกคอมพิวเตอร์และอุปกรณ์สื่อสารโทรคมนาคม บนแผงลอยและตลาด,0,0,0,0,0,0,0,0,0,0
การขายปลีกเครื่องใช้ไฟฟ้าและอิเล็กทรอนิกส์ชนิดใช้ในครัวเรือนบนแผงลอยและตลาด,0,0,0,0,0,0,0,0,0,0
การขายปลีกหนังสือหนังสือพิมพ์วารสารและนิตยสาร บนแผงลอยและตลาด,0,0,0,0,0,0,0,0,0,0
การขายปลีกสื่อบันทึกเสียงและภาพบนแผงลอยและตลาด,0,0,0,0,0,0,0,0,0,0
การขายปลีกสินค้าทางเภสัชภัณฑ์และเวชภัณฑ์ เครื่องหอมและเครื่องสำอางบนแผงลอยและตลาด,0,0,1,0,1,0,0,0.1,0,0.1
การขายปลีกนาฬิกาแว่นตาเครื่องเพชรพลอยบนแผงลอย และตลาด,0,0,0,0,0,0,0,0,0,0
การขายปลีกดอกไม้ต้นไม้สัตว์เลี้ยงและอาหารสำหรับสัตว์เลี้ยงบนแผงลอยและตลาด,0,0,0,0,0,0,0,0,0,0
การขายปลีกสินค้าอื่นๆซึ่งมิได้จัดประเภทไว้ในที่อื่นบนแผงลอยและตลาด,1,0,0,0,1,1,0,0,0,1
การขายปลีกผ่านการสั่งซื้อทางไปรษณีย์หรือทางอินเทอร์เน็ต,0,0,0,0,0,0,0,0,0,0
การขายปลีกโดยการรับสั่งสินค้าทางไปรษณีย์โทรทัศน์วิทยุ และโทรศัพท์,0,0,0,0,0,0,0,0,0,0
การขายปลีกทางอินเทอร์เน็ต,28,17,24,21,90,30.6,41.2,28.825,33.2,133.825
การขายปลีกโดยวิธีอื่นๆที่ไม่ได้กระทำในร้านค้าแผงลอยหรือ ตลาด,0,0,0,0,0,0,0,0,0,0
การขายตรง,1,1,0,1,3,0.2,1,0,5,6.2
การขายปลีกโดยไม่มีร้านซึ่งมิได้จัดประเภทไว้ในที่อื่น,3,1,0,0,4,3,0.6,0,0,3.6
การขนส่งทางบกและการขนส่งทางท่อลำเลียง,0,0,0,0,0,0,0,0,0,0
การขนส่งทางรถไฟ,0,0,0,0,0,0,0,0,0,0
การขนส่งผู้โดยสารทางรถไฟระหว่างเมือง,0,0,0,0,0,0,0,0,0,0
การขนส่งสินค้าทางรถไฟ,0,0,0,0,0,0,0,0,0,0
การขนส่งผู้โดยสารด้วยรถโดยสารประจำทาง,0,0,0,0,0,0,0,0,0,0
การขนส่งผู้โดยสารด้วยรถโดยสารประจำทางในกรุงเทพฯ และปริมณฑล,0,0,0,0,0,0,0,0,0,0
การขนส่งผู้โดยสารทางรถโดยสารประจำทางระหว่างกรุงเทพฯ กับจังหวัดอื่น,0,0,0,0,0,0,0,0,0,0
การขนส่งผู้โดยสารทางรถโดยสารประจำทางระหว่างจังหวัด,0,0,0,0,0,0,0,0,0,0
การขนส่งผู้โดยสารทางรถโดยสารประจำทางในชนบท,0,0,0,0,0,0,0,0,0,0
การขนส่งผู้โดยสารทางรถโดยสารประจำทางอื่นๆซึ่งมิได้จัดประเภทไว้ในที่อื่น,2,0,1,0,3,3,0,2.02,0,5.02
การขนส่งทางบกอื่นๆ,0,0,0,0,0,0,0,0,0,0
การขนส่งผู้โดยสารในเขตเมืองและปริมณฑลยกเว้นทางรถโดยสารประจำทาง,0,0,0,0,0,0,0,0,0,0
การขนส่งผู้โดยสารทางบกอื่นๆ,0,0,0,0,0,0,0,0,0,0
การขนส่งผู้โดยสารโดยรถยนต์รับจ้าง/แท็กซี่,0,3,1,0,4,0,3,1,0,4
การขนส่งผู้โดยสารโดยรถสามล้อเครื่องและจักรยานยนต์รับจ้าง,0,0,0,0,0,0,0,0,0,0
การขนส่งและขนถ่ายสินค้า รวมถึงคนโดยสาร,22,13,18,21,74,37.4,21.35,22.8,34.55,116.1
การขนส่งผู้โดยสารทางบกอื่นๆซึ่งมิได้จัดประเภทไว้ในที่อื่น,7,0,2,1,10,40.79,0,3,2,45.79
การขนส่งสินค้าทางถนน,0,0,0,0,0,0,0,0,0,0
การขนส่งสินค้าแช่เย็นหรือแช่แข็งทางถนน,0,0,0,0,0,0,0,0,0,0
การขนส่งผลิตภัณฑ์ปิโตรเลียมทางถนน,0,0,0,0,0,0,0,0,0,0
การขนส่งของเหลวหรือก๊าซ (ยกเว้นก๊าซธรรมชาติ) ทางถนน,0,0,0,0,0,0,0,0,0,0
การขนส่งสินค้าที่บรรจุในตู้คอนเทนเนอร์ทางถนน,0,0,0,0,0,0,0,0,0,0
การขนส่งสินค้าอื่นๆทางถนนซึ่งมิได้จัดประเภทไว้ในที่อื่น,9,3,11,3,26,9.5,2.4,30.17,4,46.07
การขนส่งทางระบบท่อลำเลียง,0,0,0,0,0,0,0,0,0,0
การขนส่งทางทะเลและตามแนวชายฝั่งทะเล,0,0,0,0,0,0,0,0,0,0
การขนส่งผู้โดยสารทางทะเลและตามแนวชายฝั่งทะเล,0,0,0,0,0,0,0,0,0,0
การขนส่งผู้โดยสารทางทะเลและตามแนวชายฝั่งทะเลโดยเรือโดยสารข้ามฟาก,0,0,0,0,0,0,0,0,0,0
การขนส่งผู้โดยสารทางทะเลและตามแนวชายฝั่งทะเลโดยเรือท่องเที่ยวหรือเรือโดยสารทัศนาจรขนาดใหญ่,0,0,1,0,1,0,0,5,0,5
การขนส่งผู้โดยสารทางทะเลและตามแนวชายฝั่งทะเลโดยเรืออื่นๆซึ่งมิได้จัดประเภทไว้ในที่อื่น,0,0,0,0,0,0,0,0,0,0
การขนส่งสินค้าทางทะเลและตามแนวชายฝั่งทะเล,0,0,0,0,0,0,0,0,0,0
การขนส่งสินค้าทางทะเลและตามแนวชายฝั่งทะเล,0,0,0,0,0,0,0,0,0,0
การบริการลากจูงและดัน เรือลำเลียง/สิ่งก่อสร้างลอยน้ำ ที่ดำเนินการทางทะเลและตามแนวชายฝั่งทะเล,0,0,0,0,0,0,0,0,0,0
การขนส่งทางน้ำภายในประเทศ,0,0,0,0,0,0,0,0,0,0
การขนส่งผู้โดยสารทางน้ำภายในประเทศโดยเรือโดยสารข้ามฟาก,0,0,0,0,0,0,0,0,0,0
การขนส่งผู้โดยสารทางน้ำภายในประเทศโดยเรือทัศนาจรหรือเรือสำราญกีฬา,0,0,1,0,1,0,0,4,0,4
การขนส่งผู้โดยสารทางน้ำภายในประเทศโดยเรืออื่นๆซึ่งมิได้จัดประเภทไว้ในที่อื่น,0,0,0,0,0,0,0,0,0,0
การขนส่งทางน้ำภายในประเทศ,0,0,1,0,1,0,0,5,0,5
การบริการลากจูงหรือการดัน เรือลำเลียง และสิ่งก่อสร้างลอยน้ำที่ดำเนินการทางน้ำภายในประเทศ,0,0,0,0,0,0,0,0,0,0
การขนส่งผู้โดยสารทางอากาศ,0,0,0,0,0,0,0,0,0,0
การขนส่งผู้โดยสารทางอากาศที่มีตารางเวลา,0,0,0,0,0,0,0,0,0,0
การขนส่งผู้โดยสารทางอากาศที่ไม่มีตารางเวลา,0,0,0,0,0,0,0,0,0,0
การขนส่งสินค้าทางอากาศที่มีตารางเวลา,0,0,0,0,0,0,0,0,0,0
การขนส่งสินค้าทางอากาศที่ไม่มีตารางเวลา,0,0,0,0,0,0,0,0,0,0
กิจกรรมที่เกี่ยวกับคลังสินค้าและการจัดเก็บสินค้า,0,0,0,0,0,0,0,0,0,0
กิจกรรมที่เกี่ยวกับคลังสินค้าและการจัดเก็บสินค้าแช่เย็นหรือแช่แข็ง,0,0,0,0,0,0,0,0,0,0
กิจกรรมที่เกี่ยวกับคลังสินค้าและการจัดเก็บสินค้าธัญพืช,0,0,0,0,0,0,0,0,0,0
กิจกรรมที่เกี่ยวกับคลังสินค้าและการจัดเก็บสินค้าอื่นๆซึ่งมิได้จัดประเภทไว้ในที่อื่น,0,1,0,0,1,0,4,0,0,4
กิจกรรมสนับสนุนการขนส่ง,0,0,0,0,0,0,0,0,0,0
กิจกรรมบริการต่างๆสำหรับการขนส่งทางบก,0,0,0,0,0,0,0,0,0,0
กิจกรรมการบริการสำหรับการขนส่งทางรถไฟ,0,0,0,0,0,0,0,0,0,0
กิจกรรมการบริการสถานีรถโดยสาร,0,0,0,0,0,0,0,0,0,0
กิจกรรมการบริการสถานที่จอดยานพาหนะ,0,0,0,1,1,0,0,0,1,1
กิจกรรมการบริการรถยก,0,0,0,0,0,0,0,0,0,0
กิจกรรมการบริการอื่นๆที่สนับสนุนการขนส่งทางบก ซึ่งมิได้จัดประเภทไว้ในที่อื่น,0,0,0,0,0,0,0,0,0,0
กิจกรรมการดำเนินงานเกี่ยวกับสิ่งอำนวยความสะดวกของท่าเรือ (ยกเว้นการขนถ่ายสินค้า),0,0,0,0,0,0,0,0,0,0
กิจกรรมการบริการต่าง ๆ สำหรับการขนส่งทางน้ำ ซึ่งมิได้จัดประเภทไว้ในที่อื่น,0,0,0,0,0,0,0,0,0,0
กิจกรรมการดำเนินงานของสนามบิน (ยกเว้นการขนถ่ายสินค้า),0,0,0,0,0,0,0,0,0,0
กิจกรรมการบริการอื่นๆที่สนับสนุนการขนส่งทางอากาศซึ่งมิได้จัดประเภทไว้ในที่อื่น,0,0,0,0,0,0,0,0,0,0
การขนถ่ายสินค้า,0,0,0,0,0,0,0,0,0,0
การขนถ่ายสินค้า,0,0,0,0,0,0,0,0,0,0
การขนถ่ายสัมภาระ,0,0,0,0,0,0,0,0,0,0
กิจกรรมอื่น ๆ ที่สนับสนุนการขนส่ง,0,0,0,0,0,0,0,0,0,0
กิจกรรมการบริหารจัดการด้านการขนส่งและสถานที่เก็บสินค้า,1,2,4,4,11,2,2,6,5.4,15.4
กิจกรรมของตัวแทนผู้รับจัดการขนส่งสินค้าและตัวแทนออกของ (ตัวแทนดำเนินพิธีการศุลกากร),7,2,4,1,14,14.5,2.1,3.025,2,21.625
กิจกรรมบริการบรรจุหีบห่อเพื่อการขนส่ง,0,0,0,0,0,0,0,0,0,0
กิจกรรมอื่น ๆ ที่สนับสนุนการขนส่งซึ่งมิได้จัดประเภทไว้ในที่อื่น,0,1,0,0,1,0,2,0,0,2
กิจกรรมไปรษณีย์,0,0,0,0,0,0,0,0,0,0
กิจกรรมการรับส่งเอกสาร/สิ่งของ,9,4,1,1,15,13.45,1.5,1,0.1,16.05
ที่พักแรม,0,0,0,0,0,0,0,0,0,0
ที่พักแรมระยะสั้น,0,0,0,0,0,0,0,0,0,0
โรงแรม รีสอร์ทและห้องชุด,14,4,14,11,43,33.5,6.36,54.75,16.0884,110.6984
เกสต์เฮ้าส์,0,2,0,0,2,0,6,0,0,6
ที่พักสัมผัสวัฒนธรรมชนบท,0,1,3,0,4,0,6,7,0,13
กิจกรรมที่พักแรมระยะสั้นอื่น ๆ ซึ่งมิได้จัดประเภทไว้ในที่อื่น,1,0,0,1,2,4,0,0,2,6
ลานตั้งค่ายพักแรม ที่จอดรถพ่วงและที่ตั้งที่พักแบบเคลื่อนที่,0,0,0,0,0,0,0,0,0,0
การบริการห้องพักหรือที่พักอาศัยสำหรับนักเรียน/นักศึกษา,0,0,0,0,0,0,0,0,0,0
การบริการที่พักแรมประเภทอื่นๆซึ่งมิได้จัดประเภทไว้ในที่อื่น,0,0,1,0,1,0,0,1,0,1
การบริการด้านอาหารและเครื่องดื่ม,0,0,0,0,0,0,0,0,0,0
การบริการด้านอาหารในภัตตาคารและร้านอาหารแบบเคลื่อนที่,0,0,0,0,0,0,0,0,0,0
การบริการด้านอาหารในภัตตาคาร/ร้านอาหาร,56,36,39,40,171,155.31,73.9824,65.21,93.86,388.3624
การบริการด้านอาหารบนแผงลอยและตลาด,0,0,0,0,0,0,0,0,0,0
การบริการด้านอาหารโดยร้านอาหารแบบเคลื่อนที่,0,0,0,0,0,0,0,0,0,0
การบริการด้านการจัดเลี้ยงและบริการอาหารประเภทอื่นๆ,0,0,0,0,0,0,0,0,0,0
การบริการด้านการจัดเลี้ยง,2,0,1,0,3,6,0,1,0,7
การบริการด้านอาหารประเภทอื่นๆ,0,0,0,0,0,0,0,0,0,0
การบริการอาหารสำหรับกิจการขนส่ง,0,0,0,0,0,0,0,0,0,0
การดำเนินงานของโรงอาหาร,0,0,0,0,0,0,0,0,0,0
การบริการด้านอาหารอื่นๆซึ่งมิได้จัดประเภทไว้ในที่อื่น,1,1,1,0,3,3,0.1,1,0,4.1
การบริการเครื่องดื่ม,0,0,0,0,0,0,0,0,0,0
การบริการด้านเครื่องดื่มที่มีแอลกอฮอล์เป็นหลักในร้าน,0,3,2,1,6,0,3.5,6,1,10.5
การบริการด้านเครื่องดื่มที่ไม่มีแอลกอฮอล์เป็นหลักในร้าน,5,2,5,7,19,8.25,1.1,5.5,7.5,22.35
การบริการด้านเครื่องดื่มบนแผงลอยและตลาด,0,0,0,0,0,0,0,0,0,0
การบริการด้านเครื่องดื่มโดยร้านเคลื่อนที่,0,0,0,0,0,0,0,0,0,0
การจัดพิมพ์จำหน่ายหรือเผยแพร่ตำราเรียนพจนานุกรมและสารานุกรมลงบนสื่อต่างๆ (ยกเว้นทางออนไลน์),0,1,0,0,1,0,0.3,0,0,0.3
การจัดพิมพ์จำหน่ายหรือเผยแพร่โบรชัวร์ใบปลิวและสิ่งพิมพ์อื่นๆที่คล้ายกันลงบนสื่อต่างๆ (ยกเว้นทางออนไลน์),0,0,0,0,0,0,0,0,0,0
การจัดพิมพ์จำหน่ายหรือเผยแพร่หนังสือออนไลน์,0,0,0,0,0,0,0,0,0,0
กิจกรรมการดูแลสิทธิในการผลิตซ้ำหนังสือเพื่อจำหน่ายหรือเผยแพร่,0,0,0,0,0,0,0,0,0,0
การจัดพิมพ์จำหน่ายหรือเผยแพร่นามานุกรมและที่อยู่ทางไปรษณีย์ลงบนสื่อต่างๆ (ยกเว้นทางออนไลน์),0,0,0,0,0,0,0,0,0,0
การจัดพิมพ์จำหน่ายหรือเผยแพร่นามานุกรมและที่อยู่ ทางไปรษณีย์ผ่านทางออนไลน์,0,0,0,0,0,0,0,0,0,0
การจัดพิมพ์จำหน่ายหรือเผยแพร่หนังสือพิมพ์ วารสารและนิตยสาร,0,0,0,0,0,0,0,0,0,0
การจัดพิมพ์จำหน่ายหรือเผยแพร่หนังสือพิมพ์ลงบนสื่อต่างๆ (ยกเว้นทางออนไลน์),0,0,0,0,0,0,0,0,0,0
การจัดพิมพ์จำหน่ายหรือเผยแพร่วารสารและนิตยสารลงบนสื่อต่างๆ (ยกเว้นทางออนไลน์),0,0,0,0,0,0,0,0,0,0
การจัดพิมพ์จำหน่ายหรือเผยแพร่หนังสือพิมพ์วารสารและนิตยสารออนไลน์,0,0,0,0,0,0,0,0,0,0
กิจกรรมการดูแลสิทธิในการผลิตซ้ำหนังสือพิมพ์วารสารและนิตยสารเพื่อจำหน่ายหรือเผยแพร่,0,0,0,0,0,0,0,0,0,0
การจัดพิมพ์จำหน่ายหรือเผยแพร่งานอื่นๆลงบนสื่อต่างๆ (ยกเว้นทางออนไลน์),0,0,0,0,0,0,0,0,0,0
การจัดพิมพ์จำหน่ายหรือเผยแพร่งานอื่นๆผ่านทางออนไลน์,2,1,0,0,3,2,1,0,0,3
กิจกรรมการดูแลสิทธิในการผลิตซ้ำงานอื่นๆเพื่อจำหน่ายหรือเผยแพร่,0,0,0,0,0,0,0,0,0,0
การจัดทำซอฟต์แวร์,0,0,0,0,0,0,0,0,0,0
การจัดทำซอฟต์แวร์เกมสำเร็จรูป,1,0,3,0,4,0.1,0,0.4,0,0.5
การจัดทำซอฟต์แวร์สำเร็จรูป (ยกเว้นซอฟต์แวร์เกมสำเร็จรูป),6,4,6,3,19,5.24,6.4,11.02,2.02,24.68
กิจกรรมการดูแลสิทธิในการผลิตซ้ำซอฟต์แวร์สำเร็จรูป เพื่อจำหน่ายหรือเผยแพร่,0,0,0,0,0,0,0,0,0,0
กิจกรรมที่เกี่ยวข้องกับภาพยนตร์วีดิทัศน์และรายการโทรทัศน์,0,0,0,0,0,0,0,0,0,0
กิจกรรมการผลิตภาพยนตร์วีดิทัศน์และรายการโทรทัศน์,0,0,0,0,0,0,0,0,0,0
กิจกรรมการผลิตภาพยนตร์และวีดิทัศน์,3,0,2,2,7,4,0,1.001,5.05,10.051
กิจกรรมการผลิตรายการโทรทัศน์,1,1,2,0,4,0.5,1,5,0,6.5
การบริการตัดต่อภาพและเสียง,0,0,1,0,1,0,0,1,0,1
การบริการทำคอมพิวเตอร์กราฟฟิกแอนิเมชั่นและเทคนิคพิเศษ,0,1,0,0,1,0,2,0,0,2
กิจกรรมภายหลังการผลิตภาพยนตร์วิดีทัศน์และรายการโทรทัศน์อื่นๆซึ่งมิได้จัดประเภทไว้ในที่อื่น,0,0,0,0,0,0,0,0,0,0
กิจกรรมการเผยแพร่ภาพยนตร์วีดิทัศน์และรายการโทรทัศน์,0,1,0,0,1,0,6,0,0,6
กิจกรรมการดูแลสิทธิในการผลิตซ้ำภาพยนตร์วีดิทัศน์และรายการโทรทัศน์เพื่อจำหน่ายหรือเผยแพร่,0,0,0,0,0,0,0,0,0,0
กิจกรรมด้านการจัดฉายภาพยนตร์,0,0,0,0,0,0,0,0,0,0
กิจกรรมการบันทึกเสียงลงบนสื่อ,0,0,0,0,0,0,0,0,0,0
กิจกรรมการจัดพิมพ์จำหน่ายหรือเผยแพร่ดนตรี,0,0,0,0,0,0,0,0,0,0
กิจกรรมการดูแลสิทธิในการผลิตซ้ำดนตรีเพื่อจำหน่ายหรือเผยแพร่,0,0,0,0,0,0,0,0,0,0
การออกอากาศทางวิทยุกระจายเสียง,0,0,0,0,0,0,0,0,0,0
การออกอากาศทางวิทยุกระจายเสียง (ยกเว้นทางออนไลน์),5,7,11,4,27,2.185,3,16.6,3.95,25.735
การออกอากาศทางวิทยุกระจายเสียงผ่านทางออนไลน์,0,0,0,0,0,0,0,0,0,0
การจัดผังรายการและการออกอากาศทางโทรทัศน์,0,0,0,0,0,0,0,0,0,0
การจัดผังรายการและการออกอากาศทางโทรทัศน์โดยไม่ต้องสมัครสมาชิก (ยกเว้นทางออนไลน์),0,0,0,0,0,0,0,0,0,0
การจัดผังรายการและการออกอากาศทางโทรทัศน์โดยสมัครสมาชิก (ยกเว้นทางออนไลน์),0,0,0,0,0,0,0,0,0,0
การจัดผังรายการและการออกอากาศทางโทรทัศน์ผ่านทางออนไลน์,0,0,0,0,0,0,0,0,0,0
การบริการอินเทอร์เน็ตแบบใช้สายและไร้สาย,2,0,0,3,5,3,0,0,6,9
การบริการจัดส่งสัญญาณโทรทัศน์/วิทยุผ่านสายเคเบิล,0,0,0,0,0,0,0,0,0,0
กิจกรรมการโทรคมนาคมแบบใช้สายอื่นๆซึ่งมิได้จัดประเภทไว้ในที่อื่น,0,0,0,0,0,0,0,0,0,0
กิจกรรมการโทรคมนาคมแบบไร้สาย,0,0,0,0,0,0,0,0,0,0
การบริการระบบโทรศัพท์เคลื่อนที่,0,0,0,0,0,0,0,0,0,0
การบริการอินเทอร์เน็ตแบบไร้สาย,0,0,0,0,0,0,0,0,0,0
กิจกรรมการโทรคมนาคมแบบไร้สายอื่นๆซึ่งมิได้จัดประเภทไว้ในที่อื่น,0,0,0,0,0,0,0,0,0,0
การบริการจัดส่งสัญญาณรายการโทรทัศน์/วิทยุผ่านดาวเทียม,0,0,1,0,1,0,0,1,0,1
กิจกรรมการโทรคมนาคมผ่านดาวเทียม (ยกเว้นการบริการจัดส่งสัญญาณรายการโทรทัศน์/วิทยุผ่านดาวเทียม),0,0,0,0,0,0,0,0,0,0
กิจกรรมการโทรคมนาคมด้านอื่นๆ,1,1,0,1,3,1,1,0,0.1,2.1
กิจกรรมการจัดทำโปรแกรมคอมพิวเตอร์การให้คำปรึกษาเกี่ยวกับคอมพิวเตอร์และกิจกรรมที่เกี่ยวข้อง,0,0,0,0,0,0,0,0,0,0
กิจกรรมการจัดทำโปรแกรมคอมพิวเตอร์ตามวัตถุประสงค์ของผู้ใช้,0,0,0,0,0,0,0,0,0,0
กิจกรรมการจัดทำโปรแกรมเว็บเพจและเครือข่ายตามวัตถุประสงค์ของผู้ใช้,7,3,2,4,16,15,9,10.005,3.6,37.605
กิจกรรมการจัดทำโปรแกรมคอมพิวเตอร์ตามวัตถุประสงค์ของผู้ใช้ (ยกเว้นโปรแกรมเว็บเพจและเครือข่าย),3,7,5,4,19,3,25,20.5,13,61.5
กิจกรรมการให้คำปรึกษาเกี่ยวกับคอมพิวเตอร์และการจัดการสิ่งอำนวยความสะดวกด้านคอมพิวเตอร์,0,0,0,0,0,0,0,0,0,0
กิจกรรมการให้คำปรึกษาทางด้านฮาร์ดแวร์,0,1,0,1,2,0,0.5,0,2,2.5
กิจกรรมการให้คำปรึกษาทางด้านซอฟต์แวร์,1,2,4,1,8,2,1.5,12,1,16.5
กิจกรรมการจัดการสิ่งอำนวยความสะดวกด้านคอมพิวเตอร์,0,0,3,1,4,0,0,8,1,9
กิจกรรมการบริการเทคโนโลยีสารสนเทศและคอมพิวเตอร์อื่นๆ,1,2,2,3,8,1,0.3,2,5,8.3
การประมวลผลข้อมูลการสร้างแม่ข่ายและกิจกรรมที่เกี่ยวข้อง,0,0,0,0,0,0,0,0,0,0
กิจกรรมการบริหารจัดการและประมวลผลข้อมูล,0,1,0,1,2,0,4,0,1,5
กิจกรรมการสร้างแม่ข่าย,0,0,2,0,2,0,0,2,0,2
การบริการเป็นตลาดกลางในการซื้อขายสินค้าหรือบริการ โดยวิธีใช้สื่ออิเล็กทรอนิกส์ผ่านระบบเครือข่ายอินเทอร์เน็ต,3,4,2,5,14,4.5,5.16,5,5,19.66
เวบท่า,0,0,1,0,1,0,0,5,0,5
กิจกรรมสำนักข่าว,0,0,0,0,0,0,0,0,0,0
กิจกรรมสำนักข่าวสื่อสิ่งพิมพ์,0,0,0,0,0,0,0,0,0,0
กิจกรรมสำนักข่าวสื่อโสตทัศน์,0,0,0,0,0,0,0,0,0,0
กิจกรรมบริการสารสนเทศอื่นๆซึ่งมิได้จัดประเภทไว้ในที่อื่น,1,0,0,0,1,1,0,0,0,1
กิจกรรมบริการทางการเงิน ยกเว้น การประกันภัยและกองทุนบำเหน็จบำนาญ,0,0,0,0,0,0,0,0,0,0
ธนาคารกลาง,0,0,0,0,0,0,0,0,0,0
ตัวกลางทางการเงินอื่นๆ,0,0,0,0,0,0,0,0,0,0
ธนาคารพาณิชย์,0,0,0,0,0,0,0,0,0,0
บริษัทเงินทุน,0,0,0,0,0,0,0,0,0,0
บริษัทเครดิตฟองซิเอร์,0,0,0,0,0,0,0,0,0,0
ธนาคารเฉพาะกิจ,0,0,0,0,0,0,0,0,0,0
สหกรณ์ที่เป็นตัวกลางทางการเงิน,0,0,0,0,0,0,0,0,0,0
กิจกรรมของบริษัทโฮลดิ้งที่ลงทุนในธุรกิจการเงินเป็นหลัก,0,1,0,3,4,0,1,0,536.2,537.2
กิจกรรมของบริษัทโฮลดิ้งที่ไม่ได้ลงทุนในธุรกิจการเงินเป็นหลัก,7,3,3,17,30,5.604,106.5,9.500881,160.2377,281.842581
กองทุน,0,0,0,0,0,0,0,0,0,0
ทรัสต์,0,0,0,0,0,0,0,0,0,0
กิจกรรมทางการเงินอื่นๆซึ่งมิได้จัดประเภทไว้ในที่อื่น,0,0,0,0,0,0,0,0,0,0
สัญญาเช่าทางการเงินสำหรับยานยนต์,1,1,0,0,2,1,1,0,0,2
สัญญาเช่าทางการเงินสำหรับเครื่องจักรและอุปกรณ์เพื่อ การดำเนินธุรกิจ,0,0,0,0,0,0,0,0,0,0
สัญญาเช่าทางการเงินสำหรับสินค้าอุปโภค (ยกเว้นยานยนต์และ จักรยานยนต์),0,0,0,0,0,0,0,0,0,0
การให้สินเชื่อประเภทอื่นๆ,0,0,0,0,0,0,0,0,0,0
การให้สินเชื่อเพื่อการค้าและการลงทุน,0,0,3,2,5,0,0,21,8,29
การให้สินเชื่อเพื่อการอุปโภคบริโภค,0,1,0,1,2,0,1,0,1,2
การให้สินเชื่อเพื่อการซื้อที่อยู่อาศัย,0,0,0,0,0,0,0,0,0,0
การให้สินเชื่อบัตรเครดิต,0,0,0,0,0,0,0,0,0,0
การบริการของโรงรับจำนำ,0,0,0,0,0,0,0,0,0,0
การให้สินเชื่ออื่นๆซึ่งมิได้จัดประเภทไว้ในที่อื่น,4,2,2,0,8,12.5,6,230.5,0,249
กิจกรรมการให้เงินทุนนอกเหนือจากการให้กู้ยืมเงิน,1,0,1,1,3,1,0,1,10,12
กิจกรรมการลงทุนที่เป็นกิจกรรมของตนเอง,0,1,1,1,3,0,1,408.6635,3,412.6635
กิจกรรมบริการทางการเงินอื่นๆ (ยกเว้นกิจกรรมการประกันภัย และกองทุนบำเหน็จบำนาญ) ซึ่งมิได้จัดประเภทไว้ในที่อื่น,1,0,0,0,1,2,0,0,0,2
การประกันภัย,0,0,0,0,0,0,0,0,0,0
การประกันชีวิต,0,0,0,0,0,0,0,0,0,0
การประกันวินาศภัย,0,0,0,0,0,0,0,0,0,0
การประกันภัยต่อ,0,0,0,0,0,0,0,0,0,0
กองทุนบำเหน็จบำนาญ (ผลประโยชน์ ตอบแทนเพื่อการเกษียณอายุหรือการชราภาพ),0,0,0,0,0,0,0,0,0,0
การบริหารงานด้านตลาดการเงิน,0,0,0,0,0,0,0,0,0,0
การบริหารงานตลาดเงินและตลาดทุน,0,0,0,0,0,0,0,0,0,0
การบริหารงานตลาดอนุพันธ์,0,0,0,0,0,0,0,0,0,0
การบริการควบคุมดูแลการบริหารงานตลาดการเงิน,0,0,0,0,0,0,0,0,0,0
กิจกรรมนายหน้าซื้อขายหลักทรัพย์และตราสารอนุพันธ์,0,0,0,0,0,0,0,0,0,0
กิจกรรมนายหน้าซื้อขายหลักทรัพย์,0,0,0,1,1,0,0,0,4,4
กิจกรรมนายหน้าซื้อขายตราสารอนุพันธ์,0,0,0,0,0,0,0,0,0,0
กิจกรรมเกี่ยวกับแลกเปลี่ยนเงินตราต่างประเทศ,1,2,4,2,9,1,3,7.1,4,15.1
กิจกรรมอื่นๆที่สนับสนุนกิจกรรมบริการทางการเงิน,0,0,0,0,0,0,0,0,0,0
บริการที่ปรึกษาการลงทุน,0,1,1,0,2,0,1,4,0,5
กิจกรรมการประมวลผลและการเรียกชำระเงินสำหรับธุรกรรม ทางการเงิน,3,3,1,0,7,3,3,150,0,156
บริการดูแลและรักษาหลักทรัพย์,0,0,0,0,0,0,0,0,0,0
กิจกรรมอื่นๆที่ช่วยเสริมกิจกรรมการให้บริการทางการเงิน ซึ่งมิได้จัดประเภทไว้ในที่อื่น,0,0,2,5,7,0,0,6.3,18.002,24.302
การประเมินความเสี่ยงภัยและมูลค่าความเสียหาย,1,0,0,4,5,0.2,0,0,2.4,2.6
กิจกรรมของตัวแทนและนายหน้าประกันภัย,0,0,0,0,0,0,0,0,0,0
กิจกรรมของตัวแทนและนายหน้าประกันชีวิต,1,0,1,0,2,1,0,3,0,4
กิจกรรมของตัวแทนและนายหน้าประกันวินาศภัย,0,0,0,1,1,0,0,0,0.5,0.5
กิจกรรมอื่นๆที่สนับสนุนการประกันภัยและกองทุนบำเหน็จ บำนาญ,0,0,0,0,0,0,0,0,0,0
กิจกรรมการจัดการหลักทรัพย์การลงทุนและกองทุน (ยกเว้น กองทุนบำเหน็จบำนาญ),0,0,0,1,1,0,0,0,72,72
กิจกรรมเกี่ยวกับอสังหาริมทรัพย์,0,0,0,0,0,0,0,0,0,0
กิจกรรมเกี่ยวกับอสังหาริมทรัพย์ที่เป็นของตนเองหรือเช่าจาก ผู้อื่น,0,0,0,0,0,0,0,0,0,0
การซื้อและการขายอสังหาริมทรัพย์ที่เป็นของตนเอง เพื่อการพักอาศัย,8,16,18,11,53,113.1,49,364.1,49.42,575.62
การซื้อและการขายอสังหาริมทรัพย์ที่เป็นของตนเองที่ไม่ใช่ เพื่อเป็นที่พักอาศัย,26,26,29,21,102,253.75,304,1522.1,488.33,2568.18
การเช่าและการดำเนินการเกี่ยวกับอสังหาริมทรัพย์ที่เป็น ของตนเองหรือเช่าจากผู้อื่นเพื่อเป็นที่พักอาศัย,10,7,10,11,38,19.5,16.5,49.34,24.4,109.74
การเช่าและการดำเนินการเกี่ยวกับอสังหาริมทรัพย์ที่เป็นของ ตนเองหรือเช่าจากผู้อื่นที่ไม่ใช่เพื่อเป็นที่พักอาศัย,12,8,8,11,39,15.7,8.5,17,139,180.2
กิจกรรมเกี่ยวกับอสังหาริมทรัพย์ที่กระทำโดยได้รับค่าตอบแทน หรือตามสัญญาจ้าง,0,0,0,0,0,0,0,0,0,0
กิจกรรมของตัวแทนและนายหน้าอสังหาริมทรัพย์โดยได้รับ ค่าตอบแทนหรือตามสัญญาจ้าง,14,11,16,11,52,35,26.1,33.5,35.9,130.5
กิจกรรมบริการอื่นๆที่เกี่ยวกับอสังหาริมทรัพย์โดยได้รับ ค่าตอบแทนหรือตามสัญญาจ้าง,9,1,1,1,12,12,2,1,4,19
กิจกรรมทางกฎหมายและบัญชี,0,0,0,0,0,0,0,0,0,0
กิจกรรมทางกฎหมาย,8,11,7,8,34,25.2,15.5,8.3,9.3,58.3
กิจกรรมเกี่ยวกับบัญชีการทำบัญชีและการตรวจสอบบัญชี การให้คำปรึกษาด้านภาษี,4,3,3,1,11,2.2,1.125,2.1,0.4,5.825
กิจกรรมของสำนักงานใหญ่,0,0,1,0,1,0,0,10,0,10
สำนักงานผู้แทนนิติบุคคลระหว่างประเทศ,0,0,0,0,0,0,0,0,0,0
สำนักงานภูมิภาคของบริษัทข้ามชาติ,0,0,0,0,0,0,0,0,0,0
สำนักงานปฏิบัติการภูมิภาค,1,0,0,0,1,1,0,0,0,1
กิจกรรมการให้คำปรึกษาด้านการบริหารจัดการ,0,0,0,0,0,0,0,0,0,0
กิจกรรมให้คำปรึกษาด้านการสื่อสารประชาสัมพันธ์,0,2,0,0,2,0,6,0,0,6
กิจกรรมให้คำปรึกษาด้านการบริหารจัดการการเงิน,1,1,3,2,7,1,1,3,25.1,30.1
กิจกรรมให้คำปรึกษาด้านการบริหารจัดการอื่นๆซึ่งมิได้จัด ประเภทไว้ในที่อื่น,25,18,23,22,88,39.07,33.83,34.29,86.31,193.5
ตัวแทนธุรกิจการค้าระหว่างประเทศ,0,0,0,0,0,0,0,0,0,0
กิจกรรมงานสถาปัตยกรรมและวิศวกรรมและการให้คำปรึกษา ทางด้านเทคนิคที่เกี่ยวข้อง,0,0,0,0,0,0,0,0,0,0
กิจกรรมงานสถาปัตยกรรมและการให้คำปรึกษาที่เกี่ยวข้อง,4,0,3,4,11,20,0,3,3.1,26.1
กิจกรรมงานวิศวกรรมและการให้คำปรึกษาทางด้านเทคนิค ที่เกี่ยวข้อง,8,8,10,7,33,14,9.6,18.5,16,58.1
กิจกรรมงานธรณีฟิสิกส์ธรณีวิทยาและการให้คำปรึกษาที่ เกี่ยวข้อง,0,0,0,0,0,0,0,0,0,0
การทดสอบและการวิเคราะห์ทางเทคนิค,0,0,0,0,0,0,0,0,0,0
การทดสอบและวิเคราะห์การปฏิบัติการทางกายภาพและเคมี,0,0,0,0,0,0,0,0,0,0
การตรวจสภาพยานยนต์ทางเทคนิค,0,0,1,0,1,0,0,1,0,1
การทดสอบและวิเคราะห์ทางเทคนิคอื่นๆซึ่งมิได้จัดประเภท ไว้ในที่อื่น,0,1,1,2,4,0,1,1,5.5,7.5
การวิจัยและพัฒนาเชิงทดลองด้านวิทยาศาสตร์ธรรมชาติ,0,0,0,0,0,0,0,0,0,0
การวิจัยและพัฒนาเชิงทดลองด้านเทคโนโลยีชีวภาพ,2,0,1,1,4,9,0,1,1,11
การวิจัยและพัฒนาเชิงทดลองด้านวิศวกรรมและเทคโนโลยีอื่นๆ ซึ่งมิได้จัดประเภทไว้ในที่อื่น,1,2,1,3,7,1,11,5,15,32
การวิจัยและพัฒนาเชิงทดลองด้านสังคมศาสตร์และมนุษยศาสตร์,0,0,0,0,0,0,0,0,0,0
การโฆษณา,0,0,0,0,0,0,0,0,0,0
กิจกรรมของบริษัทโฆษณา,10,7,14,26,57,12.83,6.8,20.6,27.9,68.13
กิจกรรมของตัวแทนขายสื่อโฆษณา,1,1,0,0,2,1,1,0,0,2
การวิจัยตลาดและการสำรวจความคิดเห็นของประชาชน (ประชามติ),0,0,0,1,1,0,0,0,0.1,0.1
กิจกรรมการออกแบบเฉพาะด้าน,0,0,0,0,0,0,0,0,0,0
กิจกรรมการออกแบบและตกแต่งภายใน,3,2,7,4,16,12,2,11,4,29
กิจกรรมการออกแบบเฉพาะด้านอื่นๆซึ่งมิได้จัดประเภทไว้ ในที่อื่น,4,1,1,3,9,4,1,1,5.1,11.1
กิจกรรมการถ่ายภาพ,1,1,1,1,4,5,0.1,0.1,2,7.2
กิจกรรมการแปลการแปลความหมายและล่าม,0,1,2,0,3,0,1,2,0,3
กิจกรรมการให้คำปรึกษาด้านสิ่งแวดล้อม,1,0,0,2,3,5,0,0,4.1,9.1
กิจกรรมทางวิชาชีพวิทยาศาสตร์และเทคนิคอื่นๆซึ่งมิได้ จัดประเภทไว้ในที่อื่น,0,0,1,1,2,0,0,1,1,2
กิจกรรมเกี่ยวกับสัตวแพทย์,2,0,1,0,3,10,0,1,0,11
การให้เช่าและให้เช่าแบบลีสซิ่งยานยนต์,0,0,0,0,0,0,0,0,0,0
การให้เช่าและให้เช่าแบบลิสซิ่งยานยนต์ชนิดนั่งส่วนบุคคล รถกระบะรถตู้และรถขนาดเล็กที่คล้ายกัน,1,1,3,7,12,0.8,1,3.3,17.1,22.2
การให้เช่าและให้เช่าแบบลิสซิ่งยานยนต์ชนิดรถบรรทุก และยานยนต์หนักอื่นๆ,0,0,0,1,1,0,0,0,1,1
การให้เช่าและให้เช่าแบบลีสซิ่งสินค้าเพื่อการนันทนาการและการกีฬา,0,0,1,0,1,0,0,0.5,0,0.5
การให้เช่าแถบวีดิทัศน์และแผ่นดิสก์,0,0,0,0,0,0,0,0,0,0
การให้เช่าและให้เช่าแบบลิสซิ่งของใช้ส่วนบุคคลและเครื่องใช้ ในครัวเรือนอื่นๆ,0,0,0,0,0,0,0,0,0,0
การให้เช่าหนังสือ,0,0,0,0,0,0,0,0,0,0
การให้เช่าของใช้ส่วนบุคคลและของใช้ในครัวเรือนอื่นๆ ซึ่งมิได้จัดประเภทไว้ในที่อื่น,2,0,1,1,4,1.3,0,1,1,3.3
การให้เช่าและให้เช่าแบบลีสซิ่งเครื่องจักรอุปกรณ์และสินค้า ที่จับต้องได้อื่นๆ,0,0,0,0,0,0,0,0,0,0
การให้เช่าและการให้เช่าแบบลีสซิ่งอุปกรณ์การขนส่งทางบก (ยกเว้นยานยนต์),0,1,0,0,1,0,3,0,0,3
การให้เช่าและการให้เช่าแบบลีสซิ่งอุปกรณ์การขนส่งทางน้ำ,0,0,0,0,0,0,0,0,0,0
การให้เช่าและการให้เช่าแบบลีสซิ่งอุปกรณ์การขนส่งทางอากาศ,0,0,0,0,0,0,0,0,0,0
การให้เช่าและการให้เช่าแบบลีสซิ่งเครื่องจักรและอุปกรณ์ ทางการเกษตรและการป่าไม้,0,0,0,0,0,0,0,0,0,0
การให้เช่าและการให้เช่าแบบลีสซิ่งเครื่องจักรและอุปกรณ์ ที่ใช้ในการก่อสร้างและงานวิศวกรรมโยธา,0,2,0,0,2,0,1.5,0,0,1.5
การให้เช่าและการให้เช่าแบบลีสซิ่งเครื่องจักรและอุปกรณ์ สำนักงาน,0,0,0,0,0,0,0,0,0,0
การให้เช่าและการให้เช่าแบบลีสซิ่งเครื่องจักรอุปกรณ์ และสินค้าที่จับต้องได้อื่นๆซึ่งมิได้จัดประเภทไว้ในที่อื่น,0,0,0,1,1,0,0,0,2,2
การให้เช่าแบบลิสซิ่งผลิตภัณฑ์ที่มีสินทรัพย์ทางปัญญา และผลิตภัณฑ์ที่คล้ายกันยกเว้นงานที่มีลิขสิทธิ์,1,1,0,2,4,0.5,1,0,4,5.5
บริการเกี่ยวกับสิทธิพิเศษอื่น ๆ,0,0,0,0,0,0,0,0,0,0
กิจกรรมของสำนักงานจัดหางานหรือตัวแทนจัดหางาน,0,0,0,0,0,0,0,0,0,0
กิจกรรมของบริษัทตัวแทนและสำนักงานคัดเลือกนักแสดง,0,1,1,0,2,0,1,1,0,2
กิจกรรมของสำนักงานจัดหางานหรือตัวแทนจัดหางานอื่นๆ ซึ่งมิได้จัดประเภทไว้ในที่อื่น,1,0,2,1,4,2,0,20.1,0.5,22.6
กิจกรรมการให้บริการจ้างงานชั่วคราว,7,1,1,2,11,6.2,0.7,1,2,9.9
กิจกรรมการจัดหาทรัพยากรมนุษย์อื่นๆ,0,1,0,1,2,0,1,0,1,2
ตัวแทนธุรกิจการเดินทางธุรกิจจัดนำเที่ยวและบริการสำรอง และกิจกรรมที่เกี่ยวข้อง,0,0,0,0,0,0,0,0,0,0
ตัวแทนธุรกิจการเดินทางธุรกิจจัดนำเที่ยว,0,0,0,0,0,0,0,0,0,0
ตัวแทนธุรกิจการเดินทาง,1,3,6,1,11,0.5,2.1,9.2,2,13.8
ธุรกิจจัดนำเที่ยว,14,16,14,17,61,22.1,19.7,29.05,29.15,100
กิจกรรมบริการสำรองอื่นๆและกิจกรรมที่เกี่ยวข้อง,0,0,0,0,0,0,0,0,0,0
กิจกรรมของมัคคุเทศก์,0,0,0,1,1,0,0,0,0.5,0.5
กิจกรรมบริการสำรองอื่นๆและกิจกรรมที่เกี่ยวข้องซึ่งมิได้ จัดประเภทไว้ในที่อื่น,5,2,4,2,13,11,6,10,2,29
กิจกรรมการรักษาความปลอดภัยส่วนบุคคล,4,2,1,4,11,3.875,6,1,3.8,14.675
กิจกรรมการบริการระบบรักษาความปลอดภัย,1,1,0,1,3,1,1,0,1,3
กิจกรรมสืบสวน,1,0,0,0,1,1,0,0,0,1
กิจกรรมสนับสนุนการอำนวยความสะดวกแบบเบ็ดเสร็จ,0,0,0,0,0,0,0,0,0,0
การบริการทำความสะอาด,0,0,0,0,0,0,0,0,0,0
การบริการทำความสะอาดทั่วไปของตัวอาคาร,6,3,4,2,15,9,9.2,5.4,1.26,24.86
การบริการทำความสะอาดสำหรับอาคารและอุตสาหกรรม อื่นๆ,0,0,0,0,0,0,0,0,0,0
กิจกรรมการทำความสะอาดพื้นผิวภายนอกอาคาร,0,0,0,0,0,0,0,0,0,0
กิจกรรมการทำความสะอาดภายในที่ใช้ความชำนาญเฉพาะด้าน,0,0,0,0,0,0,0,0,0,0
กิจกรรมการฆ่าเชื้อและกำจัด,0,2,1,1,4,0,1.1,1,1,3.1
กิจกรรมการทำความสะอาดสำหรับอาคารและอุตสาหกรรมอื่นๆ ซึ่งมิได้จัดประเภทไว้ในที่อื่น,0,0,0,0,0,0,0,0,0,0
การบริการดูแลและบำรุงรักษาภูมิทัศน์,4,1,1,1,7,3.2,1,0.5,5,9.7
กิจกรรมการบริหารและสนับสนุนสำนักงาน,0,0,0,0,0,0,0,0,0,0
กิจกรรมบริการเพื่อการบริหารสำนักงานแบบเบ็ดเสร็จ,1,5,1,2,9,5,4.44,1,2,12.44
กิจกรรมการถ่ายเอกสารการเตรียมเอกสารและกิจกรรมเฉพาะด้าน อื่นๆที่สนับสนุนสำนักงาน,0,0,0,0,0,0,0,0,0,0
การถ่ายเอกสาร,0,0,0,0,0,0,0,0,0,0
การเตรียมเอกสารและกิจกรรมเฉพาะด้านอื่นๆที่สนับสนุน สำนักงาน,0,0,0,0,0,0,0,0,0,0
กิจกรรมศูนย์บริการลูกค้าทางโทรศัพท์,0,0,0,0,0,0,0,0,0,0
การจัดประชุมและการแสดงสินค้า,0,0,0,0,0,0,0,0,0,0
การจัดการประชุม,0,6,3,0,9,0,3.21,2.3,0,5.51
การจัดการแสดงทางธุรกิจและการแสดงสินค้า,6,4,4,2,16,9.5,3.2,8,1.3,22
กิจกรรมการบริการเพื่อสนับสนุนธุรกิจซึ่งมิได้จัดประเภทไว้ ในที่อื่น,0,0,0,0,0,0,0,0,0,0
กิจกรรมของหน่วยงานตัวแทนที่ทำหน้าที่เรียกเก็บเงินและข้อมูล เครดิต,0,0,0,0,0,0,0,0,0,0
กิจกรรมของตัวแทนที่ทำหน้าที่เรียกเก็บเงิน,2,1,1,0,4,2,2,5,0,9
กิจกรรมการบริการข้อมูลเครดิต,0,0,0,0,0,0,0,0,0,0
กิจกรรมที่เกี่ยวกับการบรรจุภัณฑ์,0,0,0,0,0,0,0,0,0,0
กิจกรรมการบริการอื่นๆเพื่อสนับสนุนธุรกิจซึ่งมิได้จัดประเภทไว้ ในที่อื่น,6,10,7,6,29,8.4,11.2,5.2,9,33.8
กิจกรรมการบริหารราชการทั่วไป,0,0,0,0,0,0,0,0,0,0
กิจกรรมด้านการบริการที่ส่งเสริมภาครัฐโดยรวม,1,0,0,0,1,1,0,0,0,1
การกำหนดกฎเกณฑ์เกี่ยวกับกิจกรรมการให้บริการทางสุขภาพ การศึกษาวัฒนธรรมและการบริการทางสังคมอื่นๆยกเว้น การประกันสังคม,0,0,0,0,0,0,0,0,0,0
การกำหนดกฎเกณฑ์เกี่ยวกับกิจกรรมการให้บริการทางการศึกษา,0,0,0,0,0,0,0,0,0,0
การกำหนดกฎเกณฑ์เกี่ยวกับกิจกรรมการให้บริการทางสุขภาพ,0,0,0,0,0,0,0,0,0,0
การกำหนดกฎเกณฑ์เกี่ยวกับกิจกรรมการให้บริการทางสิ่งแวดล้อมและที่พักอาศัย,0,0,0,0,0,0,0,0,0,0
การกำหนดกฎเกณฑ์เกี่ยวกับกิจกรรมการให้บริการด้านกีฬา นันทนาการวัฒนธรรมและศาสนา,0,0,0,0,0,0,0,0,0,0
การกำหนดกฎเกณฑ์และการสนับสนุนเพื่อเพิ่มประสิทธิภาพ ในการดำเนินงานทางการเกษตรกรรมการป่าไม้การประมง และการล่าสัตว์,0,0,0,0,0,0,0,0,0,0
การกำหนดกฎเกณฑ์และการสนับสนุนเพื่อเพิ่มประสิทธิภาพ ในการดำเนินงานทางด้านเชื้อเพลิงและพลังงาน,0,0,0,0,0,0,0,0,0,0
การกำหนดกฎเกณฑ์และการสนับสนุนเพื่อเพิ่มประสิทธิภาพ ในการดำเนินงานด้านการขายส่งและการขายปลีก,0,0,0,0,0,0,0,0,0,0
การกำหนดกฎเกณฑ์และการสนับสนุนเพื่อเพิ่มประสิทธิภาพ ในการดำเนินงานด้านการท่องเที่ยวและบริการที่เกี่ยวข้อง,0,0,0,0,0,0,0,0,0,0
การกำหนดกฎเกณฑ์และการสนับสนุนเพื่อเพิ่มประสิทธิภาพ การบริหารงานทั่วไปเกี่ยวกับเศรษฐกิจพาณิชย์และแรงงาน,0,0,0,0,0,0,0,0,0,0
การต่างประเทศ,0,0,0,0,0,0,0,0,0,0
กิจกรรมการป้องกันประเทศ,0,0,0,0,0,0,0,0,0,0
กิจกรรมของตำรวจ,0,0,0,0,0,0,0,0,0,0
กิจกรรมการจัดระเบียบและความปลอดภัยสาธารณะอื่นๆซึ่งมิได้ จัดประเภทไว้ในที่อื่น,0,0,0,0,0,0,0,0,0,0
การศึกษาระดับประถมศึกษา,0,0,0,0,0,0,0,0,0,0
การศึกษาระดับประถมศึกษาสำหรับเด็กปกติ,0,0,0,0,0,0,0,0,0,0
การศึกษาระดับประถมศึกษาสำหรับเด็กพิการ,0,0,0,0,0,0,0,0,0,0
การศึกษาระดับประถมศึกษาโดยวิธีอื่นๆ,0,0,0,0,0,0,0,0,0,0
การศึกษาระดับมัธยมศึกษาประเภทสามัญศึกษาสำหรับ ผู้เรียนปกติ,0,0,0,0,0,0,0,0,0,0
การศึกษาระดับมัธยมศึกษาประเภทสามัญศึกษาสำหรับ ผู้เรียนพิการ,0,0,0,0,0,0,0,0,0,0
การศึกษาระดับมัธยมศึกษาประเภทสามัญศึกษาโดยวิธีอื่นๆ,0,0,0,0,0,0,0,0,0,0
การศึกษาระดับมัธยมศึกษาประเภทอาชีวศึกษา,0,0,0,1,1,0,0,0,1,1
การศึกษาระดับอุดมศึกษา ต่ำกว่าปริญญา,0,0,0,0,0,0,0,0,0,0
การศึกษาระดับอุดมศึกษา ปริญญาตรี,0,0,0,0,0,0,0,0,0,0
การศึกษาระดับอุดมศึกษา ระดับปริญญาโทขึ้นไป,0,0,0,0,0,0,0,0,0,0
การศึกษาด้านกีฬาและนันทนาการ,3,2,3,1,9,9,5,9,1,24
กิจกรรมการเรียนการสอนด้านการเต้นรำ,0,0,0,0,0,0,0,0,0,0
กิจกรรมการเรียนการสอนด้านดนตรี,1,1,1,0,3,3,0.2,5,0,8.2
กิจกรรมการเรียนการสอนด้านศิลปะ,0,0,1,0,1,0,0,1.6,0,1.6
การศึกษาด้านวัฒนธรรมอื่น ๆ ซึ่งมิได้จัดประเภทไว้ในที่อื่น,0,0,0,0,0,0,0,0,0,0
การศึกษาอื่น ๆ ซึ่งมิได้จัดประเภทไว้ในที่อื่น,0,0,0,0,0,0,0,0,0,0
กิจกรรมการเรียนการสอนภาษา,3,3,0,1,7,6,4.2,0,0.005,10.205
กิจกรรมการเรียนการสอนด้านเทคโนโลยีสารสนเทศ,0,0,0,1,1,0,0,0,18.789,18.789
กิจกรรมการกวดวิชาทั่วไป,0,2,0,1,3,0,2,0,1,3
กิจกรรมการเรียนการสอนตัดเสื้อผ้าและเสริมสวย,0,0,0,0,0,0,0,0,0,0
กิจกรรมการเรียนการสอนสปาบำบัด,0,0,0,0,0,0,0,0,0,0
กิจกรรมการเรียนการสอนนวด,0,0,0,0,0,0,0,0,0,0
กิจกรรมการเรียนการสอนขับขี่,0,0,0,0,0,0,0,0,0,0
การศึกษาอื่นๆซึ่งมิได้จัดประเภทไว้ในที่อื่น,4,1,2,1,8,5.1,10.81,2,1,18.91
การบริการที่สนับสนุนการศึกษา,3,2,4,5,14,2.31,0.57,4.3,6.95,14.13
การศึกษาระดับก่อนประถมศึกษาสำหรับเด็กปกติ,0,0,0,0,0,0,0,0,0,0
การศึกษาระดับก่อนประถมศึกษาสำหรับเด็กพิการ,0,0,0,0,0,0,0,0,0,0
กิจกรรมด้านสุขภาพของมนุษย์,0,0,0,0,0,0,0,0,0,0
กิจกรรมโรงพยาบาล,0,0,0,0,0,0,0,0,0,0
กิจกรรมโรงพยาบาล,3,1,2,3,9,7.1,2.5,7.1,3.5,20.2
กิจกรรมโรงพยาบาลเฉพาะทาง,0,0,0,0,0,0,0,0,0,0
กิจกรรมคลินิกโรคทั่วไป,2,7,7,2,18,2,15,8.5,2.5,28
กิจกรรมคลินิกโรคเฉพาะทาง,5,5,4,6,20,7,12.1,16,5.1,40.2
กิจกรรมทางทันตกรรม,0,1,0,1,2,0,0.2,0,0.9,1.1
กิจกรรมด้านการพยาบาลและผดุงครรภ์,2,0,0,0,2,2,0,0,0,2
กิจกรรมด้านกายภาพบำบัด,0,0,1,1,2,0,0,0.1,1,1.1
กิจกรรมในห้องปฏิบัติการทางการแพทย์,0,0,1,0,1,0,0,1,0,1
กิจกรรมอื่น ๆ ด้านสุขภาพของมนุษย์ ซึ่งมิได้จัดประเภทไว้ในที่อื่น,4,1,1,2,8,12,3,0.1,2,17.1
หน่วยบริการทางการพยาบาลที่จัดที่พักให้,2,1,0,0,3,2,0.5,0,0,2.5
กิจกรรมการดูแลรักษาในสถานที่ที่มีที่พักและมีคนดูแลประจำ สำหรับผู้พิการทางสมอง,0,0,0,0,0,0,0,0,0,0
กิจกรรมการดูแลรักษาในสถานที่ที่มีที่พักและมีคนดูแลประจำ สำหรับผู้มีปัญหาสุขภาพจิต,0,0,1,0,1,0,0,5,0,5
กิจกรรมการดูแลรักษาในสถานที่ที่มีที่พักและมีคนดูแลประจำ สำหรับผู้ใช้สารเสพติด,0,0,0,0,0,0,0,0,0,0
กิจกรรมการดูแลรักษาในสถานที่ที่มีที่พักและมีคนดูแลประจำ สำหรับผู้สูงอายุ,0,1,1,1,3,0,5,0.8,0.01,5.81
กิจกรรมการดูแลรักษาในสถานที่ที่มีที่พักและมีคนดูแลประจำ สำหรับเด็กและเยาวชนพิการ,0,0,0,0,0,0,0,0,0,0
กิจกรรมการดูแลรักษาในสถานที่ที่มีที่พักและมีคนดูแลประจำ สำหรับผู้พิการ,0,0,0,0,0,0,0,0,0,0
กิจกรรมการดูแลรักษาในสถานที่ที่มีที่พักและมีคนดูแลประจำ สำหรับเด็กและเยาวชน (ยกเว้น ผู้พิการซึ่งไม่สามารถช่วยเหลือตนเองได้ทั้งหมด หรือผู้ที่ไม่สามารถอยู่ตามลำพังได้และผู้ใช้สารเสพติด),0,0,0,0,0,0,0,0,0,0
กิจกรรมการดูแลรักษาในสถานที่ที่มีที่พักและมีคนดูแลประจำ สำหรับบุคคลอื่น ๆ ซึ่งมิได้จัดประเภทไว้ในที่อื่น,0,0,0,0,0,0,0,0,0,0
กิจกรรมสังคมสงเคราะห์โดยไม่มีที่พักอาศัยสำหรับผู้สูงอายุ,1,0,0,0,1,0.3,0,0,0,0.3
กิจกรรมสังคมสงเคราะห์โดยไม่มีที่พักอาศัยสำหรับผู้พิการ,0,0,0,0,0,0,0,0,0,0
กิจกรรมการรับเลี้ยงเด็กกลางวัน,0,1,0,0,1,0,0.1,0,0,0.1
กิจกรรมงานสังคมสงเคราะห์อื่นๆโดยไม่มีที่พักอาศัยซึ่งมิได้ จัดประเภทไว้ในที่อื่น,0,0,0,0,0,0,0,0,0,0
กิจกรรมการสร้างสรรค์ศิลปะและความบันเทิง,0,0,0,0,0,0,0,0,0,0
กิจกรรมการสร้างสรรค์ศิลปะ,1,0,0,2,3,1,0,0,0.2,1.2
กิจกรรมด้านความบันเทิง,4,1,3,0,8,4,1,3.1,0,8.1
กิจกรรมห้องสมุด,0,0,0,0,0,0,0,0,0,0
กิจกรรมหอจดหมายเหตุ,0,0,0,0,0,0,0,0,0,0
กิจกรรมพิพิธภัณฑ์,0,0,0,0,0,0,0,0,0,0
กิจกรรมการดำเนินงานเกี่ยวข้องกับโบราณสถานและอาคารทางประวัติศาสตร์,0,0,0,0,0,0,0,0,0,0
กิจกรรมสวนพฤกษชาติและสวนสัตว์,0,0,0,0,0,0,0,0,0,0
กิจกรรมการอนุรักษ์ธรรมชาติ,0,0,0,0,0,0,0,0,0,0
กิจกรรมการพนันและการเสี่ยงโชค,0,0,0,0,0,0,0,0,0,0
กิจกรรมการขายสลากกินแบ่ง,7,0,4,0,11,6.2,0,7.6,0,13.8
กิจกรรมการพนันและการเสี่ยงโชคอื่นๆซึ่งมิได้จัดประเภทไว้ ในที่อื่น,0,0,0,0,0,0,0,0,0,0
กิจกรรมด้านการกีฬา ความบันเทิงและนันทนาการ,0,0,0,0,0,0,0,0,0,0
กิจกรรมด้านการกีฬา,0,0,0,0,0,0,0,0,0,0
การดำเนินงานเกี่ยวกับสิ่งอำนวยความสะดวกทางการกีฬา,0,0,0,0,0,0,0,0,0,0
การดำเนินงานเกี่ยวกับสิ่งอำนวยความสะดวกสำหรับการแข่งขัน กีฬา,0,1,0,0,1,0,5,0,0,5
การดำเนินงานของสถานที่ออกกำลังกาย,1,2,1,1,5,5,3,2,0.1,10.1
กิจกรรมด้านสโมสรกีฬา,0,0,0,1,1,0,0,0,1,1
กิจกรรมอื่นๆทางด้านการกีฬา,0,0,0,0,0,0,0,0,0,0
กิจกรรมการจัดการแข่งขันกีฬา,0,0,0,0,0,0,0,0,0,0
กิจกรรมของสมาคม/สมาพันธ์กีฬา,0,0,0,0,0,0,0,0,0,0
กิจกรรมอื่นๆทางด้านการกีฬาซึ่งมิได้จัดประเภทไว้ในที่อื่น,1,1,0,0,2,1,3,0,0,4
กิจกรรมทางด้านความบันเทิงและนันทนาการอื่น ๆ,0,0,0,0,0,0,0,0,0,0
กิจกรรมด้านสวนสนุกและธีมปาร์ค,0,1,0,0,1,0,4.6,0,0,4.6
กิจกรรมด้านความบันเทิงและนันทนาการอื่น ๆ ซึ่งมิได้จัดประเภท ไว้ในที่อื่น,0,0,0,0,0,0,0,0,0,0
กิจกรรมสวนพักผ่อนหย่อนใจและชายหาด,0,0,0,0,0,0,0,0,0,0
กิจกรรมการแสดงโชว์เพื่อความบันเทิงและการนันทนาการ,1,1,0,0,2,1,1,0,0,2
กิจกรรมการดำเนินงานร้านเกมและตู้เกมหยอดเหรียญ,1,0,3,1,5,1,0,2.1,2,5.1
กิจกรรมด้านความบันเทิงและการนันทนาการอื่นๆซึ่งมิได้ จัดประเภทไว้ในที่อื่น,1,0,0,0,1,4,0,0,0,4
กิจกรรมขององค์กรสมาชิกธุรกิจและองค์กรสมาชิกนายจ้าง,0,0,0,0,0,0,0,0,0,0
กิจกรรมขององค์กรสมาชิกผู้ประกอบวิชาชีพ,0,0,0,0,0,0,0,0,0,0
กิจกรรมของสหภาพแรงงาน,0,0,0,0,0,0,0,0,0,0
กิจกรรมขององค์กรทางศาสนา,0,0,0,0,0,0,0,0,0,0
กิจกรรมขององค์กรสิทธิมนุษยชน,0,0,0,0,0,0,0,0,0,0
กิจกรรมของสมาคมเยาวชน,0,0,0,0,0,0,0,0,0,0
กิจกรรมขององค์กรด้านสิ่งแวดล้อมและนิเวศวิทยา,0,0,0,0,0,0,0,0,0,0
กิจกรรมของสมาคมด้านวัฒนธรรมและนันทนาการ,0,0,0,0,0,0,0,0,0,0
กิจกรรมการเป็นสมาชิกองค์กรอื่นๆซึ่งมิได้จัดประเภทไว้ในที่อื่น,0,0,0,0,0,0,0,0,0,0
การซ่อมคอมพิวเตอร์และอุปกรณ์สื่อสาร,0,0,0,0,0,0,0,0,0,0
การซ่อมคอมพิวเตอร์และอุปกรณ์ต่อพ่วง,4,1,0,0,5,3.3,1,0,0,4.3
การซ่อมอุปกรณ์สื่อสาร,0,0,0,0,0,0,0,0,0,0
การซ่อมเครื่องอิเล็กทรอนิกส์สำหรับผู้บริโภค,0,0,0,1,1,0,0,0,1.7,1.7
การซ่อมเครื่องใช้ในครัวเรือนและอุปกรณ์สำหรับบ้านและสวน,0,0,1,1,2,0,0,2,0.5,2.5
การซ่อมรองเท้าและเครื่องหนัง,0,0,0,0,0,0,0,0,0,0
การซ่อมเฟอร์นิเจอร์และของตกแต่งบ้าน,0,0,0,0,0,0,0,0,0,0
การซ่อมของใช้ส่วนบุคคลและของใช้ในครัวเรือนอื่นๆ,0,0,0,0,0,0,0,0,0,0
การซ่อมนาฬิกา,0,0,0,0,0,0,0,0,0,0
การซ่อมเครื่องแต่งกาย,0,0,0,0,0,0,0,0,0,0
การซ่อมจักรยานสองล้อ,0,0,0,0,0,0,0,0,0,0
การซ่อมเครื่องดนตรี,0,0,0,0,0,0,0,0,0,0
การซ่อมเครื่องกีฬา,0,0,0,0,0,0,0,0,0,0
การซ่อมของใช้ส่วนบุคคลและของใช้ในครัวเรือนอื่นๆซึ่งมิได้ จัดประเภทไว้ในที่อื่น,0,0,0,0,0,0,0,0,0,0
การให้บริการด้านสุขภาพยกเว้นกิจกรรมทางด้านกีฬา,0,0,0,0,0,0,0,0,0,0
กิจกรรมสปา,1,2,4,5,12,5,0.6,1.9,4.5,12
กิจกรรมการบริการลดน้ำหนัก,0,0,0,0,0,0,0,0,0,0
กิจกรรมการแต่งผม,1,0,0,0,1,1,0,0,0,1
กิจกรรมการดูแลความงามแต่งเล็บมือและเล็บเท้า,0,7,1,2,10,0,19.8,0.5,3,23.3
กิจกรรมการให้บริการด้านสุขภาพอื่นๆซึ่งมิได้จัดประเภทไว้ ในที่อื่น,0,0,1,0,1,0,0,1,0,1
การให้บริการซักรีด,0,0,0,0,0,0,0,0,0,0
การบริการซักรีด (ยกเว้นโดยเครื่องซักผ้าชนิดหยอดเหรียญ),1,2,1,2,6,1,1.5,0.3,3.1,5.9
การซักผ้าโดยเครื่องซักผ้าชนิดหยอดเหรียญ,2,1,0,1,4,1.3,1,0,0.5,2.8
การบริการฟอกและย้อมสี,0,0,0,0,0,0,0,0,0,0
กิจกรรมการให้บริการอื่นๆส่วนบุคคล,0,0,0,0,0,0,0,0,0,0
กิจกรรมเกี่ยวกับงานศพและกิจกรรมที่เกี่ยวข้อง,0,0,0,0,0,0,0,0,0,0
กิจกรรมการดูแลสัตว์เลี้ยง,0,0,2,0,2,0,0,3,0,3
กิจกรรมการบริการด้วยเครื่องหยอดเหรียญ,0,0,0,2,2,0,0,0,0.6,0.6
กิจกรรมโหราศาสตร์และไสยศาสตร์,1,0,0,0,1,0.1,0,0,0,0.1
กิจกรรมการบริการอาบอบนวดและการบริการอื่นๆที่คล้ายกัน,1,0,0,0,1,2,0,0,0,2
กิจกรรมการบริการอื่น ๆ ส่วนบุคคลซึ่งมิได้จัดประเภทไว้ในที่อื่น,7,5,6,4,22,6.05,3.25,15.1,4.7,29.1
กิจกรรมการจ้างงานในครัวเรือนในฐานะที่เป็นนายจ้างส่วนบุคคล,0,0,0,0,0,0,0,0,0,0
กิจกรรมการผลิตสินค้าเพื่อใช้ในครัวเรือนซึ่งไม่สามารถจำแนก กิจกรรมได้อย่างชัดเจน,0,0,0,0,0,0,0,0,0,0
กิจกรรมการบริการในครัวเรือนซึ่งไม่สามารถจำแนกกิจกรรม ได้อย่างชัดเจน,0,0,0,0,0,0,0,0,0,0
กิจกรรมขององค์การระหว่างประเทศและภาคีสมาชิกอื่น ๆ ซึ่งมิได้จัดประเภทไว้ในที่อื่น,0,0,0,0,0,0,0,0,0,0
