type,jan_regis,feb_regis,mar_regis,apr_regis,total_regis,jan_m,feb_m,mar_m,apr_m,total_m
การปลูกพืชล้มลุก,0,0,0,0,0,0,0,0,0,0
การปลูกธัญพืช (ยกเว้นข้าว) พืชตระกูลถั่วและพืชน้ำมัน,0,0,0,0,0,0,0,0,0,0
การปลูกข้าวโพดที่ใช้เมล็ดแก่,0,0,0,1,1,0,0,0,1,1
การปลูกธัญพืช (ยกเว้นข้าวและข้าวโพด),0,0,1,1,2,0,0,1,1,2
การปลูกพืชตระกูลถั่ว,0,0,0,0,0,0,0,0,0,0
การปลูกถั่วเหลือง,0,0,0,0,0,0,0,0,0,0
การปลูกพืชน้ำมัน (ยกเว้นถั่วเหลือง),0,0,1,1,2,0,0,1,5,6
การปลูกข้าวจ้าว,1,1,3,1,6,0.3,1,2.2,5,8.5
การปลูกข้าวเหนียว,0,0,0,0,0,0,0,0,0,0
การปลูกพืชผักกินใบและพืชผักกินต้น รวมถึงการเพาะเมล็ดพันธุ์ผัก,0,1,1,0,2,0,1,1,0,2
การปลูกพืชผักกินผลรวมถึงแตงชนิดต่าง ๆ รวมถึงการเพาะเมล็ดพันธุ์ผัก,0,0,0,0,0,0,0,0,0,0
การปลูกพืชผักกินหัว,0,0,0,0,0,0,0,0,0,0
การปลูกพืชจำพวกรากและหัว (ยกเว้นมันสำปะหลัง),0,0,0,0,0,0,0,0,0,0
การปลูกมันสำปะหลัง,0,1,0,1,2,0,1,0,1,2
การเพาะเห็ด,1,0,1,2,4,5,0,0.1,1.5,6.6
การปลูกพืชผักอื่นๆ ซึ่งมิได้จัดประเภทไว้ในที่อื่น,9,7,8,6,30,8.6,10.1,11.2,7.09,36.99
การปลูกอ้อย,0,0,1,0,1,0,0,0.01,0,0.01
การปลูกยาสูบ,0,1,1,0,2,0,0.5,1,0,1.5
การปลูกฝ้าย,0,0,0,0,0,0,0,0,0,0
การปลูกพืชเส้นใยอื่นๆ ซึ่งมิได้จัดประเภทไว้ในที่อื่น,0,0,0,0,0,0,0,0,0,0
การปลูกข้าวโพดเลี้ยงสัตว์,0,0,0,0,0,0,0,0,0,0
การปลูกพืชล้มลุกที่ใช้เป็นอาหารสัตว์ (ยกเว้นข้าวโพด เลี้ยงสัตว์),0,0,0,0,0,0,0,0,0,0
การปลูกกล้วยไม้,0,0,1,0,1,0,0,0.5,0,0.5
การปลูกไม้ดอกอื่นๆ (ยกเว้นกล้วยไม้),0,0,0,0,0,0,0,0,0,0
การปลูกพืชล้มลุกชนิดอื่นๆ ซึ่งมิได้จัดประเภทไว้ในที่อื่น,2,0,0,0,2,3,0,0,0,3
การทำสวนองุ่น,0,0,0,0,0,0,0,0,0,0
การปลูกสับปะรด,0,0,0,0,0,0,0,0,0,0
การปลูกทุเรียน,1,2,3,3,9,5,1.1,2.2,3,11.3
การปลูกลำไย,0,0,0,0,0,0,0,0,0,0
การปลูกมะม่วง,0,0,0,0,0,0,0,0,0,0
การปลูกกล้วย,0,0,0,0,0,0,0,0,0,0
การปลูกมังคุด,0,0,0,0,0,0,0,0,0,0
การปลูกเงาะ,0,0,0,0,0,0,0,0,0,0
การปลูกไม้ผลเมืองร้อนและกึ่งร้อนอื่นๆซึ่งมิได้จัดประเภท ไว้ในที่อื่น,0,0,0,1,1,0,0,0,0.1,0.1
การปลูกส้ม,0,0,0,0,0,0,0,0,0,0
การปลูกไม้ผลตระกูลส้มอื่นๆซึ่งมิได้จัดประเภทไว้ในที่อื่น,0,0,0,0,0,0,0,0,0,0
การปลูกไม้ผลเมืองหนาวอื่นๆ ซึ่งมิได้จัดประเภทไว้ในที่อื่น,0,0,0,0,0,0,0,0,0,0
การปลูกไม้ผลเปลือกแข็งที่กินได้,0,0,0,0,0,0,0,0,0,0
การปลูกไม้ผลที่มีต้นเป็นพุ่ม,0,0,0,0,0,0,0,0,0,0
การปลูกไม้ผลยืนต้นอื่นๆซึ่งมิได้จัดประเภทไว้ในทื่อื่น,0,0,0,0,0,0,0,0,0,0
การปลูกปาล์มน้ำมัน,0,1,0,1,2,0,0.5,0,0.5,1
การปลูกมะพร้าว,0,0,0,2,2,0,0,0,2,2
การปลูกไม้ยืนต้นอื่นๆที่ให้น้ำมันซึ่งมิได้จัดประเภทไว้ในที่อื่น,0,0,0,0,0,0,0,0,0,0
การทำไร่ชา,0,0,0,0,0,0,0,0,0,0
การทำไร่กาแฟ,1,0,0,0,1,3,0,0,0,3
การปลูกพืชอื่นๆที่นำไปทำเครื่องดื่มซึ่งมิได้จัดประเภทไว้ในที่อื่น,0,0,0,0,0,0,0,0,0,0
การปลูกพืชประเภทเครื่องเทศเครื่องหอมยารักษาโรคและพืชทางเภสัชภัณฑ์,0,0,0,0,0,0,0,0,0,0
การปลูกพริก,0,0,0,0,0,0,0,0,0,0
การปลูกพริกไทย,0,0,0,0,0,0,0,0,0,0
การปลูกพืชอื่นๆประเภทเครื่องเทศเครื่องหอมยารักษาโรค และพืชทางเภสัชภัณฑ์ซึ่งมิได้จัดประเภทไว้ในที่อื่น,14,6,10,6,36,13.8,8.1,17.95,5.15,45
การปลูกต้นยางพารา,0,0,0,0,0,0,0,0,0,0
การปลูกพืชที่ใช้ในการถักสาน,0,0,0,0,0,0,0,0,0,0
การปลูกพืชยืนต้นประเภทอื่นๆซึ่งมิได้จัดประเภทไว้ในที่อื่น,0,0,0,1,1,0,0,0,0.1,0.1
การทำสวนไม้ประดับ,4,3,6,4,17,3.2,3.2,5.5,4,15.9
การปลูกพืชการเพาะพันธุ์และการขยายพันธุ์พืชอื่นๆ,2,0,1,0,3,2.4,0,1,0,3.4
การเลี้ยงโคและกระบือ,0,0,0,0,0,0,0,0,0,0
การเลี้ยงโคนมและโคเนื้อ,1,0,0,3,4,1,0,0,4.5,5.5
การเลี้ยงกระบือนมและกระบือเนื้อ,0,0,0,0,0,0,0,0,0,0
การเลี้ยงโคและกระบือเพื่อวัตถุประสงค์อื่นๆซึ่งมิได้จัดประเภท ไว้ในที่อื่น,0,0,0,0,0,0,0,0,0,0
การเลี้ยงม้าลาล่อม้าล่อและสัตว์อื่นๆที่คล้ายม้า,0,0,0,0,0,0,0,0,0,0
การเลี้ยงอูฐที่มีโหนกเดียวและอูฐที่มีสองโหนก,0,0,0,0,0,0,0,0,0,0
การเลี้ยงแกะ,0,0,0,0,0,0,0,0,0,0
การเลี้ยงแพะ,0,0,0,0,0,0,0,0,0,0
การเลี้ยงสุกร,14,13,14,7,48,45.3,34.6,33,6.7,119.6
การเลี้ยงสัตว์ปีก,0,0,0,0,0,0,0,0,0,0
การเลี้ยงไก่ไข่,3,1,0,1,5,3.5,1,0,1,5.5
การเลี้ยงไก่เนื้อ,10,2,7,4,23,16.5,4,19,11.2,50.7
การเลี้ยงเป็ด,0,0,0,1,1,0,0,0,1,1
การเลี้ยงสัตว์ปีกอื่นๆ ซึ่งมิได้จัดประเภทไว้ในที่อื่น,3,0,4,3,10,3,0,4,3,10
การเลี้ยงสัตว์ประเภทอื่นๆ,0,0,0,0,0,0,0,0,0,0
การเลี้ยงนกกระจอกเทศและนกอีมู,0,0,0,0,0,0,0,0,0,0
การเลี้ยงไหมผีเสื้อและแมลง,1,0,0,0,1,2,0,0,0,2
การเลี้ยงผึ้ง,0,1,0,1,2,0,1,0,1,2
การเลี้ยงนกนางแอ่น,0,0,0,1,1,0,0,0,1,1
การทำฟาร์มงู,0,0,0,0,0,0,0,0,0,0
การทำฟาร์มสัตว์เลี้ยง (ยกเว้นสัตว์น้ำ),1,0,1,0,2,5,0,1,0,6
การเลี้ยงสัตว์ประเภทอื่นๆ ซึ่งมิได้จัดประเภทไว้ในที่อื่น,5,9,7,2,23,6.65,15.1,14,6,41.75
การทำฟาร์มผสมผสาน,2,3,4,0,9,6,3.6,4,0,13.6
กิจกรรมสนับสนุนการเกษตรและกิจกรรมหลังการเก็บเกี่ยว,0,0,0,0,0,0,0,0,0,0
การควบคุมแมลงและสัตว์ศัตรูพืช,0,3,0,0,3,0,6.05,0,0,6.05
การดำเนินการเกี่ยวกับอุปกรณ์การให้น้ำและเครื่องมือชลประทาน ทางการเกษตร,0,1,0,2,3,0,1,0,2.5,3.5
กิจกรรมสนับสนุนการผลิตพืชผลซึ่งมิได้จัดประเภทไว้ในที่อื่น,0,0,2,2,4,0,0,1.1,1.5,2.6
กิจกรรมสนับสนุนการแพร่พันธุ์สัตว์,0,0,0,0,0,0,0,0,0,0
กิจกรรมสนับสนุนการเลี้ยงสัตว์อื่นๆซึ่งมิได้จัดประเภทไว้ในที่อื่น,2,1,2,1,6,2,1,1.15,1,5.15
กิจกรรมหลังการเก็บเกี่ยวพืชผล,1,0,0,0,1,0.5,0,0,0,0.5
กระบวนการจัดการเมล็ดพันธุ์เพื่อการขยายพันธุ์,0,1,0,1,2,0,1,0,2.6,3.6
การล่าสัตว์การดักสัตว์และกิจกรรมบริการอื่นๆที่เกี่ยวข้อง,0,0,0,0,0,0,0,0,0,0
วนวัฒนวิทยาและกิจกรรมอื่นๆที่เกี่ยวกับป่าไม้,0,1,1,0,2,0,1,1,0,2
การทำไม้,0,2,3,0,5,0,4,4,0,8
การเก็บหาของป่า,0,0,0,0,0,0,0,0,0,0
บริการสนับสนุนการป่าไม้,0,0,3,0,3,0,0,7.5,0,7.5
การประมงทะเล,0,0,0,0,0,0,0,0,0,0
การจับปลาทะเล,0,0,0,0,0,0,0,0,0,0
การจับกุ้งทะเล,0,0,0,0,0,0,0,0,0,0
การจับปูทะเล,0,0,0,0,0,0,0,0,0,0
การจับหมึก,0,0,1,0,,,,0.5,0,0.5
การจับหอยทะเล,0,0,0,0,0,0,0,0,0,0
การประมงทะเลอื่นๆ ซึ่งมิได้จัดประเภทไว้ในที่อื่น,0,0,0,1,1,0,0,0,5,5
การจับปลาน้ำจืด,0,0,0,1,1,0,0,0,1,1
การจับกุ้งน้ำจืด,0,0,0,0,0,0,0,0,0,0
การประมงน้ำจืดอื่นๆ ซึ่งมิได้จัดประเภทไว้ในที่อื่น,0,0,0,0,0,0,0,0,0,0
การเพาะเลี้ยงสัตว์น้ำทะเล,0,0,0,0,0,0,0,0,0,0
การเพาะเลี้ยงปลาทะเล,0,0,0,1,1,0,0,0,2,2
การเพาะเลี้ยงกุ้งทะเล,2,1,0,1,4,6,1,0,2,9
การเพาะเลี้ยงหอยทะเล,0,0,0,0,0,0,0,0,0,0
การเพาะเลี้ยงสัตว์ทะเลสวยงาม,0,0,1,0,1,0,0,1,0,1
การเพาะเลี้ยงสัตว์น้ำทะเลอื่นๆซึ่งมิได้จัดประเภทไว้ในที่อื่น,1,0,0,0,1,5,0,0,0,5
การเพาะเลี้ยงปลาน้ำจืด,3,1,0,3,7,4.2,3,0,11,18.2
การเพาะเลี้ยงกุ้งน้ำจืด,0,0,0,0,0,0,0,0,0,0
การเพาะเลี้ยงกบ,0,0,0,0,0,0,0,0,0,0
การเพาะเลี้ยงจระเข้,0,0,0,0,0,0,0,0,0,0
การเพาะเลี้ยงสัตว์น้ำจืดสวยงาม,0,1,0,4,5,0,1,0,4,5
การเพาะเลี้ยงสัตว์น้ำจืดอื่นๆ ซึ่งมิได้จัดประเภทไว้ในที่อื่น,0,1,0,0,1,0,2,0,0,2
การทำเหมืองถ่านหินคุณภาพสูง,0,1,0,0,1,0,1,0,0,1
การทำเหมืองลิกไนต์,0,0,0,0,0,0,0,0,0,0
การผลิตน้ำมันดิบและก๊าซธรรมชาติ,0,0,0,0,0,0,0,0,0,0
การผลิตน้ำมันดิบ,0,0,2,0,2,0,0,2,0,2
การผลิตก๊าซธรรมชาติ,0,0,0,0,0,0,0,0,0,0
การทำเหมืองสินแร่เหล็ก,0,0,0,0,0,0,0,0,0,0
การทำเหมืองสินแร่ยูเรเนียมและทอเรียม,0,0,0,0,0,0,0,0,0,0
การทำเหมืองสินแร่ดีบุก,0,0,1,0,1,0,0,1,0,1
การทำเหมืองสินแร่สังกะสี,0,0,0,0,0,0,0,0,0,0
การทำเหมืองสินแร่โลหะนอกกลุ่มสินแร่เหล็กอื่น ๆ ซึ่งมิได้จัด ประเภทไว้ในที่อื่น,1,3,1,1,6,1,9.9,5,5,20.9
การทำเหมืองสินแร่โลหะมีค่า,0,0,0,0,0,0,0,0,0,0
การทำเหมืองแร่และเหมืองหินอื่นๆ,0,0,0,0,0,0,0,0,0,0
การทำเหมืองหินที่ใช้ในการก่อสร้าง,1,1,2,0,4,5,3,10,0,18
การทำเหมืองหินปูนยิปซัมชอล์กและโดโลไมต์,0,0,1,0,1,0,0,2,0,2
การขุดกรวดและทราย,5,4,5,1,15,17,8,7.5,1,33.5
การทำเหมืองดิน,0,0,0,0,0,0,0,0,0,0
การทำเหมืองแร่และเหมืองหินซึ่งมิได้จัดประเภทไว้ในที่อื่น,0,0,0,0,0,0,0,0,0,0
การทำเหมืองแร่ที่ใช้ทำเคมีภัณฑ์และปุ๋ย,0,0,1,0,1,0,0,1,0,1
การขุดพีต,0,0,0,0,0,0,0,0,0,0
การทำเหมืองเกลือสินเธาว์,0,0,0,0,0,0,0,0,0,0
การทำเหมืองเกลือสมุทร,0,0,0,0,0,0,0,0,0,0
การทำเหมืองแร่รัตนชาติและกึ่งรัตนชาติ,0,0,0,0,0,0,0,0,0,0
การทำเหมืองแร่ เหมืองแร่อโลหะและเหมืองหินอื่นๆ ซึ่งมิได้จัดประเภทไว้ในที่อื่น,7,4,1,4,16,11,4,4,8,27
กิจกรรมที่สนับสนุนการขุดเจาะน้ำมันดิบและก๊าซธรรมชาติ,0,0,2,1,3,0,0,5.5,5,10.5
กิจกรรมที่สนับสนุนการทำเหมืองแร่และเหมืองหินอื่นๆ,0,1,1,0,2,0,1,1,0,2
การฆ่าสัตว์และการบรรจุเนื้อสัตว์ (ยกเว้นสัตว์ปีก),0,0,0,0,0,0,0,0,0,0
การฆ่าสัตว์ (ยกเว้นสัตว์ปีก),0,1,2,0,3,0,1,1.15,0,2.15
การบรรจุเนื้อสัตว์สด (ยกเว้นสัตว์ปีก),1,3,0,1,5,1,1.4,0,1,3.4
การฆ่าและการบรรจุเนื้อสัตว์ปีกสด,1,2,0,1,4,1,0.4,0,4,5.4
การแปรรูปและการถนอมผลิตภัณฑ์เนื้อสัตว์และเนื้อสัตว์ปีก,0,0,0,0,0,0,0,0,0,0
การผลิตเนื้อสัตว์และเนื้อสัตว์ปีกด้วยการอบแห้ง การทำเค็มหรือ การรมควัน,0,1,1,2,4,0,1,1,1.05,3.05
การผลิตไส้กรอกลูกชิ้นและผลิตภัณฑ์อื่นที่คล้ายกันที่ทำจาก เนื้อสัตว์และเนื้อสัตว์ปีก,3,4,1,1,9,2.5,3.1,2,0.2,7.8
การผลิตเนื้อสัตว์และเนื้อสัตว์ปีกบรรจุกระป๋อง,0,0,0,0,0,0,0,0,0,0
การผลิตผลิตภัณฑ์พลอยได้จากสัตว์และสัตว์ปีก,0,0,0,0,0,0,0,0,0,0
การผลิตผลิตภัณฑ์อื่น ๆ จากเนื้อสัตว์และเนื้อสัตว์ปีกซึ่งมิได้จัด ประเภทไว้ในที่อื่น,0,2,2,4,8,0,2,2,7.2,11.2
การแปรรูปและการถนอมปลา สัตว์น้ำจำพวกครัสตาเซียและ โมลลุสก์,0,0,0,0,0,0,0,0,0,0
การผลิตสัตว์น้ำและผลิตภัณฑ์สัตว์น้ำสดแช่เย็นหรือแช่แข็ง,0,0,0,0,0,0,0,0,0,0
การผลิตปลาและผลิตภัณฑ์จากปลาสดแช่เย็น หรือแช่แข็ง,0,1,3,2,6,0,1,8,2.1,11.1
การผลิตสัตว์น้ำและผลิตภัณฑ์สัตว์น้ำสด (ยกเว้นปลา) แช่เย็นหรือแช่แข็ง,0,0,1,0,1,0,0,0.05,0,0.05
การผลิตปลาบรรจุกระป๋อง,0,0,0,0,0,0,0,0,0,0
การผลิตสัตว์น้ำ (ยกเว้นปลา) บรรจุกระป๋อง,0,0,0,0,0,0,0,0,0,0
การแปรรูปและการถนอมสัตว์น้ำอื่นๆ,0,0,0,0,0,0,0,0,0,0
การผลิตผลิตภัณฑ์สัตว์น้ำด้วยการอบแห้ง การรมควัน การทำเค็ม การหมักในน้ำเกลือ หรือน้ำส้มสายชู,0,0,0,0,0,0,0,0,0,0
การผลิตไส้กรอกลูกชิ้นและผลิตภัณฑ์อื่นที่คล้ายกันที่ทำจาก สัตว์น้ำ,1,0,1,0,2,1,0,1,0,2
การผลิตน้ำปลาและผลิตภัณฑ์สัตว์น้ำที่ได้จากการหมัก,2,0,1,1,4,2,0,3,1,6
การผลิตปลาป่นสำหรับใช้เป็นอาหารสัตว์,1,0,0,0,1,3,0,0,0,3
การแปรรูปสาหร่าย,1,0,1,1,3,2,0,1,1,4
การผลิตผลิตภัณฑ์อื่น ๆ จากสัตว์น้ำซึ่งมิได้จัดประเภทไว้ในที่อื่น,0,0,1,0,1,0,0,1,0,1
การแปรรูปและการถนอมผลไม้และผัก,0,0,0,0,0,0,0,0,0,0
การผลิตผลไม้และผักแช่แข็ง,1,0,1,5,7,1,0,5,6,12
การผลิตผลไม้และผักบรรจุกระป๋อง,1,0,0,1,2,0.5,0,0,1,1.5
การผลิตน้ำผลไม้และน้ำผัก,2,4,5,1,12,6,4,12,1,23
การถนอมผลไม้หรือผักโดยการทำเค็มการอบแห้งการแช่ ในน้ำมันหรือในน้ำส้มสายชู,0,2,3,0,5,0,5.5,2.5,0,8
การผลิตแยมแยมผิวส้มและเยลลี,0,0,0,0,0,0,0,0,0,0
การแปรรูปและการถนอมมันฝรั่ง,0,0,0,0,0,0,0,0,0,0
การผลิตผลิตภัณฑ์จากถั่วเปลือกแข็ง,0,0,0,0,0,0,0,0,0,0
การแปรรูปและการถนอมผลไม้และผักด้วยวิธีอื่นๆซึ่งมิได้ จัดประเภทไว้ในที่อื่น,9,6,6,8,29,16.6,9,27,7.201,59.801
การผลิตน้ำมันและไขมันจากพืชและสัตว์,0,0,0,0,0,0,0,0,0,0
การผลิตน้ำมันถั่วเหลือง,0,0,0,0,0,0,0,0,0,0
การผลิตน้ำมันรำข้าว,0,0,0,0,0,0,0,0,0,0
การผลิตน้ำมันข้าวโพด,0,0,0,0,0,0,0,0,0,0
การผลิตน้ำมันมะพร้าว,0,1,2,0,3,0,2,3,0,5
การผลิตน้ำมันพืชชนิดอื่น ๆ ซึ่งมิได้จัดประเภทไว้ในที่อื่น,2,2,0,2,6,2,1.1,0,1.889988,4.989988
การผลิตน้ำมันปาล์ม,1,1,1,0,3,1,1,1,0,3
การผลิตน้ำมันและไขมันจากสัตว์,0,0,0,0,0,0,0,0,0,0
การผลิตผลิตภัณฑ์อื่น ๆ ที่ได้จากน้ำมันพืชซึ่งมิได้จัด ประเภทไว้ในที่อื่น,0,1,0,0,1,0,5,0,0,5
การผลิตน้ำนมสด (ยกเว้นน้ำนมดิบ),0,0,0,0,0,0,0,0,0,0
การผลิตผลิตภัณฑ์นมข้นหรือนมผง,0,0,0,0,0,0,0,0,0,0
การผลิตไอศกรีมและไอศกรีมหวานเย็น,2,1,1,1,5,6,1,3,1,11
การผลิตโยเกิร์ตและนมเปรี้ยว,0,1,0,0,1,0,0.1,0,0,0.1
การผลิตเนย,0,0,0,0,0,0,0,0,0,0
การผลิตผลิตภัณฑ์นมอื่น ๆ ซึ่งมิได้จัดประเภทไว้ในที่อื่น,0,0,0,0,0,0,0,0,0,0
การสีข้าว,1,1,3,1,6,5,1,57,1,64
การผลิตแป้งจากข้าว,0,0,0,0,0,0,0,0,0,0
การผลิตแป้งสาลี,0,0,0,0,0,0,0,0,0,0
การผลิตแป้งข้าวโพด,0,0,0,0,0,0,0,0,0,0
การผลิตแป้งจากเมล็ดธัญพืชอื่น ๆ ซึ่งมิได้จัดประเภทไว้ในที่อื่น,0,0,0,0,0,0,0,0,0,0
การผลิตแป้งผสมหรือแป้งสำเร็จรูปสำหรับใช้ทำขนมปังและ ประกอบอาหารอื่น ๆ,1,0,2,2,5,0.3,0,4.5,2,6.8
การผลิตน้ำธัญพืช,0,0,0,0,0,0,0,0,0,0
การผลิตผลิตภัณฑ์อื่น ๆ จากเมล็ดธัญพืชซึ่งมิได้จัด ประเภทไว้ในที่อื่น,2,4,1,2,9,1.3,7.45,3,2,13.75
การผลิตมันเส้นและมันอัดเม็ด,0,0,0,0,0,0,0,0,0,0
การผลิตสตาร์ชมันสำปะหลัง,0,0,0,0,0,0,0,0,0,0
การผลิตสตาร์ชจากข้าวโพดธัญพืชและพืชผักอื่น ๆ (ยกเว้นมันสำปะหลัง),0,0,0,1,1,0,0,0,5,5
การผลิตผลิตภัณฑ์จากสตาร์ชอื่น ๆ ซึ่งมิได้จัดประเภทไว้ในที่อื่น,0,0,0,0,0,0,0,0,0,0
การผลิตผลิตภัณฑ์อาหารอื่นๆ,0,0,0,0,0,0,0,0,0,0
การผลิตผลิตภัณฑ์ขนมอบ,0,0,0,0,0,0,0,0,0,0
การผลิตขนมปังเค้กและเพสตรี,13,8,8,7,36,16.12,6.2,6.2,10.3,38.82
การผลิตขนมปังกรอบและผลิตภัณฑ์ขนมอบกรอบอื่น ๆ,3,2,1,1,7,6,3,2,0.5,11.5
การผลิตขนมไทยประเภทอบ,0,1,0,0,1,0,1,0,0,1
การผลิตน้ำตาล,0,0,0,0,0,0,0,0,0,0
การผลิตน้ำตาลดิบจากอ้อย,0,0,0,0,0,0,0,0,0,0
การผลิตน้ำตาลบริสุทธิ์,0,3,0,0,3,0,7,0,0,7
การผลิตน้ำตาลจากพืช (ยกเว้นอ้อย),0,0,0,0,0,0,0,0,0,0
การผลิตโกโก้และผลิตภัณฑ์จากโกโก้,0,1,0,0,1,0,0.27,0,0,0.27
การผลิตผลิตภัณฑ์ช็อกโกแลตและขนมหวานจากช็อกโกแลต,1,0,0,0,1,1,0,0,0,1
การผลิตหมากฝรั่ง,0,0,0,0,0,0,0,0,0,0
การถนอมผลไม้ถั่วเปลือกแข็งเปลือกผลไม้และส่วนอื่นๆของพืชโดยใช้น้ำตาล,0,0,0,0,0,0,0,0,0,0
การผลิตลูกกวาดและขนมอื่น ๆ ที่ทำจากน้ำตาลซึ่งมิได้จัดประเภทไว้ในที่อื่น,0,0,0,0,0,0,0,0,0,0
การผลิตพาสต้า,0,0,0,0,0,0,0,0,0,0
การผลิตเส้นก๋วยเตี๋ยว บะหมี่ วุ้นเส้น,2,3,2,2,9,5,6.5,2,2,15.5
การผลิตผลิตภัณฑ์อาหารจำพวกแป้งชนิดสำเร็จรูปและ กึ่งสำเร็จรูป,0,0,0,0,0,0,0,0,0,0
การผลิตผลิตภัณฑ์อาหารจำพวกแป้งอื่น ๆ ที่คล้ายกันซึ่งมิได้ จัดประเภทไว้ในที่อื่น,3,1,2,1,7,116.5,1,6,3,126.5
การผลิตอาหารปรุงสำเร็จ,0,0,0,0,0,0,0,0,0,0
การผลิตอาหารปรุงสำเร็จแช่แข็ง,11,9,15,7,42,31.4,37,20,7.6,96
การผลิตอาหารปรุงสำเร็จบรรจุในภาชนะปิดสนิทโดยวิธีสุญญากาศ,4,6,2,2,14,4.5,5.2,2,1.1,12.8
การผลิตกาแฟ ชาและสมุนไพรผงสำหรับชงเป็นเครื่องดื่ม,0,0,0,0,0,0,0,0,0,0
การผลิตกาแฟ,3,5,6,4,18,1.8,6.7,7.5,8,24
การผลิตชา,0,0,1,0,1,0,0,5,0,5
การผลิตสมุนไพรผงสำหรับชงเป็นเครื่องดื่ม,0,2,4,1,7,0,2,2.1555,0.1,4.2555
การผลิตเครื่องเทศและเครื่องแกงสำเร็จรูป,0,1,3,0,4,0,1,2.2,0,3.2
การผลิตซอสและเครื่องปรุงอาหารประจำโต๊ะ,6,1,4,2,13,5.5,1,3.2,2,11.7
การผลิตซีอิ๊ว,0,0,0,0,0,0,0,0,0,0
การผลิตผงชูรส,0,0,1,0,1,0,0,1,0,1
การผลิตเกลือบริโภค,0,0,0,0,0,0,0,0,0,0
การผลิตเครื่องปรุงอาหารประจำโต๊ะและเครื่องประกอบอาหาร อื่น ๆ ซึ่งมิได้จัดประเภทไว้ในที่อื่น,0,0,2,0,2,0,0,2,0,2
การผลิตผลิตภัณฑ์อาหารอื่น ๆ ซึ่งมิได้จัดประเภทไว้ในที่อื่น,0,0,0,0,0,0,0,0,0,0
การผลิตขนมขบเคี้ยว/ขนมกรุบกรอบ,3,0,1,3,7,6,0,0.1,2,8.1
การผลิตขนมไทยและขนมพื้นเมือง (ยกเว้นขนมอบ),0,0,2,2,4,0,0,2,5.1,7.1
การผลิตซุปน้ำซุปและอาหารพิเศษ,1,0,0,0,1,1,0,0,0,1
การผลิตอาหารพร้อมปรุงและอาหารที่เน่าเสียง่าย,1,8,11,11,31,1,15.5,19.05,10.2,45.75
การผลิตน้ำแข็งเพื่อการบริโภค,8,5,5,5,23,11.5,12.06,14,8.5,46.06
การผลิตผลิตภัณฑ์จากไข่,0,0,1,0,1,0,0,1,0,1
การผลิตผลิตภัณฑ์อาหารอื่น ๆ ซึ่งมิได้จัดประเภทไว้ในที่อื่น,22,20,24,16,82,40.4,23.5,33.395,48.9,146.195
การผลิตอาหารสำเร็จรูปสำหรับเลี้ยงสัตว์,0,0,0,0,0,0,0,0,0,0
การผลิตอาหารสำเร็จรูปสำหรับสัตว์เลี้ยง,5,4,6,3,18,21.1,5.6,5.2,4,35.9
การผลิตอาหารสำเร็จรูปสำหรับเลี้ยงปศุสัตว์ในฟาร์ม,1,0,0,1,2,1,0,0,1,2
การผลิตสุรากลั่น,3,2,3,8,16,1.6,1.05,3,11.86,17.51
การผลิตสุราผสม,0,0,0,0,0,0,0,0,0,0
การผลิตสุราผลไม้ (ไวน์),0,0,0,0,0,0,0,0,0,0
การผลิตไวน์องุ่น,0,0,0,0,0,0,0,0,0,0
การผลิตไวน์ผลไม้ (ยกเว้นองุ่น),0,0,0,0,0,0,0,0,0,0
การผลิตสุราผลไม้ (ไวน์) ซึ่งมิได้จัดประเภทไว้ที่อื่น,4,1,2,4,11,1.61,5,1.7,7.5,15.81
การผลิตมอลต์และสุราที่ทำจากข้าวมอลต์,1,6,2,0,9,1,10,2,0,13
การผลิตเครื่องดื่มที่ไม่มีแอลกอฮอล์การผลิตน้ำแร่และน้ำดื่ม บรรจุขวดประเภทอื่น ๆ,0,0,0,0,0,0,0,0,0,0
การผลิตน้ำดื่มบริสุทธิ์และน้ำแร่บรรจุขวด,14,14,8,16,52,17.7,25.6,11.8,22.32,77.42
การผลิตน้ำอัดลมและโซดา,1,0,0,0,1,5,0,0,0,5
การผลิตเครื่องดื่มกาแฟ ชาและชาชงสมุนไพรพร้อมดื่ม,3,16,14,11,44,6,16.5,13.7,14.6,50.8
การผลิตเครื่องดื่มให้พลังงานรวมถึงเครื่องดื่มเกลือแร่,1,0,2,2,5,1,0,3,2,6
การผลิตเครื่องดื่มที่ไม่มีแอลกอฮอล์อื่นๆซึ่งมิได้จัดประเภทไว้ในที่อื่น,4,7,12,11,34,2.1,9,23.1,17.6,51.8
การบ่มและการอบใบยาสูบ,0,0,0,0,0,0,0,0,0,0
การผลิตบุหรี่และซิการ์,0,0,0,0,0,0,0,0,0,0
การผลิตผลิตภัณฑ์จากยาสูบและผลิตภัณฑ์ที่ใช้แทนยาสูบอื่น ๆ ซึ่งมิได้จัดประเภทไว้ในที่อื่น (ยกเว้นบุหรี่และซิการ์),0,0,0,0,0,0,0,0,0,0
การเตรียมเส้นใย,0,0,0,0,0,0,0,0,0,0
การปั่นด้ายจากเส้นใยธรรมชาติ,0,1,0,0,1,0,1,0,0,1
การปั่นด้ายจากเส้นใยสังเคราะห์,0,0,0,0,0,0,0,0,0,0
การทอผ้าจากเส้นใยธรรมชาติ,1,0,3,0,4,1,0,10,0,11
การทอผ้าจากเส้นใยสังเคราะห์,1,0,1,0,2,170,0,1,0,171
การทอผ้าจากเส้นใยอื่น ๆ ซึ่งมิได้จัดประเภทไว้ในที่อื่น,0,0,0,0,0,0,0,0,0,0
การขจัดไขมันและสิ่งสกปรกการฟอกขาวและการย้อมสี,0,0,0,0,0,0,0,0,0,0
การพิมพ์ผ้า,5,2,1,0,8,4.01,1.5,2,0,7.51
การตกแต่งสำเร็จสิ่งทอด้วยวิธีอื่น ๆ ซึ่งมิได้จัดประเภทไว้ในที่อื่น,0,0,0,0,0,0,0,0,0,0
การผลิตผ้าถักและผ้าถักโครเชต์,0,0,1,0,1,0,0,0.3,0,0.3
การผลิตวัสดุสิ่งทอสำเร็จรูปยกเว้นเครื่องแต่งกาย,0,0,0,0,0,0,0,0,0,0
การผลิตเครื่องนอนผ้าที่ใช้บนโต๊ะอาหารห้องน้ำและห้องครัว,2,0,1,0,3,1.5,0,2,0,3.5
การผลิตผลิตภัณฑ์จากผ้าใบและผ้าอื่น ๆ ที่คล้ายกัน,0,0,1,0,1,0,0,0.5,0,0.5
การผลิตวัสดุสิ่งทอสำเร็จรูปอื่น ๆ ยกเว้นเครื่องแต่งกายซึ่งมิได้ จัดประเภทไว้ในที่อื่น,0,0,0,1,1,0,0,0,1,1
การผลิตพรมและพรมหนา,0,1,1,0,2,0,1,1,0,2
การผลิตเชือกเชือกเส้นใหญ่ตาข่ายแหและอวน,0,0,0,0,0,0,0,0,0,0
การผลิตผ้าที่ไม่ได้ทอ,0,0,0,0,0,0,0,0,0,0
การผลิตสิ่งทอชนิดใช้ในทางอุตสาหกรรม,0,0,1,0,1,0,0,5,0,5
การผลิตสิ่งทออื่น ๆ ซึ่งมิได้จัดประเภทไว้ในที่อื่น,0,1,2,0,3,0,1,3,0,4
การผลิตเสื้อผ้าเครื่องแต่งกาย,0,0,0,0,0,0,0,0,0,0
การผลิตเสื้อผ้าเครื่องแต่งกายยกเว้นการรับจ้างตัดเย็บเสื้อผ้า,0,0,0,0,0,0,0,0,0,0
การผลิตเสื้อผ้าเครื่องแต่งกายที่ใช้ในงานอุตสาหกรรมวิชาชีพนักเรียนและนักศึกษา,4,5,2,3,14,4,8.5,0.3,2.1,14.9
การผลิตเสื้อผ้าชั้นนอก,6,9,10,8,33,8.1,10.7,8.1,11.5,38.4
การผลิตชุดชั้นในและชุดนอน,0,0,0,0,0,0,0,0,0,0
การผลิตเสื้อผ้าสำหรับเด็กทารก,1,0,2,0,3,1,0,2,0,3
การผลิตชุดกีฬา,2,2,1,2,7,1.5,1.5,2,2,7
การผลิตเสื้อผ้าเครื่องแต่งกายจากหนัง,0,0,0,0,0,0,0,0,0,0
การตัดเย็บเสื้อผ้าตามคำสั่งของลูกค้า,10,14,19,11,54,16.34,14.1,25,16.1,71.54
การผลิตเครื่องปกคลุมหรือสวมศีรษะ,0,0,0,0,0,0,0,0,0,0
การผลิตเครื่องประกอบเครื่องแต่งกายอื่น ๆ ซึ่งมิได้จัดประเภทไว้ในที่อื่น,0,1,0,1,2,0,1,0,1,2
การผลิตสิ่งของต่าง ๆ ที่ทำจากขนสัตว์,0,0,0,0,0,0,0,0,0,0
การผลิตเสื้อผ้าเครื่องแต่งกายด้วยการถักและถักโครเชต์,0,1,0,0,1,0,1,0,0,1
การผลิตถุงเท้าถุงน่องชุดชั้นในด้วยการถักและถักโครเชต์,0,0,0,0,0,0,0,0,0,0
การฟอกและการตกแต่งเครื่องหนังการตกแต่งและการย้อมสี หนังขนสัตว์,1,0,0,0,1,1,0,0,0,1
การผลิตกระเป๋าเดินทางกระเป๋าถือและกระเป๋าอื่นๆที่ คล้ายกันอานและเครื่องลากเทียมสัตว์,0,0,0,0,0,0,0,0,0,0
การผลิตผลิตภัณฑ์ประเภทกระเป๋า,1,2,2,0,5,0.25,2,1.5,0,3.75
การผลิตอานเครื่องลากเทียมสัตว์และของเล่นสัตว์,0,0,0,0,0,0,0,0,0,0
การผลิตสิ่งของอื่นๆที่ทำจากหนังฟอกหรือหนังอัดซึ่งมิได้ จัดประเภทไว้ในที่อื่น,0,0,0,0,0,0,0,0,0,0
การผลิตรองเท้าหนัง,0,0,0,0,0,0,0,0,0,0
การผลิตรองเท้ายาง,1,0,0,0,1,0.5,0,0,0,0.5
การผลิตรองเท้าไม้,0,0,0,0,0,0,0,0,0,0
การผลิตรองเท้ากีฬา,0,0,0,0,0,0,0,0,0,0
การผลิตรองเท้าอื่น ๆ ซึ่งมิได้จัดประเภทไว้ในที่อื่น,0,0,1,0,1,0,0,0.5,0,0.5
การเลื่อยไม้และการไสไม้,0,0,0,0,0,0,0,0,0,0
การเลื่อยไม้,8,4,4,1,17,19,18,9,4,50
การอบและการอัดน้ำยาไม้,0,0,0,0,0,0,0,0,0,0
การผลิตแผ่นไม้บางและผลิตภัณฑ์ไม้,2,3,0,1,6,10,4,0,2,16
การผลิตโครงสร้างที่ใช้ในการก่อสร้างและเครื่องประกอบอาคาร,0,4,1,3,8,0,8,2,7,17
การผลิตภาชนะบรรจุที่ทำจากไม้,1,3,1,1,6,5,7,2,1,15
การผลิตเครื่องใช้ในบ้านที่ทำจากไม้และไม้ก๊อก,0,2,0,2,4,0,1.19,0,3,4.19
การผลิตผลิตภัณฑ์ที่ทำจากฟางและวัสดุถักสาน,0,0,1,0,1,0,0,3,0,3
การผลิตผลิตภัณฑ์จากไม้และไม้ก๊อกซึ่งมิได้จัดประเภทไว้ในที่อื่น,1,1,1,0,3,0.1,1,1,0,2.1
การผลิตเยื่อกระดาษ,0,0,0,0,0,0,0,0,0,0
การผลิตกระดาษและกระดาษแข็ง,0,1,0,0,1,0,4,0,0,4
การผลิตกระดาษลอนลูกฟูกและกระดาษแข็งลอนลูกฟูกและ การผลิตกล่องจากกระดาษและกระดาษแข็ง,6,6,11,5,28,14,6.7,49.5,13,83.2
การผลิตผลิตภัณฑ์ที่แปรรูปจากกระดาษเพื่อใช้ในครัวเรือนและ สุขอนามัย,1,3,5,3,12,5,2.3,15.7,4.3,27.3
การผลิตอุปกรณ์เครื่องเขียนจากกระดาษ,0,2,0,0,2,0,9,0,0,9
การผลิตผลิตภัณฑ์แปรรูปอื่น ๆ ที่ทำจากกระดาษและกระดาษแข็ง ซึ่งมิได้จัดประเภทไว้ในที่อื่น,1,2,1,1,5,1,7,0.01,1,9.01
การพิมพ์และการผลิตซ้ำสื่อบันทึก,0,0,0,0,0,0,0,0,0,0
การพิมพ์และการบริการที่เกี่ยวเนื่องกับการพิมพ์,0,0,0,0,0,0,0,0,0,0
การพิมพ์,0,0,0,0,0,0,0,0,0,0
การพิมพ์หนังสือพิมพ์และวารสารอื่น ๆ,0,1,3,0,4,0,0.3,1.30045,0,1.60045
การพิมพ์ฉลาก,2,3,2,2,9,1.25,6,2,6,15.25
การพิมพ์อื่น ๆ ซึ่งมิได้จัดประเภทไว้ในที่อื่น,13,9,16,8,46,18.5,8.2,16.2,16.65,59.55
การบริการก่อนการพิมพ์,0,1,0,0,1,0,1,0,0,1
การบริการอื่น ๆ ที่เกี่ยวเนื่องกับการพิมพ์,0,2,0,1,3,0,2,0,4,6
การผลิตซ้ำสื่อบันทึก,0,0,0,2,2,0,0,0,2,2
การผลิตผลิตภัณฑ์ถ่านโค้ก,0,0,1,0,1,0,0,1,0,1
การผลิตผลิตภัณฑ์ที่ได้จากการกลั่นปิโตรเลียม,0,0,0,0,0,0,0,0,0,0
การผลิตผลิตภัณฑ์ที่ได้จากโรงกลั่นปิโตรเลียม,0,1,0,1,2,0,1,0,5,6
การผลิตเชื้อเพลิงชีวภาพ,0,0,0,0,0,0,0,0,0,0
การผลิตผลิตภัณฑ์อื่น ๆ ที่ได้จากการกลั่นปิโตรเลียมซึ่งมิได้ จัดประเภทไว้ในที่อื่น,1,2,0,0,3,100,2,0,0,102
การผลิตเคมีภัณฑ์ขั้นมูลฐานปุ๋ยเคมีและสารประกอบไนโตรเจน พลาสติกและยางสังเคราะห์ขั้นต้น,0,0,0,0,0,0,0,0,0,0
การผลิตเคมีภัณฑ์ขั้นมูลฐาน,0,0,0,0,0,0,0,0,0,0
การผลิตก๊าซที่ใช้ในงานอุตสาหกรรม,0,0,1,0,1,0,0,1,0,1
การผลิตสีย้อมผ้าและสีผง,0,0,0,0,0,0,0,0,0,0
การผลิตเคมีภัณฑ์อนินทรีย์ขั้นมูลฐานอื่น ๆ,0,2,0,0,2,0,6,0,0,6
การผลิตแอลกอฮอล์และเอสเตอร์,0,0,0,0,0,0,0,0,0,0
การผลิตเคมีภัณฑ์อินทรีย์ขั้นมูลฐานอื่น ๆ,2,1,4,1,8,5,15,15,2,37
การผลิตปุ๋ยเคมีและปุ๋ยที่มีธาตุไนโตรเจนเป็นสารประกอบ,0,0,0,0,0,0,0,0,0,0
การผลิตปุ๋ยเคมี,2,2,1,3,8,2,2.1,0.5,10,14.6
การผลิตสารประกอบไนโตรเจน,0,0,0,0,0,0,0,0,0,0
การผลิตพลาสติกและยางสังเคราะห์ขั้นต้น,0,0,0,0,0,0,0,0,0,0
การผลิตเม็ดพลาสติกและพลาสติกขั้นต้น,3,3,6,1,13,7,3,23,0.5,33.5
การผลิตยางสังเคราะห์ขั้นต้น,1,0,0,0,1,12,0,0,0,12
การผลิตยาปราบศัตรูพืชและเคมีภัณฑ์อื่นๆเพื่อการเกษตร,1,0,0,0,1,1,0,0,0,1
การผลิตสีน้ำมันชักเงาและสารเคลือบประเภทเดียวกันและ น้ำมันทาไม้,0,1,5,2,8,0,1,15,6,22
การผลิตหมึกพิมพ์และผงหมึก,0,0,0,1,1,0,0,0,1,1
การผลิตสบู่และสารซักฟอกผลิตภัณฑ์ทำความสะอาดและ ขัดเงาน้ำหอมและผลิตภัณฑ์ในห้องน้ำ,0,0,0,0,0,0,0,0,0,0
การผลิตสบู่และสารซักฟอกผลิตภัณฑ์ที่ใช้ในการทำความสะอาด และขัดเงา,6,3,2,4,15,12.5,3.2,2,4.1,21.8
การผลิตเครื่องหอม เครื่องสำอาง และผลิตภัณฑ์ในห้องน้ำ,23,32,18,23,96,44.5,35.3,15.5,39.6,134.9
การผลิตผลิตภัณฑ์เคมีชนิดอื่นๆ ซึ่งมิได้จัดประเภทไว้ในที่อื่น,0,0,0,0,0,0,0,0,0,0
การผลิตผลิตภัณฑ์ที่เกี่ยวกับระเบิด,0,1,0,0,1,0,1,0,0,1
การผลิตกาวและเจลาติน,0,0,0,0,0,0,0,0,0,0
การผลิตน้ำมันหอมระเหย,0,2,1,2,5,0,4,0.1,1.05,5.15
การผลิตเคมีภัณฑ์ที่ใช้ในการถ่ายรูป,0,0,0,0,0,0,0,0,0,0
การผลิตผลิตภัณฑ์เคมีอื่น ๆ ซึ่งมิได้จัดประเภทไว้ในที่อื่น,6,5,3,2,16,13.5,6,7,102,128.5
การผลิตเส้นใยประดิษฐ์,1,0,1,0,2,5,0,0.5,0,5.5
การผลิตเภสัชภัณฑ์และเคมีภัณฑ์ที่ใช้รักษาโรค,6,4,5,3,18,13.2,3.1,12.1,3,31.4
การผลิตผลิตภัณฑ์จากพืชและสัตว์ที่ใช้รักษาโรค,10,5,2,4,21,8.3,5.6,6,7.01,26.91
การผลิตยางล้อและยางในรวมถึงการหล่อดอกยางและการซ่อม สร้างยางล้อ,0,0,0,0,0,0,0,0,0,0
การผลิตยางล้อและยางใน,1,0,0,0,1,1,0,0,0,1
การหล่อดอกยางและการซ่อมสร้างยางล้อ,1,1,0,0,2,1,1,0,0,2
การผลิตยางแผ่นและยางแท่ง,0,0,0,0,0,0,0,0,0,0
การผลิตน้ำยางข้น,1,0,0,0,1,1,0,0,0,1
การผลิตสิ่งของเครื่องใช้ด้านสุขอนามัยหรือเภสัชกรรมที่ทำ จากยาง,0,1,0,0,1,0,1,0,0,1
การผลิตผลิตภัณฑ์ยางอื่น ๆ ซึ่งมิได้จัดประเภทไว้ในที่อื่น,5,2,3,1,11,22,9,6.3,5,42.3
การผลิตผลิตภัณฑ์พลาสติก,0,0,0,0,0,0,0,0,0,0
การผลิตผลิตภัณฑ์ที่ใช้ในการก่อสร้าง/ประกอบอาคารที่ทำจากพลาสติก,2,1,1,0,4,2,100,0.1,0,102.1
การผลิตบรรจุภัณฑ์พลาสติก,8,11,12,12,43,12.05,70.1,24.6,64.36,171.11
การผลิตผลิตภัณฑ์พลาสติกสำเร็จรูป,3,1,0,0,4,7,4,0,0,11
การผลิตผลิตภัณฑ์พลาสติกอื่นๆซึ่งมิได้จัดประเภทไว้ในที่อื่น,0,0,0,0,0,0,0,0,0,0
การผลิตเครื่องใช้บนโต๊ะอาหารในครัวและในห้องน้ำที่ทำจากพลาสติก,0,0,3,0,3,0,0,6.3,0,6.3
การผลิตผลิตภัณฑ์ไฟเบอร์กลาส,3,0,0,1,4,3,0,0,2,5
การผลิตผลิตภัณฑ์พลาสติกอื่น ๆ ซึ่งมิได้จัดประเภทไว้ในที่อื่น,8,7,7,5,27,20.4,13,9.32,22,64.72
การผลิตแก้ว/กระจกแผ่น,1,1,1,0,3,1,2,0.2,0,3.2
การผลิตภาชนะบรรจุภัณฑ์และเครื่องใช้บนโต๊ะอาหารที่ทำจากแก้ว,0,0,0,0,0,0,0,0,0,0
การผลิตไฟเบอร์กลาส,1,2,0,0,3,1,2,0,0,3
การผลิตผลิตภัณฑ์แก้วอื่น ๆ ซึ่งมิได้จัดประเภทไว้ในที่อื่น,1,0,0,0,1,2,0,0,0,2
การผลิตผลิตภัณฑ์วัสดุทนไฟ,0,1,2,0,3,0,2.5,6,0,8.5
การผลิตวัสดุก่อสร้างที่วัตถุดิบหลักทำจากดิน,0,0,0,0,0,0,0,0,0,0
การผลิตอิฐ,1,1,0,0,2,5,1,0,0,6
การผลิตกระเบื้องปูพื้นและแผ่นเซรามิก,0,0,0,0,0,0,0,0,0,0
การผลิตเครื่องสุขภัณฑ์เซรามิก,0,0,0,0,0,0,0,0,0,0
การผลิตวัสดุที่ใช้ในการก่อสร้างอื่น ๆ ที่ทำจากดินเหนียวซึ่งมิได้ จัดประเภทไว้ในที่อื่น,0,0,0,0,0,0,0,0,0,0
การผลิตผลิตภัณฑ์เซรามิกที่เป็นเครื่องใช้บนโต๊ะอาหาร,3,1,0,1,5,3.2,1,0,1.5,5.7
การผลิตผลิตภัณฑ์ประติมากรรมและของตกแต่งที่ทำจากเซรามิก,1,2,0,0,3,1,2,0,0,3
การผลิตลูกถ้วยฉนวนไฟฟ้าและอุปกรณ์ประกอบลูกถ้วยฉนวนไฟฟ้าที่ทำจากเซรามิก,0,0,0,0,0,0,0,0,0,0
การผลิตผลิตภัณฑ์เครื่องเคลือบปอร์ซเลนและเซรามิกชนิดอื่น ๆ ซึ่งมิได้จัดประเภทไว้ในที่อื่น,0,1,1,1,3,0,4,2,0.2,6.2
การผลิตปูนซีเมนต์,1,1,0,1,3,1,1,0,5,7
การผลิตปูนไลม์ (ปูนขาว) และปูนปลาสเตอร์,0,0,0,0,0,0,0,0,0,0
การผลิตผลิตภัณฑ์คอนกรีตเพื่อใช้ในงานก่อสร้าง,5,2,3,3,13,9,1.5,8,6.3,24.8
การผลิตผลิตภัณฑ์ปูนปลาสเตอร์ที่ใช้ในงานก่อสร้าง,0,0,0,0,0,0,0,0,0,0
การผลิตคอนกรีตผสมเสร็จ,4,2,5,1,12,11.1,2,15,1,29.1
การผลิตผลิตภัณฑ์ไฟเบอร์ซีเมนต์,0,0,0,0,0,0,0,0,0,0
การผลิตผลิตภัณฑ์อื่น ๆ ที่ทำจากคอนกรีตซีเมนต์และ ปูนปลาสเตอร์ซึ่งมิได้จัดประเภทไว้ในที่อื่น,3,2,1,0,6,6,2,1,0,9
การตัดการขึ้นรูปและการแต่งสำเร็จหิน,0,0,0,0,0,0,0,0,0,0
การผลิตผลิตภัณฑ์หินที่ใช้ในการก่อสร้าง,1,1,1,0,3,5,0.5,1,0,6.5
การผลิตผลิตภัณฑ์อื่น ๆ ที่ทำจากหินซึ่งมิได้จัดประเภทไว้ในที่อื่น,1,0,3,0,4,1,0,6.1,0,7.1
การผลิตผลิตภัณฑ์ขัดถู,0,0,0,1,1,0,0,0,2,2
การผลิตวัสดุที่เป็นฉนวนจากแร่,0,0,0,1,1,0,0,0,2,2
การผลิตผลิตภัณฑ์อื่นๆที่ทำจากแร่อโลหะซึ่งมิได้จัดประเภทไว้ในที่อื่น,0,0,0,0,0,0,0,0,0,0
การผลิตเหล็กและเหล็กกล้าขั้นมูลฐาน,0,0,0,0,0,0,0,0,0,0
การผลิตเหล็กและเหล็กกล้าขั้นมูลฐานขั้นต้นและขั้นกลาง,2,2,1,0,5,7,5,1,0,13
การผลิตเหล็กและเหล็กกล้าแผ่น,0,2,0,0,2,0,2,0,0,2
การผลิตหลอดท่อฮอลโลว์โฟรไฟล์และอุปกรณ์ติดตั้งที่เกี่ยวข้องที่ทำจากเหล็กกล้า,0,3,0,1,4,0,3,0,1,4
การผลิตเหล็กและเหล็กกล้าขั้นมูลฐานอื่น ๆ ซึ่งมิได้จัดประเภทไว้ในที่อื่น,3,3,1,2,9,7,12,1,1.5,21.5
การผลิตโลหะมีค่าและโลหะอื่นที่ไม่ไช่เหล็กขั้นมูลฐาน,0,0,0,0,0,0,0,0,0,0
การผลิตโลหะมีค่า,0,1,3,1,5,0,5,11,1,17
การผลิตอะลูมิเนียมและผลิตภัณฑ์อะลูมิเนียม,1,1,1,0,3,0.2,1,0.3,0,1.5
การผลิตสังกะสีตะกั่วดีบุกและผลิตภัณฑ์ของของดังกล่าว,0,0,0,1,1,0,0,0,1,1
การผลิตทองแดงและผลิตภัณฑ์ทองแดง,1,0,1,1,3,1,0,1,2,4
การผลิตโลหะสามัญและผลิตภัณฑ์โลหะสามัญอื่น ๆ ที่มิใช่เหล็ก,1,1,1,0,3,2,1,420,0,423
การหล่อโลหะ,0,0,0,0,0,0,0,0,0,0
การหล่อเหล็ก,1,1,0,0,2,5,5,0,0,10
การหล่อเหล็กกล้า,0,1,0,0,1,0,2,0,0,2
การหล่อโลหะที่ไม่ใช่เหล็กและเหล็กกล้า,2,5,3,2,12,1.2,8.5,8,2.3,20
การผลิตผลิตภัณฑ์ที่มีโครงสร้างเป็นโลหะ,0,0,0,0,0,0,0,0,0,0
การผลิตผลิตภัณฑ์ที่มีโครงสร้างเป็นโลหะสำหรับใช้ในงานก่อสร้าง,5,2,5,3,15,8.5,7,8.5,5,29
การผลิตโลหะที่เป็นโครงสร้างของการก่อสร้างอาคาร,1,0,1,0,2,5,0,2,0,7
การผลิตประตู หน้าต่าง กรอบประตู หน้าต่าง ประตูใหญ่ และ ผลิตภัณฑ์ที่คล้ายกันที่ทำจากโลหะ,3,2,5,2,12,6,1,12.5,2,21.5
การผลิตผลิตภัณฑ์อื่นๆ ที่มีโครงสร้างเป็นโลหะ ซึ่งมิได้จัดประเภทไว้ในที่อื่น,0,3,4,3,10,0,12,8,8,28
การผลิตถังน้ำขนาดใหญ่(ที่มีความจุเกิน 300 ลิตร) ที่เก็บกักน้ำและภาชนะบรรจุที่ทำ จากโลหะ,0,0,0,0,0,0,0,0,0,0
การผลิตหม้อน้ำสำหรับการทำความร้อนจากส่วนกลางและเครื่องระบายความร้อน,0,0,0,0,0,0,0,0,0,0
การผลิตภาชนะบรรจุสิ่งของที่ทำจากโลหะ เพื่อเก็บก๊าซอัดหรือ ก๊าซเหลว,0,0,2,0,2,0,0,5.2,0,5.2
การผลิตถังน้ำขนาดใหญ่ (ที่มีความจุเกิน 300 ลิตร) ที่เก็บกักน้ำและภาชนะบรรจุที่ทำ จากโลหะ ซึ่งมิได้จัดประเภทไว้ในที่อื่น,0,0,0,0,0,0,0,0,0,0
การผลิตเครื่องกำเนิดไอน้ำยกเว้นหม้อต้มน้ำร้อนสำหรับ ทำความร้อนจากส่วนกลาง,0,0,0,0,0,0,0,0,0,0
การผลิตกระสุนและวัตถุระเบิด,0,0,0,0,0,0,0,0,0,0
การผลิตอาวุธหนัก อาวุธปืน รวมถึงอาวุธอื่นๆ ซึ่งมิได้จัดประเภทไว้ในที่อื่น,0,0,1,0,1,0,0,10,0,10
การผลิตผลิตภัณฑ์โลหะโดยวิธีการตี การอัด การตอกพิมพ์และ การรีด การผสมโลหะผง,1,0,1,1,3,1,0,5,1,7
การปรับสภาพและการเคลือบโลหะ การกัดกลึงขึ้นรูป,0,0,0,0,0,0,0,0,0,0
การตกแต่งและการเคลือบโลหะ,7,3,7,3,20,134.3,2.5,11.5,3,151.3
การกลึงกัดไสโลหะ,22,20,17,9,68,27.31,37,30.8,14,109.11
การผลิตเครื่องตัด,0,0,0,0,0,0,0,0,0,0
การผลิตกุญแจและบานพับ,1,0,0,1,2,0.5,0,0,1,1.5
การผลิตเครื่องมือที่ใช้งานด้วยมือและเครื่องโลหะทั่วไปซึ่งมิได้จัดประเภทไว้ในที่อื่น,2,0,1,0,3,5,0,5,0,10
การผลิตถัง กระป๋องถังกลมขนาดใหญ่ (ที่มีความจุไม่เกิน 300 ลิตร) และภาชนะบรรจุที่คล้ายกันที่ทำจากโลหะ,0,0,0,0,0,0,0,0,0,0
การผลิตถังถังกลมขนาดใหญ่ (ที่มีความจุไม่เกิน 300 ลิตร) และภาชนะบรรจุที่คล้ายกันที่ทำจากโลหะ,0,0,0,0,0,0,0,0,0,0
การผลิตกระป๋องโลหะและบรรจุภัณฑ์อื่นๆที่ทำจากโลหะซึ่งมิได้จัดประเภทไว้ในที่อื่น,0,0,0,0,0,0,0,0,0,0
การผลิตของที่ทำจากลวด โซ่ ลวดสปริง สลักเกลียว และ ตะปูควง,0,0,0,0,0,0,0,0,0,0
การผลิตลวด เคเบิลและของที่ทำจากลวด,1,0,0,0,1,26,0,0,0,26
การผลิตโซ่ ลวดสปริง สลักเกลียว และตะปูควง,2,1,0,2,5,2,5,0,7.5,14.5
การผลิตเครื่องสุขภัณฑ์ที่ทำจากโลหะ,0,1,0,0,1,0,2,0,0,2
การผลิตเครื่องใช้ในครัวเรือนที่ทำจากโลหะ,0,1,1,1,3,0,1,0.6,2,3.6
การผลิตตู้นิรภัยและเครื่องใช้สำนักงานที่ทำจากโลหะ (ยกเว้น เฟอร์นิเจอร์),0,0,1,1,2,0,0,1,2,3
การผลิตผลิตภัณฑ์โลหะประดิษฐ์อื่นๆซึ่งมิได้จัดประเภทไว้ในที่อื่น,4,4,7,3,18,22,3,14.5,160.35,199.85
การผลิตชิ้นส่วนอุปกรณ์แสดงภาพ,0,0,0,1,1,0,0,0,1,1
การผลิตตัวเก็บประจุและตัวต้านทานสำหรับวงจรอิเล็กทรอนิกส์,0,0,1,0,1,0,0,5,0,5
การผลิตแผ่นวงจรอิเล็กทรอนิกส์,3,0,1,1,5,8.00002,0,0.1,5,13.10002
การผลิตอุปกรณ์กึ่งตัวนำและวงจรรวม,0,0,1,1,2,0,0,1,4,5
การผลิตส่วนประกอบอิเล็กทรอนิกส์อื่นๆซึ่งมิได้จัดประเภทไว้ในที่อื่น,7,6,9,4,26,90,14.6,54.3,660.2739,819.1739
การผลิตคอมพิวเตอร์และ/หรือการประกอบคอมพิวเตอร์,0,0,1,2,3,0,0,1,2,3
การผลิตอุปกรณ์จัดเก็บข้อมูล,0,0,0,0,0,0,0,0,0,0
การผลิตจอคอมพิวเตอร์,0,0,0,0,0,0,0,0,0,0
การผลิตอุปกรณ์ต่อพ่วงอื่นๆซึ่งมิได้จัดประเภทไว้ในที่อื่น,1,0,0,0,1,5,0,0,0,5
การผลิตเครื่องมือสื่อสาร,0,0,0,0,0,0,0,0,0,0
การผลิตโทรศัพท์และโทรสารแบบใช้สาย,0,0,0,0,0,0,0,0,0,0
การผลิตอุปกรณ์สื่อสารแบบไร้สาย,0,0,0,1,1,0,0,0,1,1
การผลิตอุปกรณ์สื่อสารข้อมูลที่ใช้ในการส่งสัญญาณอิเล็กทรอนิกส์ไปตามสายหรือออกอากาศ,0,1,1,0,2,0,1,1,0,2
การผลิตอุปกรณ์สื่อสารอื่นๆซึ่งมิได้จัดประเภทไว้ในที่อื่น,0,0,1,2,3,0,0,2,6,8
การผลิตเครื่องรับโทรทัศน์,0,0,0,0,0,0,0,0,0,0
การผลิตเครื่องรับวิทยุเครื่องบันทึกและทำสำเนาเสียงและภาพ,0,0,0,0,0,0,0,0,0,0
การผลิตไมโครโฟนลำโพงและเครื่องขยายเสียง,0,2,3,3,8,0,5,2.5,13,20.5
การผลิตเครื่องใช้อิเล็กทรอนิกส์อื่นๆชนิดใช้ในครัวเรือน ซึ่งมิได้จัดประเภทไว้ในที่อื่น,0,0,0,0,0,0,0,0,0,0
การผลิตเครื่องมือที่ใช้ในการวัดการทดสอบการนำร่องและอุปกรณ์การควบคุม (ยกเว้น ในทางอุตสาหกรรม),0,0,0,1,1,0,0,0,5,5
การผลิตเครื่องมือใช้ในการวัด การทดสอบ และการควบคุมกระบวนการผลิตในทางอุตสาหกรรม,2,1,1,1,5,4,1,1,1,7
การผลิตนาฬิกา,0,1,0,0,1,0,2,0,0,2
การผลิตผลิตภัณฑ์อื่นๆที่มีเครื่องนาฬิกาประกอบอยู่,0,0,0,0,0,0,0,0,0,0
การผลิตเครื่องฉายรังสี และเครื่องมืออิเล็กทรอนิกส์ทางการแพทย์และทางการบำบัดรักษา,0,0,0,0,0,0,0,0,0,0
การผลิตเลนส์,0,0,1,0,1,0,0,0.01,0,0.01
การผลิตเครื่องมือทางทัศนศาสตร์ (ยกเว้น เลนส์),0,1,0,0,1,0,20,0,0,20
การผลิตอุปกรณ์เกี่ยวกับการถ่ายภาพและถ่ายภาพยนตร์,0,1,0,0,1,0,2,0,0,2
การผลิตสื่อแม่เหล็ก และสื่อเชิงแสง,0,0,0,0,0,0,0,0,0,0
การผลิตมอเตอร์ไฟฟ้าและเครื่องกำเนิดไฟฟ้า,1,0,2,0,3,5,0,51,0,56
การผลิตหม้อแปลงไฟฟ้า,1,1,1,1,4,10,1,1,5,17
การผลิตอุปกรณ์ควบคุมและจ่ายไฟฟ้า,2,3,1,3,9,5.5,7,5,7,24.5
การผลิตแบตเตอรี่และหม้อสะสมไฟฟ้า,5,1,4,7,17,8,2,8,61,79
การผลิตสายไฟฟ้าและอุปกรณ์การเดินสายไฟฟ้า,0,0,0,0,0,0,0,0,0,0
การผลิตเคเบิลเส้นใยนำแสง,0,0,0,0,0,0,0,0,0,0
การผลิตสายไฟฟ้าและเคเบิลสำหรับงานไฟฟ้าและอิเล็กทรอนิกส์ อื่นๆ,1,0,1,4,6,10,0,1,19,30
การผลิตอุปกรณ์การเดินสายไฟฟ้า,1,0,0,1,2,5,0,0,4,9
การผลิตหลอดไฟฟ้า,1,0,0,0,1,1,0,0,0,1
การผลิตอุปกรณ์ไฟฟ้าอื่นๆสำหรับให้แสงสว่าง,0,2,2,2,6,0,2,5.5,10,17.5
การผลิตเครื่องใช้ไฟฟ้าชนิดใช้ในครัวเรือน (ยกเว้นประเภทผลิต ความร้อนด้วยไฟฟ้า),2,2,2,4,10,5.5,4,805,14,828.5
การผลิตเครื่องใช้ในครัวเรือนประเภทผลิตความร้อนด้วยไฟฟ้า,1,0,0,0,1,20,0,0,0,20
การผลิตเครื่องใช้ในครัวเรือนประเภทผลิตความร้อนที่ไม่ต้องใช้ไฟฟ้า,1,0,0,0,1,5,0,0,0,5
การผลิตเครื่องใช้ไฟฟ้าชนิดอื่นๆ,0,0,0,0,0,0,0,0,0,0
การผลิตเครื่องจ่ายไฟฟ้าต่อเนื่อง,0,0,0,0,0,0,0,0,0,0
การผลิตอุปกรณ์ให้สัญญาณแบบไฟฟ้า,1,0,1,0,2,1,0,5,0,6
การผลิตอุปกรณ์ไฟฟ้าอื่นๆซึ่งมิได้จัดประเภทไว้ในที่อื่น การผลิตเครื่องจักรและเครื่องมือซึ่งมิได้จัดประเภทไว้ในที่อื่น,3,6,3,7,19,12,9.25,9,38,68.25
การผลิตเครื่องจักรและเครื่องมือ ซึ่งมิได้จัดประเภทไว้ในที่อื่น,0,0,0,0,0,0,0,0,0,0
การผลิตเครื่องจักรที่ใช้งานทั่วไป,0,0,0,0,0,0,0,0,0,0
การผลิตเครื่องยนต์และเครื่องกังหันยกเว้นเครื่องยนต์ที่ใช้กับอากาศยานยานยนต์และจักรยานยนต์,1,0,1,0,2,1,0,1,0,2
การผลิตเครื่องสูบของไหล,0,0,0,0,0,0,0,0,0,0
การผลิตเครื่องสูบอื่นๆและคอมเพรสเซอร์,1,0,2,1,4,1,0,1.4,150,152.4
การผลิตก๊อกและวาล์วอื่นๆ,0,0,0,0,0,0,0,0,0,0
การผลิตตลับลูกปืนเกียร์และอุปกรณ์ที่ใช้ขับเคลื่อน,2,0,1,0,3,7,0,1,0,8
การผลิตเตาอบเตาหลอมและเตาเผา,1,0,1,0,2,1,0,1,0,2
การผลิตอุปกรณ์ที่ใช้สำหรับยกและขนย้าย,0,0,1,0,1,0,0,0.1,0,0.1
การผลิตเครื่องจักรและเครื่องใช้สำนักงาน (ยกเว้นคอมพิวเตอร์ และอุปกรณ์ต่อพ่วง),0,1,1,0,2,0,30,2,0,32
การผลิตเครื่องมือที่ใช้พลังงานขับเคลื่อน,0,0,1,1,2,0,0,1,2,3
การผลิตเครื่องทำความเย็น,2,1,2,1,6,5.6,5,2,1,13.6
การผลิตเครื่องจักรอื่นๆที่ใช้งานทั่วไปซึ่งมิได้จัดประเภทไว้ในที่อื่น,17,12,15,5,49,37.97,74.7,45.1,4.1,161.87
การผลิตเครื่องจักรที่ใช้ในการเกษตรและการป่าไม้,0,0,0,0,0,0,0,0,0,0
การผลิตรถแทรกเตอร์ที่ใช้ในงานเกษตรและงานป่าไม้,0,0,0,0,0,0,0,0,0,0
การผลิตเครื่องจักรอื่นๆที่ใช้ในทางการเกษตรและการป่าไม้ (ยกเว้นแทรกเตอร์ที่ใช้ในทางการเกษตรและงานป่าไม้),2,1,0,1,4,2,5,0,1,8
การผลิตเครื่องจักรที่ใช้ในการขึ้นรูปโลหะและเครื่องมือกล,0,0,0,0,0,0,0,0,0,0
การผลิตเครื่องจักรที่ใช้ในการขึ้นรูปโลหะ,3,2,3,3,11,6.3,2,2.5,7,17.8
การผลิตเครื่องมือกลอื่นๆซึ่งมิได้จัดประเภทไว้ในที่อื่น,2,0,2,1,5,4.5,0,6,1,11.5
การผลิตเครื่องจักรสำหรับงานโลหะกรรม,6,2,1,0,9,38,2.5,5,0,45.5
การผลิตเครื่องจักรสำหรับการทำเหมืองแร่เหมืองหินและ การก่อสร้าง,0,0,1,0,1,0,0,1,0,1
การผลิตเครื่องจักรที่ใช้ในกระบวนการผลิตอาหารเครื่องดื่มและ ยาสูบ,1,0,3,0,4,0.5,0,3,0,3.5
การผลิตเครื่องจักรที่ใช้ในการเตรียมปั่นทอและถักนิตสิ่งทอ,0,0,0,0,0,0,0,0,0,0
การผลิตเครื่องจักรอื่นๆที่ใช้ในการผลิตสิ่งทอเครื่องแต่งกาย และเครื่องหนัง,0,0,0,0,0,0,0,0,0,0
การผลิตเครื่องจักรเพื่อใช้ในการผลิตกระดาษและกระดาษแข็ง,0,0,0,1,1,0,0,0,5,5
การผลิตเครื่องจักรเพื่อใช้งานกับยางหรือพลาสติก,0,0,2,0,2,0,0,9,0,9
การผลิตเครื่องจักรเพื่อใช้งานเฉพาะอย่างอื่นๆซึ่งมิได้จัดประเภทไว้ในที่อื่น,3,3,4,4,14,5,16,5,12.5,38.5
การผลิตยานยนต์,0,0,0,0,0,0,0,0,0,0
การผลิตเครื่องยนต์สำหรับยานยนต์,0,0,0,0,0,0,0,0,0,0
การผลิตรถยนต์ส่วนบุคคล,2,0,2,0,4,3,0,3,0,6
การผลิตรถกระบะ1ตัน,1,0,0,0,1,1,0,0,0,1
การผลิตยานยนต์อื่นๆที่ใช้เพื่อการโดยสาร,0,0,0,0,0,0,0,0,0,0
การผลิตยานยนต์อื่นๆซึ่งมิได้จัดประเภทไว้ในที่อื่น,1,3,0,0,4,5,6.1,0,0,11.1
การผลิตตัวถังยานยนต์,2,0,0,1,3,2,0,0,0.5,2.5
การผลิตรถพ่วงและรถกึ่งรถพ่วง,0,0,0,1,1,0,0,0,5,5
การผลิตตู้บรรทุกสินค้า,1,0,2,1,4,1,0,1.5,1,3.5
การผลิตชิ้นส่วน และอุปกรณ์เสริม สำหรับยานยนต์,0,0,0,0,0,0,0,0,0,0
การผลิตที่นั่งภายในยานยนต์,0,1,1,0,2,0,0.2,1,0,1.2
การผลิตอุปกรณ์ไฟฟ้าสำหรับยานยนต์,0,1,0,1,2,0,0.9,0,1,1.9
การผลิตชิ้นส่วนและอุปกรณ์เสริมอื่นๆสำหรับยานยนต์ซึ่งมิได้จัดประเภทไว้ในที่อื่น,5,7,6,5,23,10,24,14.1,18,66.1
การต่อเรือใหญ่ และสิ่งก่อสร้างลอยน้ำ,1,0,3,0,4,1,0,5.1,0,6.1
การต่อเรือที่ใช้เพื่อความสำราญและการกีฬา,0,1,0,0,1,0,1,0,0,1
การผลิตหัวรถจักรและตู้สำหรับขนส่งทางรถไฟหรือรถราง,0,1,0,0,1,0,5,0,0,5
การผลิตอากาศยานยานอวกาศและเครื่องจักรที่เกี่ยวข้อง,1,2,1,3,7,5,2,2,23,32
การผลิตยานยนต์ทางการทหารเพื่อใช้ในการสู้รบ,0,1,0,1,2,0,1,0,1,2
การผลิตอุปกรณ์ขนส่งซึ่งมิได้จัดประเภทไว้ในที่อื่น,0,0,0,0,0,0,0,0,0,0
การผลิตจักรยานยนต์,0,2,1,0,3,0,10,1,0,11
การผลิตเครื่องยนต์ ชิ้นส่วนและอุปกรณ์เสริมสำหรับจักรยานยนต์,0,1,0,0,1,0,1,0,0,1
การผลิตจักรยาน,0,0,1,1,2,0,0,1,4,5
การผลิตรถสำหรับคนพิการ,0,0,0,0,0,0,0,0,0,0
การผลิตอุปกรณ์การขนส่งอื่นๆซึ่งมิได้จัดประเภทไว้ในที่อื่น,0,0,0,0,0,0,0,0,0,0
การผลิตเฟอร์นิเจอร์,0,0,0,0,0,0,0,0,0,0
การผลิตเฟอร์นิเจอร์ไม้,9,11,6,7,33,12.5,16.15,8.51,45.75,82.91
การผลิตเฟอร์นิเจอร์โลหะ,1,2,1,0,4,2,181,5,0,188
การผลิตฐานรองที่นอนและที่นอน,1,2,0,0,3,1,2,0,0,3
การผลิตเฟอร์นิเจอร์ที่ทำจากวัสดุอื่นๆ (ยกเว้น หิน คอนกรีต หรือเซรามิก),7,10,6,7,30,6.8,14.5,11,16.05,48.35
การผลิตเครื่องประดับอัญมณีเครื่องประดับเพชรพลอยและ สิ่งของอื่นๆที่เกี่ยวข้อง,0,0,0,0,0,0,0,0,0,0
การผลิตเครื่องประดับอัญมณีและสิ่งของอื่นๆที่เกี่ยวข้อง,0,0,0,0,0,0,0,0,0,0
การผลิตเครื่องประดับจากอัญมณีและโลหะมีค่า,3,10,15,7,35,2.1,126.2,29.1,7.6,165
การผลิตสิ่งของเครื่องใช้จากเพชรพลอยและโลหะมีค่า,2,0,0,1,3,2.05,0,0,1,3.05
การเจียระไนและการขัดเพชรพลอย,0,1,1,0,2,0,1,1,0,2
การผลิตเครื่องประดับ ที่ทำจากอัญมณีเทียมและสิ่งของที่เกี่ยวข้อง,0,3,0,1,4,0,9,0,5,14
การผลิตเครื่องดนตรี,0,0,0,0,0,0,0,0,0,0
การผลิตเครื่องดนตรีไทย,0,0,0,0,0,0,0,0,0,0
การผลิตเครื่องดนตรี ซึ่งมิได้จัดประเภทไว้ในที่อื่น,0,0,1,0,1,0,0,5,0,5
การผลิตเครื่องกีฬา,0,0,0,0,0,0,0,0,0,0
การผลิตลูกบอลที่ใช้ในการกีฬา,0,0,0,0,0,0,0,0,0,0
การผลิตกระดานแล่นใบและกระดานโต้คลื่นและอุปกรณ์สำหรับเล่นกีฬาทางน้ำ,0,0,0,0,0,0,0,0,0,0
การผลิตอุปกรณ์สำหรับกีฬาตกปลา,1,3,2,1,7,0.6,1.61,1.2,1,4.41
การผลิตอุปกรณ์กีฬาอื่นๆซึ่งมิได้จัดประเภทไว้ในที่อื่น,1,0,1,1,3,1,0,0.5,1,2.5
การผลิตของเล่นที่มีล้อ,0,0,0,0,0,0,0,0,0,0
การผลิตตุ๊กตา,0,0,0,0,0,0,0,0,0,0
การผลิตเกมและของเล่นอื่นๆซึ่งมิได้จัดประเภทไว้ในที่อื่น,1,1,2,1,5,30,1,2,0.01,33.01
การผลิตเครื่องมือและอุปกรณ์ทางการแพทย์และทางทันตกรรม,0,0,0,0,0,0,0,0,0,0
การผลิตเครื่องมือและอุปกรณ์ในทางการแพทย์ (ยกเว้นทางทันตกรรม),3,1,5,7,16,7,1,12.01,25.9,45.91
การผลิตเครื่องมือและอุปกรณ์ในทางทันตกรรม,1,1,2,1,5,2,1,0.6,1,4.6
การผลิตผลิตภัณฑ์อื่นๆซึ่งมิได้จัดประเภทไว้ในที่อื่น,0,0,0,0,0,0,0,0,0,0
การผลิตไม้กวาดและแปรง,1,0,0,0,1,0.2,0,0,0,0.2
การผลิตอุปกรณ์เครื่องเขียน,0,0,0,0,0,0,0,0,0,0
การผลิตเครื่องอุปกรณ์ด้านความปลอดภัย,0,2,1,1,4,0,2,1,1,4
การผลิตดอกไม้และต้นไม้ประดิษฐ์,2,4,4,1,11,0.6,3.5,3.4,2,9.5
การผลิตผลิตภัณฑ์อื่นๆซึ่งมิได้จัดประเภทไว้ในที่อื่น,5,7,7,9,28,6.5,5.2,14.8,17,43.5
การซ่อมและการติดตั้งเครื่องจักรและอุปกรณ์,0,0,0,0,0,0,0,0,0,0
การซ่อมผลิตภัณฑ์โลหะประดิษฐ์,0,0,0,0,0,0,0,0,0,0
การซ่อมเครื่องจักร,0,0,0,0,0,0,0,0,0,0
การซ่อมเครื่องจักรที่ใช้งานทั่วไป,25,15,13,9,62,42.1,70.6,18.1,9.6,140.4
การซ่อมเครื่องจักรที่ใช้งานเฉพาะอย่าง,2,4,3,3,12,2,3.5,3.5,3,12
การซ่อมอุปกรณ์อิเล็กทรอนิกส์และอุปกรณ์ทางทัศนศาสตร์,0,0,0,0,0,0,0,0,0,0
การซ่อมและบำรุงรักษาเครื่องมือที่ใช้ในการวัดการทดสอบการนำร่องและอุปกรณ์การควบคุม,1,2,0,1,4,0.5,1.5,0,1,3
การซ่อมและบำรุงรักษาเครื่องฉายรังสีและเครื่องมืออิเล็กทรอนิกส์ทางการแพทย์และทางการบำบัดรักษา,1,0,0,2,3,1,0,0,2,3
การซ่อมและบำรุงรักษาเครื่องมือทางทัศนศาสตร์และอุปกรณ์ทางถ่ายภาพ,0,0,0,0,0,0,0,0,0,0
การซ่อมอุปกรณ์ไฟฟ้า,0,0,0,0,0,0,0,0,0,0
การซ่อมมอเตอร์ไฟฟ้าเครื่องกำเนิดไฟฟ้าหม้อแปลงไฟฟ้าและอุปกรณ์ควบคุมและจ่ายไฟฟ้า,3,8,3,6,20,2.5,10.7,10,10,33.2
การซ่อมแบตเตอรี่และหม้อสะสมไฟฟ้า,0,1,1,0,2,0,2,1,0,3
การซ่อมอุปกรณ์ไฟฟ้าอื่นๆซึ่งมิได้จัดประเภทไว้ในที่อื่น,5,4,3,5,17,4.3,8,2.5,2.73,17.53
การซ่อมเรือ,4,2,3,1,10,4,3.5,5,1,13.5
การซ่อมอากาศยาน,1,1,0,0,2,2,1,0,0,3
การซ่อมอุปกรณ์ขนส่งอื่นๆซึ่งมิได้จัดประเภทไว้ในที่อื่น (ยกเว้น ยานยนต์),1,0,0,0,1,1,0,0,0,1
การซ่อมอุปกรณ์อื่นๆ,0,1,1,1,3,0,1,1,1,3
การติดตั้งเครื่องจักรอุตสาหกรรมและอุปกรณ์,25,19,28,15,87,49.5,30.9,42.5,20.5,143.4
ไฟฟ้าก๊าซไอน้ำและระบบการปรับอากาศ,0,0,0,0,0,0,0,0,0,0
การผลิต การส่งและการจ่ายกระแสไฟฟ้า,0,0,0,0,0,0,0,0,0,0
การผลิตและการส่งไฟฟ้า,73,57,37,19,186,4379,348.3104,158.4,104.1,4989.8104
การจ่ายไฟฟ้า,4,4,3,16,27,9,5,7,37.2,58.2
การผลิตก๊าซ,0,1,0,1,2,0,1,0,50,51
การจ่ายเชื้อเพลิงก๊าซผ่านท่อหลัก,0,0,0,0,0,0,0,0,0,0
การผลิตน้ำแข็งชนิดไม่ใช้เพื่อการบริโภค,0,0,1,1,2,0,0,0.5,0.5,1
การจัดหาไอน้ำและระบบการปรับอากาศ (ยกเว้นการผลิตน้ำแข็ง ชนิดไม่ใช้เพื่อการบริโภค),0,3,1,0,4,0,2.5,5,0,7.5
การเก็บกักน้ำ,0,0,0,0,0,0,0,0,0,0
การจัดหาน้ำและการจ่ายน้ำสำหรับใช้ในครัวเรือนและอุตสาหกรรม ผ่านระบบประปา,1,3,2,1,7,1,3,6.5,5,15.5
การจัดหาน้ำและการจ่ายน้ำสำหรับใช้ในการเกษตร,0,0,0,0,0,0,0,0,0,0
การจัดหาและการจ่ายน้ำอื่นๆซื่งมิได้จัดประเภทไว้ในที่อื่น,0,0,0,0,0,0,0,0,0,0
การจัดการน้ำเสีย,3,4,3,2,12,2.1,12,3,1.1,18.2
การเก็บรวบรวมของเสียที่ไม่เป็นอันตราย,2,4,1,0,7,2,6,0.005,0,8.005
การเก็บรวบรวมของเสียที่เป็นอันตราย,0,0,0,0,0,0,0,0,0,0
การบำบัดและการกำจัดของเสีย,0,0,0,0,0,0,0,0,0,0
การบำบัดและการกำจัดของเสียที่ไม่เป็นอันตราย,0,0,0,0,0,0,0,0,0,0
การบำบัดและการกำจัดของเสียที่ไม่เป็นอันตรายโดยการฝังกลบ อย่างถูกสุขอนามัย,0,2,1,1,4,0,6,1,20,27
การบำบัดและการกำจัดของเสียที่ไม่เป็นอันตรายโดยการเผาด้วยเตาเผาขยะ,0,3,3,2,8,0,4.15,6,6,16.15
การบำบัดและการกำจัดของเสียที่ไม่เป็นอันตรายโดยวิธีชีวภาพ,0,1,1,3,5,0,1,1,101,103
การบำบัดและการกำจัดของเสียที่ไม่เป็นอันตรายโดยวิธีอื่นๆซึ่งมิได้จัดประเภทไว้ในที่อื่น,0,3,1,1,5,0,3,1,5,9
การบำบัดและการกำจัดกากสารกัมมันตรังสี,0,0,0,0,0,0,0,0,0,0
การบำบัดและการกำจัดของเสียที่เป็นอันตรายยกเว้นกากสารกัมมันตรังสี,0,0,0,0,0,0,0,0,0,0
การนำวัสดุที่ใช้แล้วกลับมาใช้ใหม่,7,7,13,10,37,43,14.45,33,13.5,103.95
กิจกรรมการบำบัดและการจัดบริการเก็บของเสียอื่นๆ,2,0,0,0,2,6,0,0,0,6
การก่อสร้างอาคาร,0,0,0,0,0,0,0,0,0,0
การก่อสร้างอาคารที่พักอาศัย,320,316,290,253,1179,492.156,482.43,451.651,397.977,1824.214
การก่อสร้างอาคารที่ไม่ใช่ที่พักอาศัย,265,240,283,212,1000,474.4,462.1018,489.045,565.945,1991.4918
การก่อสร้างถนนและทางรถไฟ,0,0,0,0,0,0,0,0,0,0
การก่อสร้างถนนสะพานและอุโมงค์,42,46,61,34,183,66.7,110.61,105.1325,54.101,336.5435
การก่อสร้างทางรถไฟและรถใต้ดิน,0,0,0,0,0,0,0,0,0,0
การก่อสร้างโครงการสาธารณูปโภค,0,0,0,0,0,0,0,0,0,0
การก่อสร้างโครงการสาธารณูปโภคเกี่ยวกับน้ำน้ำมันและก๊าซ,5,5,3,1,14,5,6,2.5,1,14.5
การก่อสร้างโครงการสาธารณูปโภคเกี่ยวกับสายส่งไฟฟ้ากำลังและสายสัญญาณสื่อสาร,9,19,7,6,41,10.1,34.5,8,4.7,57.3
การก่อสร้างโครงการวิศวกรรรมโยธาอื่นๆ,0,0,0,0,0,0,0,0,0,0
การก่อสร้างระบบสาธารณูปโภคสิ่งอำนวยความสะดวก (ยกเว้นตัวอาคารของโรงงานอุตสาหกรรม) และโครงการวิศวกรรมโยธาอื่นๆที่เกี่ยวข้องในน้ำ,2,7,8,4,21,3,11,24,5,43
การก่อสร้างโครงการวิศวกรรมโยธาอื่นๆซึ่งมิได้จัดประเภทไว้ในที่อื่น,14,15,26,16,71,23.5,30.81,50.05,26.825,131.185
การรื้อถอนและการเตรียมสถานที่ก่อสร้าง,0,0,0,0,0,0,0,0,0,0
การรื้อถอน,1,3,0,2,6,5,4,0,2.1,11.1
การเตรียมสถานที่ก่อสร้าง,12,14,18,12,56,12.7,24.52,25.65,25,87.87
การติดตั้งไฟฟ้า,138,103,82,98,421,161.785,178,112.85,130.64,583.275
การติดตั้งระบบท่อระบบทำความร้อนและระบบปรับอากาศ,0,0,0,0,0,0,0,0,0,0
การติดตั้งระบบประปาและระบายน้ำ,12,6,12,8,38,16.2,9.5,14.9,16,56.6
การติดตั้งระบบทำความร้อน,2,2,0,1,5,3,2,0,1,6
การติดตั้งระบบระบายอากาศ,26,18,21,17,82,23.71,19.7,18.9,11.6,73.91
การติดตั้งฉนวน,1,1,1,1,4,3,4,1,1,9
การติดตั้งสิ่งก่อสร้างอื่นๆซึ่งมิได้จัดประเภทไว้ในที่อื่น,9,17,15,10,51,17,26.7,28.1,24,95.8
การตกแต่งอาคารให้เสร็จสมบูรณ์,0,0,0,0,0,0,0,0,0,0
การติดตั้งส่วนประกอบอาคารและการตกแต่งภายใน,29,16,19,15,79,43.85,21,26.55,16.4,107.8
การปูพื้นและผนัง,3,1,3,2,9,4.1,1,2.02,1.1,8.22
การทาสี,5,1,2,2,10,3.7,1,2,2,8.7
การตกแต่งอาคารให้เสร็จสมบูรณ์อื่นๆซึ่งมิได้จัดประเภทไว้ในที่อื่น,4,3,7,3,17,4,3,7,3,17
การก่อสร้างฐานรากรวมถึงการตอกเสาเข็ม,5,1,1,5,12,5,2,1,7,15
กิจกรรมการก่อสร้างเฉพาะด้านอื่นๆซึ่งมิได้จัดประเภทไว้ในที่อื่น,8,10,13,8,39,10.5,16.1,11.5,12.1,50.2
การขายส่งการขายปลีกการซ่อมยานยนต์และจักรยานยนต์,0,0,0,0,0,0,0,0,0,0
การขายยานยนต์,0,0,0,0,0,0,0,0,0,0
การขายยานยนต์ใหม่ชนิดรถยนต์นั่งส่วนบุคคลรถกระบะรถตู้ และรถขนาดเล็กที่คล้ายกัน,20,17,19,22,78,64.2,117.6,99.2,45,326
การขายยานยนต์ใหม่ชนิดรถบรรทุกและยานยนต์หนักอื่นๆ,2,5,3,2,12,7,7,7.5,5,26.5
การขายยานยนต์เก่าชนิดรถยนต์นั่งส่วนบุคคลรถกระบะรถตู้และรถขนาดเล็กที่คล้ายกัน,8,12,10,10,40,22,29,24,20.9,95.9
การขายยานยนต์เก่าชนิดรถบรรทุกและยานยนต์หนักอื่นๆ,0,2,1,2,5,0,3,0.5,1.5,5
การบำรุงรักษาและการซ่อมยานยนต์,0,0,0,0,0,0,0,0,0,0
การบำรุงรักษาและการซ่อมระบบเครื่องยนต์และชิ้นส่วนยานยนต์,68,62,54,40,224,77.13,68.93,77.26,54.85,278.17
การบำรุงรักษาและการซ่อมตัวถังประตูหน้าต่างและอื่นๆที่คล้ายกัน,6,4,4,5,19,8,4,3.5,9,24.5
การบำรุงรักษายานยนต์ทั่วไป,21,25,19,12,77,26.7,27.6,26.29,19.401,99.991
การขายชิ้นส่วนและอุปกรณ์เสริมของยานยนต์,0,0,0,0,0,0,0,0,0,0
การขายส่งชิ้นส่วนและอุปกรณ์เสริมใหม่ของยานยนต์,30,28,18,17,93,39.7,41.3,29.6,25.8,136.4
การขายปลีกชิ้นส่วนและอุปกรณ์เสริมใหม่ของยานยนต์,35,48,46,34,163,53.45,63.45,58.91,51.9,227.71
การขายส่งและขายปลีกชิ้นส่วนและอุปกรณ์เสริมเก่าของยานยนต์,8,11,9,8,36,12.5,13.6,22,6.71,54.81
การขายการบำรุงรักษาและการซ่อมจักรยานยนต์ชิ้นส่วนและอุปกรณ์เสริมที่เกี่ยวเนื่อง,0,0,0,0,0,0,0,0,0,0
การขายจักรยานยนต์,12,6,14,3,35,14.9,9,18.4,2.5,44.8
การขายส่งชิ้นส่วนและอุปกรณ์เสริมใหม่ของจักรยานยนต์,3,2,4,2,11,1.6,2,2,1.5,7.1
การขายปลีกชิ้นส่วนและอุปกรณ์เสริมใหม่ของจักรยานยนต์,3,6,12,11,32,3,4.4,10.6,12.72,30.72
การขายส่งและปลีกชิ้นส่วนและอุปกรณ์เสริมเก่าของจักรยานยนต์,0,1,1,1,3,0,1,1,0.1,2.1
การบำรุงรักษาและการซ่อมจักรยานยนต์,9,1,1,4,15,8.7,1,2,4,15.7
การขายส่งโดยได้รับค่าตอบแทนหรือตามสัญญาจ้าง,0,0,0,0,0,0,0,0,0,0
การขายส่งวัตถุดิบทางการเกษตรและสัตว์มีชีวิตโดยได้รับค่าตอบแทนหรือตามสัญญาจ้าง,22,23,27,22,94,36.9,37.8,34.551,41,150.251
การขายส่งอาหารเครื่องดื่มและยาสูบโดยได้รับค่าตอบแทนหรือตามสัญญาจ้าง,36,36,21,28,121,70.5,45.89,20.6,39.5,176.49
การขายส่งสิ่งทอเสื้อผ้ารองเท้าเครื่องหนังและของใช้ในครัวเรือนโดยได้รับค่าตอบแทนหรือตามสัญญาจ้าง,22,25,29,26,102,55.4,47.23,50.35,40.4,193.38
การขายส่งคอมพิวเตอร์และซอฟต์แวร์อุปกรณ์อิเล็กทรอนิกส์และเครื่องมือสื่อสารโดยได้รับค่าตอบแทนหรือตามสัญญาจ้าง,19,17,18,19,73,23.51,22.6,37.5,31.5,115.11
การขายส่งเครื่องจักรอุตสาหกรรมโดยได้รับค่าตอบแทนหรือตามสัญญาจ้าง,24,10,10,5,49,71.7,14.5,10.3,7,103.5
การขายส่งเชื้อเพลิงสินแร่โลหะโดยได้รับค่าตอบแทนหรือตามสัญญาจ้าง,3,2,4,1,10,4,2,17,5,28
การขายส่งวัสดุที่ใช้ในการก่อสร้างผลิตภัณฑ์โลหะอุปกรณ์ระบบท่อโดยได้รับค่าตอบแทนหรือตามสัญญาจ้าง,11,23,23,27,84,16,50.6,38.801,40,145.401
การขายส่งสินค้าเฉพาะอย่างอื่นๆซึ่งมิได้จัดประเภทไว้ในที่อื่นโดยได้รับค่าตอบแทนหรือตามสัญญาจ้าง,5,5,5,10,25,4.6,4.45,12.8,24.2,46.05
การขายส่งสินค้าทั่วไปโดยได้รับค่าตอบแทนหรือตามสัญญาจ้าง,75,62,57,41,235,107.21,88.035,102.47,77.4,375.115
การขายส่งวัตถุดิบทางการเกษตรและสัตว์มีชีวิต,0,0,0,0,0,0,0,0,0,0
การขายส่งข้าวเปลือกและธัญพืชอื่นๆ,39,21,14,17,91,141.85,33.4,13.1,33.3,221.65
การขายส่งพืชน้ำมันที่ใช้ในการผลิตน้ำมันพืช,1,2,1,2,6,1,1.5,5,2,9.5
การขายส่งยาสูบที่ยังไม่เป็นผลิตภัณฑ์สำเร็จรูป,0,0,0,0,0,0,0,0,0,0
การขายส่งสัตว์มีชีวิต,10,6,7,5,28,9.2,7.4,18,14.5,49.1
การขายส่งดอกไม้ต้นไม้และเมล็ดพันธุ์พืช,7,5,2,0,14,8.7,4.5,2,0,15.2
การขายส่งอาหารสัตว์,17,15,14,20,66,19.8,26.75,18.5,32,97.05
การขายส่งวัตถุดิบอื่นๆทางการเกษตรซึ่งมิได้จัดประเภทไว้ในที่อื่น,18,15,15,13,61,24.800001,24,23.25,23.9,95.950001
การขายส่งอาหารเครื่องดื่มและยาสูบ,0,0,0,0,0,0,0,0,0,0
การขายส่งอาหาร,0,0,0,0,0,0,0,0,0,0
การขายส่งเนื้อสัตว์และผลิตภัณฑ์เนื้อสัตว์,23,17,25,37,102,29.3,28.6,36.1,56.65,150.65
การขายส่งปลาและผลิตภัณฑ์สัตว์น้ำ,11,12,13,16,52,12.2,19.1,10.4,21.1,62.8
การขายส่งผักและผลไม้,57,39,80,67,243,121.152,67.2,247.41,160.95,596.712
การขายส่งผลิตภัณฑ์นม,3,2,4,4,13,2.4,2,4.5,3.5,12.4
การขายส่งข้าวและผลิตภัณฑ์ที่ได้จากการโรงสีข้าว,5,7,9,5,26,16,14.4,15.6,12,58
การขายส่งผลิตภัณฑ์ขนมอบไข่น้ำมันและไขมันที่ใช้ในการบริโภค,5,4,3,1,13,17.5,2.6,106.602,1,127.702
การขายส่งน้ำตาลช็อกโกแลตและลูกกวาด,1,0,0,1,2,1.5,0,0,1,2.5
การขายส่งกาแฟชาโกโก้,16,4,6,7,33,36.41,5,6.2,9,56.61
การขายส่งผลิตภัณฑ์อาหารอื่นๆซึ่งมิได้จัดประเภทไว้ในที่อื่น,61,51,33,33,178,81.86,75.73,61.73,37.2,256.52
การขายส่งเครื่องดื่มและยาสูบ,0,0,0,0,0,0,0,0,0,0
การขายส่งเครื่องดื่มที่มีแอลกอฮอล์,14,7,10,6,37,17.06,14.5,112.11,7.8,151.47
การขายส่งเครื่องดื่มที่ไม่มีแอลกอฮอล์,9,9,12,13,43,9,19.450005,12.301,16.2,56.951005
การขายส่งผลิตภัณฑ์ยาสูบ,0,0,1,0,1,0,0,1,0,1
การขายส่งสินค้าในครัวเรือน,0,0,0,0,0,0,0,0,0,0
การขายส่งสิ่งทอเสื้อผ้าและรองเท้า,0,0,0,0,0,0,0,0,0,0
การขายส่งด้ายและผ้า,6,5,4,6,21,8,9.1,9.2,9.2,35.5
การขายส่งของใช้ในครัวเรือนที่ทำจากสิ่งทอ,6,9,6,7,28,7.2,14,9.5,8.7,39.4
การขายส่งอุปกรณ์ตัดเย็บ,0,0,1,0,1,0,0,1,0,1
การขายส่งเสื้อผ้า,44,58,57,33,192,89.55,121.73,93.847,50.68,355.807
การขายส่งรองเท้า,1,1,3,1,6,1,1,2.101,5,9.101
การขายส่งเครื่องใช้ไฟฟ้าและอิเล็กทรอนิกส์ชนิดใช้ในครัวเรือน,0,0,0,0,0,0,0,0,0,0
การขายส่งเครื่องใช้ไฟฟ้าและอิเล็กทรอนิกส์ชนิดใช้ในครัวเรือน,29,24,18,27,98,53.75,30.76,35.3,32.1,151.91
การขายส่งอุปกรณ์สำหรับให้แสงสว่าง,4,7,2,3,16,9,7.295,101.5,3,120.795
การขายส่งหนังสือหนังสือพิมพ์และเครื่องเขียน,13,7,6,6,32,17.22,7.5,6,9.7,40.42
การขายส่งสื่อบันทึกเสียงและวีดิทัศน์ที่บันทึกข้อมูลแล้ว,0,0,0,0,0,0,0,0,0,0
การขายส่งเครื่องกีฬา,5,7,1,7,20,9.1,10,1,5.6,25.7
การขายส่งเกมและของเล่น,7,2,5,9,23,9,3,5,13.9,30.9
การขายส่งสินค้าวัฒนธรรมและนันทนาการอื่นๆซึ่งมิได้จัดประเภทไว้ในที่อื่น,2,3,1,2,8,1.5,0.7,0.2,2,4.4
การขายส่งสินค้าทางเภสัชภัณฑ์และทางการแพทย์เครื่องหอมและเครื่องสำอาง,0,0,0,0,0,0,0,0,0,0
การขายส่งสินค้าทางเภสัชภัณฑ์และทางการแพทย์,74,67,46,43,230,126.7,119.5,74.65,81.21,402.06
การขายส่งเครื่องหอม,2,4,3,2,11,3,4.5,2.1,3,12.6
การขายส่งเครื่องสำอาง,64,46,33,32,175,85.7,62.15,41.636,48,237.486
การขายส่งสินค้าในครัวเรือนอื่นๆ,0,0,0,0,0,0,0,0,0,0
การขายส่งอุปกรณ์ถ่ายภาพและทัศนศาสตร์,2,1,1,0,4,3,2,1,0,6
การขายส่งนาฬิกาและเครื่องประดับ,8,14,17,12,51,18,45,44,28.7,135.7
การขายส่งเครื่องหนังและเครื่องใช้สำหรับการเดินทาง,0,3,0,2,5,0,4,0,8,12
การขายส่งเฟอร์นิเจอร์ชนิดใช้ในครัวเรือน,16,11,15,22,64,17.5,14,27.7,228,287.2
การขายส่งเครื่องดินเผาเครื่องแก้วและเครื่องครัว,1,2,0,5,8,1,3,0,4.6,8.6
การขายส่งสินค้าในครัวเรือนอื่นๆซึ่งมิได้จัดประเภทไว้ในที่อื่น,7,14,11,8,40,7,41.1,15.2,10.3,73.6
การขายส่งเครื่องจักรอุปกรณ์และเครื่องมือเครื่องใช้ต่างๆ,0,0,0,0,0,0,0,0,0,0
การขายส่งคอมพิวเตอร์อุปกรณ์ต่อพ่วงคอมพิวเตอร์และซอฟต์แวร์,13,14,15,14,56,18.85,20.6,23.025,24,86.475
การขายส่งอุปกรณ์และชิ้นส่วนทางอิเล็กทรอนิกส์และทางการสื่อสารโทรคมนาคม,0,0,0,0,0,0,0,0,0,0
การขายส่งอุปกรณ์และชิ้นส่วนอิเล็กทรอนิกส์,24,16,12,11,63,53.7,46.51,21.5,34.5,156.21
การขายส่งโทรศัพท์และอุปกรณ์การสื่อสารโทรคมนาคม,14,14,18,18,64,17,23.5,31.2,28.1,99.8
การขายส่งเครื่องจักรอุปกรณ์และเครื่องใช้ทางการเกษตร,15,6,15,7,43,24.8,5,17.5,8.05,55.35
การขายส่งเครื่องจักรและอุปกรณ์อื่นๆ,0,0,0,0,0,0,0,0,0,0
การขายส่งอุปกรณ์ขนส่ง (ยกเว้นยานยนต์จักรยานยนต์และจักรยาน),6,3,2,1,12,14,7,1.5,5,27.5
การขายส่งเครื่องจักรและอุปกรณ์งานวิศวกรรมโยธางานเหมืองแร่และงานก่อสร้าง,7,3,7,5,22,21.5,2.5,16,8,48
การขายส่งเครื่องจักรและอุปกรณ์เพื่อใช้ในงานอุตสาหกรรม,25,26,28,29,108,39.7,92.7,43.6,44.06,220.06
การขายส่งเครื่องจักรอุปกรณ์และเฟอร์นิเจอร์ชนิดใช้ในสำนักงาน,7,2,5,10,24,10,2.5,6,21,39.5
การขายส่งเครื่องจักรและอุปกรณ์อื่นๆซึ่งมิได้จัดประเภทไว้ในที่อื่น,97,68,70,61,296,258.5,129.9,179.25,120.1,687.75
การขายส่งสินค้าเฉพาะทางอื่นๆ,0,0,0,0,0,0,0,0,0,0
การขายส่งเชื้อเพลิงแข็งเชื้อเพลิงเหลวและเชื้อเพลิงก๊าซ รวมทั้งผลิตภัณฑ์ที่เกี่ยวเนื่อง,0,0,0,0,0,0,0,0,0,0
การขายส่งเชื้อเพลิงแข็ง,3,4,1,3,11,6.5,3.3,0.8,3,13.6
การขายส่งเชื้อเพลิงเหลว,5,3,5,7,20,6,4,13,23,46
การขายส่งเชื้อเพลิงก๊าซ,2,3,0,1,6,3.58,11,0,1,15.58
การขายส่งผลิตภัณฑ์ที่ได้จากการกลั่นปิโตรเลียม,8,1,6,3,18,10.5,1,18,11,40.5
การขายส่งโลหะและสินแร่โลหะ,0,0,0,0,0,0,0,0,0,0
การขายส่งแร่โลหะที่เป็นเหล็กและนอกกลุ่มเหล็ก,12,6,5,4,27,27.3,14,7,15,63.3
การขายส่งเหล็กเหล็กกล้าและโลหะที่นอกกลุ่มเหล็กขั้นมูลฐาน,16,22,16,13,67,17.8,141,87,19.6,265.4
การขายส่งวัสดุก่อสร้างเครื่องโลหะอุปกรณ์และเครื่องมือเครื่องใช้เกี่ยวกับการวางท่อและการทำความร้อน,0,0,0,0,0,0,0,0,0,0
การขายส่งอิฐหินปูนทรายและผลิตภัณฑ์คอนกรีต,14,7,9,8,38,27.7,15.5,18.12,15.5,76.82
การขายส่งไม้และผลิตภัณฑ์จากไม้แปรรูปขั้นต้น,16,9,9,9,43,33.1,14.98,9.5,15,72.58
การขายส่งสีทาน้ำมันชักเงาและแลกเกอร์,2,1,0,3,6,5,5,0,5,15
การขายส่งอุปกรณ์การวางท่อและเครื่องสุขภัณฑ์,5,4,0,2,11,5.1,4,0,2,11.1
การขายส่งวัสดุก่อสร้างอื่นๆซึ่งมิได้จัดประเภทไว้ในที่อื่น,27,24,29,25,105,78.7,58.4,51.01,50.1,238.21
การขายส่งเคมีภัณฑ์ทางอุตสาหกรรม,17,10,10,12,49,20.01,15.6,19.5,173.11,228.22
การขายส่งปุ๋ยและเคมีภัณฑ์ทางการเกษตร,46,51,44,40,181,52.9,78.4,51.9,65.05,248.25
การขายส่งยางพาราและพลาสติกขั้นต้น,17,12,14,12,55,29.1,17,30.5,116.3,192.9
การขายส่งบรรจุภัณฑ์ชนิดใช้ในทางอุตสาหกรรม,18,14,13,14,59,25.1,13.7,22.5,21.6,82.9
การขายส่งของเสียและเศษวัสดุเพื่อนำกลับมาใช้ใหม่,21,16,17,12,66,41,41.4,116.5,19.6,218.5
การขายส่งสินค้าเกี่ยวกับอาวุธยุทโธปกรณ์,1,1,1,1,4,1,1,5,3,10
การขายส่งผลิตภัณฑ์อื่นๆซึ่งมิได้จัดประเภทไว้ในที่อื่น,3,2,4,3,12,3,0.61,9,7,19.61
การขายส่งสินค้าทั่วไป,97,89,108,88,382,135.82,149.01,215.01,491.13,990.97
การขายปลีกยกเว้นยานยนต์และจักรยานยนต์,0,0,0,0,0,0,0,0,0,0
การขายปลีกในร้านค้าทั่วไป,0,0,0,0,0,0,0,0,0,0
การขายปลีกในร้านค้าทั่วไปที่มีอาหารเครื่องดื่มหรือยาสูบเป็นสินค้าหลัก,0,0,0,0,0,0,0,0,0,0
ซุปเปอร์มาร์เก็ต,9,6,5,5,25,22,10,8,4.8,44.8
ดิสเคาท์สโตร์/ซุปเปอร์เซ็นเตอร์/ไฮเปอร์มาร์เก็ต,0,0,0,1,1,0,0,0,4,4
ร้านสะดวกซื้อ/มินิมาร์ท,14,7,11,7,39,15.05,14.2,16.85,14.5,60.6
ร้านขายของชำ,6,12,12,10,40,6,20.8,18,6.76,51.56
การขายปลีกสินค้าอื่นๆในร้านค้าทั่วไป,103,82,92,83,360,194.24,135.5,115.969999,122.07,567.779999
การขายปลีกอาหารเครื่องดื่มและยาสูบในร้านค้าเฉพาะ,0,0,0,0,0,0,0,0,0,0
การขายปลีกอาหารในร้านค้าเฉพาะ,0,0,0,0,0,0,0,0,0,0
ร้านขายปลีกเนื้อสัตว์และผลิตภัณฑ์เนื้อสัตว์,23,15,26,22,86,21.5,21.8,30.35,28.7,102.35
ร้านขายปลีกปลาและผลิตภัณฑ์สัตว์น้ำ,6,9,7,7,29,6.1,10,8.3,6.5,30.9
ร้านขายปลีกผักและผลไม้,10,9,18,18,55,10.1,10.01,21.3,19.022,60.432
ร้านขายปลีกข้าวและผลิตภัณฑ์ที่ได้จากการสีข้าว,4,6,4,3,17,3.5,4.6,4,3,15.1
ร้านขายปลีกผลิตภัณฑ์ขนมอบ,7,10,8,4,29,6.1,12.3,8.06,3.3,29.76
ร้านขายปลีกอาหารอื่นๆซึ่งมิได้จัดประเภทไว้ในที่อื่น,68,47,40,47,202,72.93,54.05,54.1,52.7,233.78
การขายปลีกเครื่องดื่มในร้านค้าเฉพาะ,0,0,0,0,0,0,0,0,0,0
ร้านขายปลีกเครื่องดื่มที่มีแอลกอฮอล์,8,3,5,0,16,7.6,1.85,4.5,0,13.95
ร้านขายปลีกเครื่องดื่มที่ไม่มีแอลกอฮอล์,25,19,24,16,84,31.5,23.55,23.1501,27.5,105.7001
การขายปลีกผลิตภัณฑ์ยาสูบในร้านค้าเฉพาะ,1,1,1,1,4,0.3,1,1,2,4.3
การขายปลีกเชื้อเพลิงยานยนต์ในร้านค้าเฉพาะ สถานี ปั๊ม,38,23,20,28,109,105.3,110.5,51,404.45,671.25
การขายปลีกเครื่องมือสารสนเทศและการสื่อสารในร้านเฉพาะ,0,0,0,0,0,0,0,0,0,0
การขายปลีกคอมพิวเตอร์อุปกรณ์ต่อพ่วงซอฟต์แวร์ และอุปกรณ์การสื่อสารโทรคมนาคมในร้านค้าเฉพาะ,0,0,0,0,0,0,0,0,0,0
ร้านขายปลีกคอมพิวเตอร์และอุปกรณ์ต่อพ่วงคอมพิวเตอร์,20,16,20,18,74,25.3,19.2,25.01,22.65,92.16
ร้านขายปลีกเครื่องเล่นวีดิโอเกมและซอฟต์แวร์สำเร็จรูป,6,16,11,3,36,9.1,33,35,15,92.1
ร้านขายปลีกอุปกรณ์การสื่อสารโทรคมนาคม,47,17,20,32,116,56.2,32.5,27.4,49,165.1
การขายปลีกอุปกรณ์ที่เกี่ยวกับภาพและเสียงในร้านเฉพาะ,1,5,2,1,9,1,9.5,2,1,13.5
การขายปลีกสิ่งทอในร้านค้าเฉพาะ,0,0,0,0,0,0,0,0,0,0
การขายปลีกด้ายและผ้า,8,4,3,2,17,11.8,4,2.1,1.5,19.4
ร้านขายปลีกของใช้ในครัวเรือนที่ทำจากสิ่งทอ,2,0,4,2,8,3,0,5,3,11
ร้านขายปลีกอุปกรณ์ตัดเย็บ,0,0,0,0,0,0,0,0,0,0
การขายปลีกเครื่องมือที่ทำจากโลหะสีและกระจกในร้านค้า เฉพาะ,0,0,0,0,0,0,0,0,0,0
ร้านขายปลีกเครื่องโลหะ,1,3,7,1,12,1,2.1,8,1,12.1
ร้านขายปลีกสีทาน้ำมันชักเงาและแลกเกอร์,1,1,3,1,6,3,1,4.5,1,9.5
ร้านขายปลีกอุปกรณ์การวางท่อและเครื่องสุขภัณฑ์,1,0,0,0,1,1,0,0,0,1
ร้านขายปลีกวัสดุก่อสร้างอื่นๆ,39,23,35,30,127,450.3,32.6,53.41999,45.2,581.51999
ร้านขายปลีกวัสดุก่อสร้างหลายชนิดรวมถึงวัสดุอุปกรณ์และเครื่องมือชนิดนำไปใช้ทำงานได้ด้วยตัวเอง,45,49,34,42,170,81.7,86.26,46.81,65.201111,279.971111
การขายปลีกพรมพรมหนาวัสดุปิดฝาผนังและปูพื้นในร้านค้าเฉพาะ,0,3,2,1,6,0,2.5,0.8,5,8.3
การขายปลีกเครื่องใช้ไฟฟ้าในครัวเรือนเฟอร์นิเจอร์อุปกรณ์ ไฟฟ้าแสงสว่างและของใช้ในครัวเรือนชนิดอื่นๆในร้านค้าเฉพาะ,0,0,0,0,0,0,0,0,0,0
ร้านขายปลีกเฟอร์นิเจอร์ชนิดใช้ในครัวเรือน,13,5,10,9,37,19.45,5.1,19,9.1,52.65
ร้านขายปลีกเครื่องดินเผาเครื่องแก้วและเครื่องครัว,1,1,2,1,5,1,1,2,2,6
ร้านขายปลีกอุปกรณ์ไฟฟ้าสำหรับให้แสงสว่าง,11,8,6,12,37,13.6,15.5,7,17.5,53.6
ร้านขายปลีกอุปกรณ์เกี่ยวกับเครื่องดนตรี,4,0,6,1,11,6.5,0,11.01,1,18.51
ร้านขายปลีกเครื่องใช้ไฟฟ้าชนิดในครัวเรือน,31,18,24,20,93,29.9,24.41,32.8,24.4,111.51
ร้านขายปลีกของใช้อื่นๆในครัวเรือนซึ่งมิได้จัดประเภทไว้ในที่อื่น,10,5,5,4,24,16.5,10,4.5,7.5,38.5
ร้านขายปลีกหนังสือหนังสือพิมพ์วารสารและนิตยสาร,3,2,2,2,9,2,1.05,2,1.3,6.35
ร้านขายปลีกเครื่องเขียนและเครื่องใช้สำนักงาน,26,20,23,11,80,26.62,21.05,21.6,10.15,79.42
การขายปลีกสื่อบันทึกเสียงเพลงและสื่อบันทึกวีดิทัศน์ในร้านค้าเฉพาะ,1,0,0,0,1,1,0,0,0,1
การขายปลีกเครื่องกีฬาในร้านค้าเฉพาะ,10,13,8,12,43,13.105,20.65,15.5,18.6,67.855
การขายปลีกเกมและของเล่นในร้านค้าเฉพาะ,9,11,10,15,45,5.5,7.35,13.1,20.5,46.45
ร้านขายปลีกผลิตภัณฑ์งานฝีมือคนไทยและของที่ระลึก,5,5,3,2,15,5.1,8.1,2.2,2,17.4
ร้านขายปลีกสินค้าทางวัฒนธรรมและนันทนาการอื่นๆซึ่งมิได้ จัดประเภทไว้ในที่อื่น,0,0,3,2,5,0,0,4,1.1,5.1
การขายปลีกสินค้าอื่นๆในร้านค้าเฉพาะ,0,0,0,0,0,0,0,0,0,0
การขายปลีกเสื้อผ้ารองเท้าและเครื่องหนังในร้านค้าเฉพาะ,0,0,0,0,0,0,0,0,0,0
ร้านขายปลีกเสื้อผ้า,67,65,90,83,305,89.469999,74.6,202.159,114.95,481.178999
ร้านขายปลีกรองเท้า,1,2,8,5,16,0.5,7,7.5,5.5,20.5
ร้านขายปลีกเครื่องหนังยกเว้นรองเท้า,2,4,2,4,12,5,5,3,2.1,15.1
การขายปลีกสินค้าทางเภสัชภัณฑ์และทางการแพทย์เครื่องหอม เครื่องสำอางและผลิตภัณฑ์ที่ใช้ในห้องน้ำในร้านค้าเฉพาะ,0,0,0,0,0,0,0,0,0,0
ร้านขายปลีกสินค้าทางเภสัชภัณฑ์และเวชภัณฑ์,73,52,45,46,216,76.43,53.8,50.253,45.231,225.714
ร้านขายปลีกเครื่องหอม,3,3,2,7,15,8.1,2.5,2.3,11.01,23.91
ร้านขายปลีกเครื่องสำอาง,100,101,80,82,363,131.085,114.11,85.79,119.95,450.935
การขายปลีกสินค้าใหม่อื่นๆในร้านค้าเฉพาะ,0,0,0,0,0,0,0,0,0,0
ร้านขายปลีกนาฬิกาแว่นตาและอุปกรณ์ถ่ายภาพ,11,8,7,4,30,13.5,9.1,14,6.8,43.4
ร้านขายปลีกเครื่องประดับ,50,50,57,41,198,105.01,130.4,126.6,118.21,480.22
ร้านขายปลีกดอกไม้ต้นไม้และอุปกรณ์ที่เกี่ยวข้อง,13,3,6,6,28,14.7,7,5.75,5.5,32.95
ร้านขายปลีกสัตว์เลี้ยงและอุปกรณ์ที่เกี่ยวข้อง,24,17,15,18,74,30.51,64.22,12.8,19.87,127.4
ร้านขายปลีกก๊าซและเชื้อเพลิงอื่นๆสำหรับใช้ในครัวเรือน,7,2,3,1,13,8.5,1.5,3,1,14
ร้านขายปลีกสินค้าใหม่อื่นๆซึ่งมิได้จัดประเภทไว้ในทื่อื่น,10,21,16,18,65,11,24.1,23.6,23.1,81.8
การขายปลีกสินค้ามือสองในร้านค้าเฉพาะ,0,0,0,0,0,0,0,0,0,0
ร้านขายปลีกวัตถุโบราณ,6,1,4,2,13,10.5,1,6,2,19.5
ร้านขายปลีกเครื่องแต่งกายรองเท้าและเครื่องหนังที่ใช้แล้ว,1,6,7,3,17,5,12,15,8.5,40.5
ร้านขายปลีกคอมพิวเตอร์และอุปกรณ์สื่อสารโทรคมนาคมที่ใช้แล้ว,3,2,2,2,9,2.01,1.1,2,1.02,6.13
ร้านขายปลีกเครื่องใช้ไฟฟ้าและอิเล็กทรอนิกส์ชนิดใช้ในครัวเรือนที่ใช้แล้ว,0,1,4,2,7,0,2,3.4,4,9.4
ร้านขายปลีกหนังสือหนังสือพิมพ์วารสารและนิตยสารที่ใช้แล้ว,0,0,0,0,0,0,0,0,0,0
ร้านขายปลีกสินค้าใช้แล้วอื่นๆซึ่งมิได้จัดประเภทไว้ในที่อื่น,5,3,6,7,21,7.3,7.5,9.5,14.7,39
การขายปลีกผลิตภัณฑ์อาหารบนแผงลอยและตลาด,3,0,2,3,8,4,0,4.7,6.5,15.2
การขายปลีกเครื่องดื่มบนแผงลอยและตลาด,1,0,2,0,3,1,0,1.5,0,2.5
การขายปลีกผลิตภัณฑ์ยาสูบบนแผงลอยและตลาด,0,0,0,0,0,0,0,0,0,0
การขายปลีกสิ่งทอเสื้อผ้าและรองเท้าบนแผงลอยและตลาด,0,0,0,0,0,0,0,0,0,0
การขายปลีกสิ่งทอบนแผงลอยและตลาด,0,0,1,0,1,0,0,0.3,0,0.3
การขายปลีกเสื้อผ้ารองเท้าและเครื่องหนังบนแผงลอยและตลาด,1,3,4,3,11,1,7,3.02,3.5,14.52
การขายปลีกคอมพิวเตอร์และอุปกรณ์สื่อสารโทรคมนาคม บนแผงลอยและตลาด,3,0,5,3,11,3.5,0,4.9,6,14.4
การขายปลีกเครื่องใช้ไฟฟ้าและอิเล็กทรอนิกส์ชนิดใช้ในครัวเรือนบนแผงลอยและตลาด,1,2,3,1,7,5,2,2.5,0.1,9.6
การขายปลีกหนังสือหนังสือพิมพ์วารสารและนิตยสาร บนแผงลอยและตลาด,2,0,0,0,2,1.5,0,0,0,1.5
การขายปลีกสื่อบันทึกเสียงและภาพบนแผงลอยและตลาด,0,0,0,0,0,0,0,0,0,0
การขายปลีกสินค้าทางเภสัชภัณฑ์และเวชภัณฑ์ เครื่องหอมและเครื่องสำอางบนแผงลอยและตลาด,2,3,6,2,13,2,2.1,5.5,0.19,9.79
การขายปลีกนาฬิกาแว่นตาเครื่องเพชรพลอยบนแผงลอย และตลาด,1,0,1,6,8,3,0,1,8.6,12.6
การขายปลีกดอกไม้ต้นไม้สัตว์เลี้ยงและอาหารสำหรับสัตว์เลี้ยงบนแผงลอยและตลาด,2,0,0,1,3,0.7,0,0,0.1,0.8
การขายปลีกสินค้าอื่นๆซึ่งมิได้จัดประเภทไว้ในที่อื่นบนแผงลอยและตลาด,1,1,2,5,9,5,2,6,9,22
การขายปลีกผ่านการสั่งซื้อทางไปรษณีย์หรือทางอินเทอร์เน็ต,0,0,0,0,0,0,0,0,0,0
การขายปลีกโดยการรับสั่งสินค้าทางไปรษณีย์โทรทัศน์วิทยุ และโทรศัพท์,1,3,6,13,23,0.1,6,6.8,15.5,28.4
การขายปลีกทางอินเทอร์เน็ต,200,158,202,241,801,191.041,242.648242,295.52,392.006,1121.215242
การขายปลีกโดยวิธีอื่นๆที่ไม่ได้กระทำในร้านค้าแผงลอยหรือ ตลาด,0,0,0,0,0,0,0,0,0,0
การขายตรง,0,3,0,2,5,0,2.5,0,2,4.5
การขายปลีกโดยไม่มีร้านซึ่งมิได้จัดประเภทไว้ในที่อื่น,3,6,21,21,51,9.1,22.5,85.1,79.51,196.21
การขนส่งทางบกและการขนส่งทางท่อลำเลียง,0,0,0,0,0,0,0,0,0,0
การขนส่งทางรถไฟ,0,0,0,0,0,0,0,0,0,0
การขนส่งผู้โดยสารทางรถไฟระหว่างเมือง,0,0,1,0,1,0,0,0.2,0,0.2
การขนส่งสินค้าทางรถไฟ,0,0,0,1,1,0,0,0,5,5
การขนส่งผู้โดยสารด้วยรถโดยสารประจำทาง,0,0,0,0,0,0,0,0,0,0
การขนส่งผู้โดยสารด้วยรถโดยสารประจำทางในกรุงเทพฯ และปริมณฑล,0,0,0,2,2,0,0,0,2,2
การขนส่งผู้โดยสารทางรถโดยสารประจำทางระหว่างกรุงเทพฯ กับจังหวัดอื่น,0,0,0,0,0,0,0,0,0,0
การขนส่งผู้โดยสารทางรถโดยสารประจำทางระหว่างจังหวัด,0,0,0,0,0,0,0,0,0,0
การขนส่งผู้โดยสารทางรถโดยสารประจำทางในชนบท,0,0,0,0,0,0,0,0,0,0
การขนส่งผู้โดยสารทางรถโดยสารประจำทางอื่นๆซึ่งมิได้จัดประเภทไว้ในที่อื่น,6,5,4,3,18,5.4,4.2,5,6,20.6
การขนส่งทางบกอื่นๆ,0,0,0,0,0,0,0,0,0,0
การขนส่งผู้โดยสารในเขตเมืองและปริมณฑลยกเว้นทางรถโดยสารประจำทาง,0,0,0,0,0,0,0,0,0,0
การขนส่งผู้โดยสารทางบกอื่นๆ,0,0,0,0,0,0,0,0,0,0
การขนส่งผู้โดยสารโดยรถยนต์รับจ้าง/แท็กซี่,4,5,4,1,14,3.55,6,3.2,1,13.75
การขนส่งผู้โดยสารโดยรถสามล้อเครื่องและจักรยานยนต์รับจ้าง,0,0,0,0,0,0,0,0,0,0
การขนส่งและขนถ่ายสินค้า รวมถึงคนโดยสาร,166,165,158,157,646,274.762,194.87,188.838295,213.2,871.670295
การขนส่งผู้โดยสารทางบกอื่นๆซึ่งมิได้จัดประเภทไว้ในที่อื่น,9,13,12,10,44,7.3,20.413888,14.8,14.1,56.613888
การขนส่งสินค้าทางถนน,0,0,0,0,0,0,0,0,0,0
การขนส่งสินค้าแช่เย็นหรือแช่แข็งทางถนน,4,3,8,2,17,4,3,6.55,1,14.55
การขนส่งผลิตภัณฑ์ปิโตรเลียมทางถนน,3,2,1,0,6,4,4.5,1,0,9.5
การขนส่งของเหลวหรือก๊าซ (ยกเว้นก๊าซธรรมชาติ) ทางถนน,0,0,0,1,1,0,0,0,1,1
การขนส่งสินค้าที่บรรจุในตู้คอนเทนเนอร์ทางถนน,4,6,5,6,21,4.5,6,5.6,11,27.1
การขนส่งสินค้าอื่นๆทางถนนซึ่งมิได้จัดประเภทไว้ในที่อื่น,51,52,35,33,171,53.255,71.05,43.1,46.32,213.725
การขนส่งทางระบบท่อลำเลียง,0,0,0,0,0,0,0,0,0,0
การขนส่งทางทะเลและตามแนวชายฝั่งทะเล,0,0,0,0,0,0,0,0,0,0
การขนส่งผู้โดยสารทางทะเลและตามแนวชายฝั่งทะเล,0,0,0,0,0,0,0,0,0,0
การขนส่งผู้โดยสารทางทะเลและตามแนวชายฝั่งทะเลโดยเรือโดยสารข้ามฟาก,0,2,0,0,2,0,1.5,0,0,1.5
การขนส่งผู้โดยสารทางทะเลและตามแนวชายฝั่งทะเลโดยเรือท่องเที่ยวหรือเรือโดยสารทัศนาจรขนาดใหญ่,1,1,3,1,6,2,5,3,5,15
การขนส่งผู้โดยสารทางทะเลและตามแนวชายฝั่งทะเลโดยเรืออื่นๆซึ่งมิได้จัดประเภทไว้ในที่อื่น,0,0,0,0,0,0,0,0,0,0
การขนส่งสินค้าทางทะเลและตามแนวชายฝั่งทะเล,0,0,0,0,0,0,0,0,0,0
การขนส่งสินค้าทางทะเลและตามแนวชายฝั่งทะเล,0,1,0,2,3,0,5,0,3,8
การบริการลากจูงและดัน เรือลำเลียง/สิ่งก่อสร้างลอยน้ำ ที่ดำเนินการทางทะเลและตามแนวชายฝั่งทะเล,0,0,0,0,0,0,0,0,0,0
การขนส่งทางน้ำภายในประเทศ,0,0,0,0,0,0,0,0,0,0
การขนส่งผู้โดยสารทางน้ำภายในประเทศโดยเรือโดยสารข้ามฟาก,0,0,0,0,0,0,0,0,0,0
การขนส่งผู้โดยสารทางน้ำภายในประเทศโดยเรือทัศนาจรหรือเรือสำราญกีฬา,0,0,0,1,1,0,0,0,2,2
การขนส่งผู้โดยสารทางน้ำภายในประเทศโดยเรืออื่นๆซึ่งมิได้จัดประเภทไว้ในที่อื่น,0,0,0,0,0,0,0,0,0,0
การขนส่งทางน้ำภายในประเทศ,0,2,0,2,4,0,2,0,4.5,6.5
การบริการลากจูงหรือการดัน เรือลำเลียง และสิ่งก่อสร้างลอยน้ำที่ดำเนินการทางน้ำภายในประเทศ,0,0,0,0,0,0,0,0,0,0
การขนส่งผู้โดยสารทางอากาศ,0,0,0,0,0,0,0,0,0,0
การขนส่งผู้โดยสารทางอากาศที่มีตารางเวลา,0,0,0,1,1,0,0,0,1,1
การขนส่งผู้โดยสารทางอากาศที่ไม่มีตารางเวลา,0,0,0,0,0,0,0,0,0,0
การขนส่งสินค้าทางอากาศที่มีตารางเวลา,0,0,0,0,0,0,0,0,0,0
การขนส่งสินค้าทางอากาศที่ไม่มีตารางเวลา,0,1,0,0,1,0,10,0,0,10
กิจกรรมที่เกี่ยวกับคลังสินค้าและการจัดเก็บสินค้า,0,0,0,0,0,0,0,0,0,0
กิจกรรมที่เกี่ยวกับคลังสินค้าและการจัดเก็บสินค้าแช่เย็นหรือแช่แข็ง,2,2,1,2,7,7,6.2,20,6,39.2
กิจกรรมที่เกี่ยวกับคลังสินค้าและการจัดเก็บสินค้าธัญพืช,0,0,0,0,0,0,0,0,0,0
กิจกรรมที่เกี่ยวกับคลังสินค้าและการจัดเก็บสินค้าอื่นๆซึ่งมิได้จัดประเภทไว้ในที่อื่น,4,8,12,2,26,8,148.2,19.5,3,178.7
กิจกรรมสนับสนุนการขนส่ง,0,0,0,0,0,0,0,0,0,0
กิจกรรมบริการต่างๆสำหรับการขนส่งทางบก,0,0,0,0,0,0,0,0,0,0
กิจกรรมการบริการสำหรับการขนส่งทางรถไฟ,0,0,0,0,0,0,0,0,0,0
กิจกรรมการบริการสถานีรถโดยสาร,0,0,0,0,0,0,0,0,0,0
กิจกรรมการบริการสถานที่จอดยานพาหนะ,0,0,0,3,3,0,0,0,2.5,2.5
กิจกรรมการบริการรถยก,7,8,6,2,23,10,9,10.5,2,31.5
กิจกรรมการบริการอื่นๆที่สนับสนุนการขนส่งทางบก ซึ่งมิได้จัดประเภทไว้ในที่อื่น,1,1,1,3,6,1,0.5,4,56,61.5
กิจกรรมการดำเนินงานเกี่ยวกับสิ่งอำนวยความสะดวกของท่าเรือ (ยกเว้นการขนถ่ายสินค้า),0,0,2,1,3,0,0,0.2,2,2.2
กิจกรรมการบริการต่าง ๆ สำหรับการขนส่งทางน้ำ ซึ่งมิได้จัดประเภทไว้ในที่อื่น,0,1,0,0,1,0,3,0,0,3
กิจกรรมการดำเนินงานของสนามบิน (ยกเว้นการขนถ่ายสินค้า),0,0,0,0,0,0,0,0,0,0
กิจกรรมการบริการอื่นๆที่สนับสนุนการขนส่งทางอากาศซึ่งมิได้จัดประเภทไว้ในที่อื่น,0,0,0,0,0,0,0,0,0,0
การขนถ่ายสินค้า,0,0,0,0,0,0,0,0,0,0
การขนถ่ายสินค้า,3,4,1,1,9,3,51,2,1,57
การขนถ่ายสัมภาระ,0,0,0,0,0,0,0,0,0,0
กิจกรรมอื่น ๆ ที่สนับสนุนการขนส่ง,0,0,0,0,0,0,0,0,0,0
กิจกรรมการบริหารจัดการด้านการขนส่งและสถานที่เก็บสินค้า,16,10,13,10,49,28.2,15.1,23,12.62,78.92
กิจกรรมของตัวแทนผู้รับจัดการขนส่งสินค้าและตัวแทนออกของ (ตัวแทนดำเนินพิธีการศุลกากร),48,65,60,53,226,75.3,108.58,121.8,156.45,462.13
กิจกรรมบริการบรรจุหีบห่อเพื่อการขนส่ง,2,2,1,1,6,3,1.3,1,5,10.3
กิจกรรมอื่น ๆ ที่สนับสนุนการขนส่งซึ่งมิได้จัดประเภทไว้ในที่อื่น,2,0,2,2,6,3,0,4,7,14
กิจกรรมไปรษณีย์,0,2,0,1,3,0,3.05,0,1,4.05
กิจกรรมการรับส่งเอกสาร/สิ่งของ,4,1,7,8,20,4,1,6.1,5.85,16.95
ที่พักแรม,0,0,0,0,0,0,0,0,0,0
ที่พักแรมระยะสั้น,0,0,0,0,0,0,0,0,0,0
โรงแรม รีสอร์ทและห้องชุด,105,89,91,69,354,220.77,1174.8,200.60998,144.7,1740.87998
เกสต์เฮ้าส์,4,2,1,5,12,7,3,0.1,11,21.1
ที่พักสัมผัสวัฒนธรรมชนบท,2,0,3,3,8,5,0,2.1,3.6,10.7
กิจกรรมที่พักแรมระยะสั้นอื่น ๆ ซึ่งมิได้จัดประเภทไว้ในที่อื่น,8,7,12,5,32,22.1,16.5,25.05,11,74.65
ลานตั้งค่ายพักแรม ที่จอดรถพ่วงและที่ตั้งที่พักแบบเคลื่อนที่,1,1,1,1,4,0.635,1,1,0.7,3.335
การบริการห้องพักหรือที่พักอาศัยสำหรับนักเรียน/นักศึกษา,4,4,5,3,16,15.5,5,8,4,32.5
การบริการที่พักแรมประเภทอื่นๆซึ่งมิได้จัดประเภทไว้ในที่อื่น,2,5,4,1,12,3,10,7.2,2,22.2
การบริการด้านอาหารและเครื่องดื่ม,0,0,0,0,0,0,0,0,0,0
การบริการด้านอาหารในภัตตาคารและร้านอาหารแบบเคลื่อนที่,0,0,0,0,0,0,0,0,0,0
การบริการด้านอาหารในภัตตาคาร/ร้านอาหาร,398,356,378,276,1408,626.493414,621.50085,647.639999,439.38,2335.014263
การบริการด้านอาหารบนแผงลอยและตลาด,0,2,5,4,11,0,1.1,4.2,10.922,16.222
การบริการด้านอาหารโดยร้านอาหารแบบเคลื่อนที่,3,1,0,1,5,3,0.1,0,2,5.1
การบริการด้านการจัดเลี้ยงและบริการอาหารประเภทอื่นๆ,0,0,0,0,0,0,0,0,0,0
การบริการด้านการจัดเลี้ยง,7,11,7,7,32,16,13.2,17,10.5,56.7
การบริการด้านอาหารประเภทอื่นๆ,0,0,0,0,0,0,0,0,0,0
การบริการอาหารสำหรับกิจการขนส่ง,0,0,1,0,1,0,0,0.2,0,0.2
การดำเนินงานของโรงอาหาร,1,1,0,2,4,5,1,0,6,12
การบริการด้านอาหารอื่นๆซึ่งมิได้จัดประเภทไว้ในที่อื่น,3,1,2,3,9,4.3,1,1.6,4,10.9
การบริการเครื่องดื่ม,0,0,0,0,0,0,0,0,0,0
การบริการด้านเครื่องดื่มที่มีแอลกอฮอล์เป็นหลักในร้าน,16,17,18,15,66,31.75,26,24.9,28.75,111.4
การบริการด้านเครื่องดื่มที่ไม่มีแอลกอฮอล์เป็นหลักในร้าน,67,43,29,27,166,106.1,58.8,40.1,37.6,242.6
การบริการด้านเครื่องดื่มบนแผงลอยและตลาด,0,0,0,0,0,0,0,0,0,0
การบริการด้านเครื่องดื่มโดยร้านเคลื่อนที่,0,0,0,0,0,0,0,0,0,0
การจัดพิมพ์จำหน่ายหรือเผยแพร่ตำราเรียนพจนานุกรมและสารานุกรมลงบนสื่อต่างๆ (ยกเว้นทางออนไลน์),0,2,2,0,4,0,4,2.5,0,6.5
การจัดพิมพ์จำหน่ายหรือเผยแพร่โบรชัวร์ใบปลิวและสิ่งพิมพ์อื่นๆที่คล้ายกันลงบนสื่อต่างๆ (ยกเว้นทางออนไลน์),1,1,4,0,6,0.5,1,3.4,0,4.9
การจัดพิมพ์จำหน่ายหรือเผยแพร่หนังสือออนไลน์,2,2,2,3,9,0.2,1.0001,2,2.1,5.3001
กิจกรรมการดูแลสิทธิในการผลิตซ้ำหนังสือเพื่อจำหน่ายหรือเผยแพร่,1,0,0,0,1,1,0,0,0,1
การจัดพิมพ์จำหน่ายหรือเผยแพร่นามานุกรมและที่อยู่ทางไปรษณีย์ลงบนสื่อต่างๆ (ยกเว้นทางออนไลน์),0,0,0,0,0,0,0,0,0,0
การจัดพิมพ์จำหน่ายหรือเผยแพร่นามานุกรมและที่อยู่ ทางไปรษณีย์ผ่านทางออนไลน์,0,0,0,0,0,0,0,0,0,0
การจัดพิมพ์จำหน่ายหรือเผยแพร่หนังสือพิมพ์ วารสารและนิตยสาร,0,0,0,0,0,0,0,0,0,0
การจัดพิมพ์จำหน่ายหรือเผยแพร่หนังสือพิมพ์ลงบนสื่อต่างๆ (ยกเว้นทางออนไลน์),0,0,0,0,0,0,0,0,0,0
การจัดพิมพ์จำหน่ายหรือเผยแพร่วารสารและนิตยสารลงบนสื่อต่างๆ (ยกเว้นทางออนไลน์),0,0,1,0,1,0,0,2,0,2
การจัดพิมพ์จำหน่ายหรือเผยแพร่หนังสือพิมพ์วารสารและนิตยสารออนไลน์,1,0,0,0,1,1,0,0,0,1
กิจกรรมการดูแลสิทธิในการผลิตซ้ำหนังสือพิมพ์วารสารและนิตยสารเพื่อจำหน่ายหรือเผยแพร่,0,0,0,0,0,0,0,0,0,0
การจัดพิมพ์จำหน่ายหรือเผยแพร่งานอื่นๆลงบนสื่อต่างๆ (ยกเว้นทางออนไลน์),0,3,0,0,3,0,3,0,0,3
การจัดพิมพ์จำหน่ายหรือเผยแพร่งานอื่นๆผ่านทางออนไลน์,3,5,4,4,16,0.7,3.6,7.5,5,16.8
กิจกรรมการดูแลสิทธิในการผลิตซ้ำงานอื่นๆเพื่อจำหน่ายหรือเผยแพร่,0,0,0,0,0,0,0,0,0,0
การจัดทำซอฟต์แวร์,0,0,0,0,0,0,0,0,0,0
การจัดทำซอฟต์แวร์เกมสำเร็จรูป,2,8,6,4,20,10,15.95,5.1,3.1,34.15
การจัดทำซอฟต์แวร์สำเร็จรูป (ยกเว้นซอฟต์แวร์เกมสำเร็จรูป),30,28,31,27,116,40.02,43.82,33.92,40.2,157.96
กิจกรรมการดูแลสิทธิในการผลิตซ้ำซอฟต์แวร์สำเร็จรูป เพื่อจำหน่ายหรือเผยแพร่,0,1,3,0,4,0,0.5,7,0,7.5
กิจกรรมที่เกี่ยวข้องกับภาพยนตร์วีดิทัศน์และรายการโทรทัศน์,0,0,0,0,0,0,0,0,0,0
กิจกรรมการผลิตภาพยนตร์วีดิทัศน์และรายการโทรทัศน์,0,0,0,0,0,0,0,0,0,0
กิจกรรมการผลิตภาพยนตร์และวีดิทัศน์,13,22,10,11,56,17.4,77.7,6.61,18.601,120.311
กิจกรรมการผลิตรายการโทรทัศน์,5,7,5,3,20,4.3,14,5.2,5,28.5
การบริการตัดต่อภาพและเสียง,4,1,2,0,7,2.4,1,3,0,6.4
การบริการทำคอมพิวเตอร์กราฟฟิกแอนิเมชั่นและเทคนิคพิเศษ,2,2,1,1,6,6,0.6,1,1,8.6
กิจกรรมภายหลังการผลิตภาพยนตร์วิดีทัศน์และรายการโทรทัศน์อื่นๆซึ่งมิได้จัดประเภทไว้ในที่อื่น,0,1,1,2,4,0,1,1,3,5
กิจกรรมการเผยแพร่ภาพยนตร์วีดิทัศน์และรายการโทรทัศน์,0,1,0,1,2,0,0.1,0,1,1.1
กิจกรรมการดูแลสิทธิในการผลิตซ้ำภาพยนตร์วีดิทัศน์และรายการโทรทัศน์เพื่อจำหน่ายหรือเผยแพร่,0,0,0,0,0,0,0,0,0,0
กิจกรรมด้านการจัดฉายภาพยนตร์,0,1,1,1,3,0,1,0.1,1,2.1
กิจกรรมการบันทึกเสียงลงบนสื่อ,1,2,1,1,5,2,2.025,0.1,0.1,4.225
กิจกรรมการจัดพิมพ์จำหน่ายหรือเผยแพร่ดนตรี,0,2,5,1,8,0,1.1,16.1,2,19.2
กิจกรรมการดูแลสิทธิในการผลิตซ้ำดนตรีเพื่อจำหน่ายหรือเผยแพร่,1,0,0,0,1,1,0,0,0,1
การออกอากาศทางวิทยุกระจายเสียง,0,0,0,0,0,0,0,0,0,0
การออกอากาศทางวิทยุกระจายเสียง (ยกเว้นทางออนไลน์),1,0,1,0,2,0.2,0,1,0,1.2
การออกอากาศทางวิทยุกระจายเสียงผ่านทางออนไลน์,0,1,0,1,2,0,1,0,1,2
การจัดผังรายการและการออกอากาศทางโทรทัศน์,0,0,0,0,0,0,0,0,0,0
การจัดผังรายการและการออกอากาศทางโทรทัศน์โดยไม่ต้องสมัครสมาชิก (ยกเว้นทางออนไลน์),0,0,0,0,0,0,0,0,0,0
การจัดผังรายการและการออกอากาศทางโทรทัศน์โดยสมัครสมาชิก (ยกเว้นทางออนไลน์),0,0,0,0,0,0,0,0,0,0
การจัดผังรายการและการออกอากาศทางโทรทัศน์ผ่านทางออนไลน์,1,1,0,1,3,2,2,0,0.5,4.5
การบริการอินเทอร์เน็ตแบบใช้สายและไร้สาย,3,2,1,0,6,13,1.6,0.5,0,15.1
การบริการจัดส่งสัญญาณโทรทัศน์/วิทยุผ่านสายเคเบิล,0,0,0,0,0,0,0,0,0,0
กิจกรรมการโทรคมนาคมแบบใช้สายอื่นๆซึ่งมิได้จัดประเภทไว้ในที่อื่น,1,0,1,2,4,1,0,1,1.1,3.1
กิจกรรมการโทรคมนาคมแบบไร้สาย,0,0,0,0,0,0,0,0,0,0
การบริการระบบโทรศัพท์เคลื่อนที่,1,0,1,0,2,1,0,1,0,2
การบริการอินเทอร์เน็ตแบบไร้สาย,0,1,0,1,2,0,5,0,0.5,5.5
กิจกรรมการโทรคมนาคมแบบไร้สายอื่นๆซึ่งมิได้จัดประเภทไว้ในที่อื่น,0,1,1,2,4,0,1,1,2,4
การบริการจัดส่งสัญญาณรายการโทรทัศน์/วิทยุผ่านดาวเทียม,0,0,0,0,0,0,0,0,0,0
กิจกรรมการโทรคมนาคมผ่านดาวเทียม (ยกเว้นการบริการจัดส่งสัญญาณรายการโทรทัศน์/วิทยุผ่านดาวเทียม),1,1,0,0,2,1,1,0,0,2
กิจกรรมการโทรคมนาคมด้านอื่นๆ,2,2,1,0,5,13,1.05,1.6,0,15.65
กิจกรรมการจัดทำโปรแกรมคอมพิวเตอร์การให้คำปรึกษาเกี่ยวกับคอมพิวเตอร์และกิจกรรมที่เกี่ยวข้อง,0,0,0,0,0,0,0,0,0,0
กิจกรรมการจัดทำโปรแกรมคอมพิวเตอร์ตามวัตถุประสงค์ของผู้ใช้,0,0,0,0,0,0,0,0,0,0
กิจกรรมการจัดทำโปรแกรมเว็บเพจและเครือข่ายตามวัตถุประสงค์ของผู้ใช้,38,28,32,21,119,28.9125,31.722,32.5201,71.63,164.7846
กิจกรรมการจัดทำโปรแกรมคอมพิวเตอร์ตามวัตถุประสงค์ของผู้ใช้ (ยกเว้นโปรแกรมเว็บเพจและเครือข่าย),63,33,42,30,168,74.71,37.15,53.062,46.17,211.092
กิจกรรมการให้คำปรึกษาเกี่ยวกับคอมพิวเตอร์และการจัดการสิ่งอำนวยความสะดวกด้านคอมพิวเตอร์,0,0,0,0,0,0,0,0,0,0
กิจกรรมการให้คำปรึกษาทางด้านฮาร์ดแวร์,5,6,9,6,26,7,9.6,9.8,15,41.4
กิจกรรมการให้คำปรึกษาทางด้านซอฟต์แวร์,20,25,26,16,87,22.3,44.81,30.61,37.94,135.66
กิจกรรมการจัดการสิ่งอำนวยความสะดวกด้านคอมพิวเตอร์,6,9,7,6,28,8.6,7.1,4.4,10,30.1
กิจกรรมการบริการเทคโนโลยีสารสนเทศและคอมพิวเตอร์อื่นๆ,29,25,40,37,131,41.5,33.87,63.62,68.1,207.09
การประมวลผลข้อมูลการสร้างแม่ข่ายและกิจกรรมที่เกี่ยวข้อง,0,0,0,0,0,0,0,0,0,0
กิจกรรมการบริหารจัดการและประมวลผลข้อมูล,8,11,12,9,40,14.2,11.4,13.398,13.2,52.198
กิจกรรมการสร้างแม่ข่าย,6,2,5,6,19,9.01,5,12,17,43.01
การบริการเป็นตลาดกลางในการซื้อขายสินค้าหรือบริการ โดยวิธีใช้สื่ออิเล็กทรอนิกส์ผ่านระบบเครือข่ายอินเทอร์เน็ต,23,34,29,24,110,36.9,34.503,42.05,32.26,145.713
เวบท่า,2,0,4,5,11,1.3,0,4,8.1,13.4
กิจกรรมสำนักข่าว,0,0,0,0,0,0,0,0,0,0
กิจกรรมสำนักข่าวสื่อสิ่งพิมพ์,0,0,1,2,3,0,0,1,2,3
กิจกรรมสำนักข่าวสื่อโสตทัศน์,0,1,0,0,1,0,1,0,0,1
กิจกรรมบริการสารสนเทศอื่นๆซึ่งมิได้จัดประเภทไว้ในที่อื่น,1,2,1,6,10,1,6,3,9.2,19.2
กิจกรรมบริการทางการเงิน ยกเว้น การประกันภัยและกองทุนบำเหน็จบำนาญ,0,0,0,0,0,0,0,0,0,0
ธนาคารกลาง,0,0,0,0,0,0,0,0,0,0
ตัวกลางทางการเงินอื่นๆ,0,0,0,0,0,0,0,0,0,0
ธนาคารพาณิชย์,0,0,0,0,0,0,0,0,0,0
บริษัทเงินทุน,0,0,0,0,0,0,0,0,0,0
บริษัทเครดิตฟองซิเอร์,0,0,0,0,0,0,0,0,0,0
ธนาคารเฉพาะกิจ,0,0,0,0,0,0,0,0,0,0
สหกรณ์ที่เป็นตัวกลางทางการเงิน,0,0,0,0,0,0,0,0,0,0
กิจกรรมของบริษัทโฮลดิ้งที่ลงทุนในธุรกิจการเงินเป็นหลัก,14,9,21,13,57,31.3118,20.5,96.35,62.79,210.9518
กิจกรรมของบริษัทโฮลดิ้งที่ไม่ได้ลงทุนในธุรกิจการเงินเป็นหลัก,56,57,68,43,224,555.2785,454.5805,362.7096,8132.0777,9504.6463
กองทุน,0,0,0,0,0,0,0,0,0,0
ทรัสต์,0,0,0,0,0,0,0,0,0,0
กิจกรรมทางการเงินอื่นๆซึ่งมิได้จัดประเภทไว้ในที่อื่น,1,0,3,0,4,1,0,2.1,0,3.1
สัญญาเช่าทางการเงินสำหรับยานยนต์,0,4,3,0,7,0,12,4,0,16
สัญญาเช่าทางการเงินสำหรับเครื่องจักรและอุปกรณ์เพื่อ การดำเนินธุรกิจ,0,0,3,1,4,0,0,7,1,8
สัญญาเช่าทางการเงินสำหรับสินค้าอุปโภค (ยกเว้นยานยนต์และ จักรยานยนต์),0,0,0,0,0,0,0,0,0,0
การให้สินเชื่อประเภทอื่นๆ,0,0,0,0,0,0,0,0,0,0
การให้สินเชื่อเพื่อการค้าและการลงทุน,0,1,0,1,2,0,1,0,5,6
การให้สินเชื่อเพื่อการอุปโภคบริโภค,0,0,1,2,3,0,0,1,5.5,6.5
การให้สินเชื่อเพื่อการซื้อที่อยู่อาศัย,0,0,0,0,0,0,0,0,0,0
การให้สินเชื่อบัตรเครดิต,0,0,0,0,0,0,0,0,0,0
การบริการของโรงรับจำนำ,0,1,3,0,4,0,3,35,0,38
การให้สินเชื่ออื่นๆซึ่งมิได้จัดประเภทไว้ในที่อื่น,16,13,12,7,48,63.5,55,55.95,27,201.45
กิจกรรมการให้เงินทุนนอกเหนือจากการให้กู้ยืมเงิน,4,2,0,3,9,12.04,1.3,0,7,20.34
กิจกรรมการลงทุนที่เป็นกิจกรรมของตนเอง,3,11,5,5,24,6.5,18,13,5.1,42.6
กิจกรรมบริการทางการเงินอื่นๆ (ยกเว้นกิจกรรมการประกันภัย และกองทุนบำเหน็จบำนาญ) ซึ่งมิได้จัดประเภทไว้ในที่อื่น,1,3,5,6,15,0.5,2.5,4.54,14,21.54
การประกันภัย,0,0,0,0,0,0,0,0,0,0
การประกันชีวิต,0,0,0,1,1,0,0,0,0.15,0.15
การประกันวินาศภัย,0,0,1,0,1,0,0,1,0,1
การประกันภัยต่อ,0,0,0,0,0,0,0,0,0,0
กองทุนบำเหน็จบำนาญ (ผลประโยชน์ ตอบแทนเพื่อการเกษียณอายุหรือการชราภาพ),0,0,0,0,0,0,0,0,0,0
การบริหารงานด้านตลาดการเงิน,0,0,0,0,0,0,0,0,0,0
การบริหารงานตลาดเงินและตลาดทุน,0,0,0,0,0,0,0,0,0,0
การบริหารงานตลาดอนุพันธ์,0,0,0,0,0,0,0,0,0,0
การบริการควบคุมดูแลการบริหารงานตลาดการเงิน,0,0,0,0,0,0,0,0,0,0
กิจกรรมนายหน้าซื้อขายหลักทรัพย์และตราสารอนุพันธ์,0,0,0,0,0,0,0,0,0,0
กิจกรรมนายหน้าซื้อขายหลักทรัพย์,1,0,1,1,3,1,0,1,1,3
กิจกรรมนายหน้าซื้อขายตราสารอนุพันธ์,0,0,0,0,0,0,0,0,0,0
กิจกรรมเกี่ยวกับแลกเปลี่ยนเงินตราต่างประเทศ,8,16,19,12,55,18,29.5,30,20,97.5
กิจกรรมอื่นๆที่สนับสนุนกิจกรรมบริการทางการเงิน,0,0,0,0,0,0,0,0,0,0
บริการที่ปรึกษาการลงทุน,3,8,17,4,32,11,11.5,32.33,12.2,67.03
กิจกรรมการประมวลผลและการเรียกชำระเงินสำหรับธุรกรรม ทางการเงิน,1,4,1,2,8,5,5,1,2,13
บริการดูแลและรักษาหลักทรัพย์,0,1,2,1,4,0,2,2,1,5
กิจกรรมอื่นๆที่ช่วยเสริมกิจกรรมการให้บริการทางการเงิน ซึ่งมิได้จัดประเภทไว้ในที่อื่น,36,15,8,16,75,45.652,16.1,17.59,92.256,171.598
การประเมินความเสี่ยงภัยและมูลค่าความเสียหาย,5,4,3,0,12,3.6,4.6,3,0,11.2
กิจกรรมของตัวแทนและนายหน้าประกันภัย,0,0,0,0,0,0,0,0,0,0
กิจกรรมของตัวแทนและนายหน้าประกันชีวิต,0,0,5,2,7,0,0,4.05,1.5,5.55
กิจกรรมของตัวแทนและนายหน้าประกันวินาศภัย,1,1,1,0,3,1,3,0.02,0,4.02
กิจกรรมอื่นๆที่สนับสนุนการประกันภัยและกองทุนบำเหน็จ บำนาญ,0,0,0,0,0,0,0,0,0,0
กิจกรรมการจัดการหลักทรัพย์การลงทุนและกองทุน (ยกเว้น กองทุนบำเหน็จบำนาญ),0,1,0,0,1,0,5,0,0,5
กิจกรรมเกี่ยวกับอสังหาริมทรัพย์,0,0,0,0,0,0,0,0,0,0
กิจกรรมเกี่ยวกับอสังหาริมทรัพย์ที่เป็นของตนเองหรือเช่าจาก ผู้อื่น,0,0,0,0,0,0,0,0,0,0
การซื้อและการขายอสังหาริมทรัพย์ที่เป็นของตนเอง เพื่อการพักอาศัย,117,100,99,77,393,429.311,459.3,412.85,528.15,1829.611
การซื้อและการขายอสังหาริมทรัพย์ที่เป็นของตนเองที่ไม่ใช่ เพื่อเป็นที่พักอาศัย,115,88,98,51,352,600.59,285.4,399.0307,289,1574.0207
การเช่าและการดำเนินการเกี่ยวกับอสังหาริมทรัพย์ที่เป็น ของตนเองหรือเช่าจากผู้อื่นเพื่อเป็นที่พักอาศัย,87,59,91,71,308,151.225004,271.4002,206.3,190.72,819.645204
การเช่าและการดำเนินการเกี่ยวกับอสังหาริมทรัพย์ที่เป็นของ ตนเองหรือเช่าจากผู้อื่นที่ไม่ใช่เพื่อเป็นที่พักอาศัย,46,49,86,43,224,173.5,110.46,234.0582,119.865,637.8832
กิจกรรมเกี่ยวกับอสังหาริมทรัพย์ที่กระทำโดยได้รับค่าตอบแทน หรือตามสัญญาจ้าง,0,0,0,0,0,0,0,0,0,0
กิจกรรมของตัวแทนและนายหน้าอสังหาริมทรัพย์โดยได้รับ ค่าตอบแทนหรือตามสัญญาจ้าง,110,97,105,75,387,225.8,206.8,197.335,137.67,767.605
กิจกรรมบริการอื่นๆที่เกี่ยวกับอสังหาริมทรัพย์โดยได้รับ ค่าตอบแทนหรือตามสัญญาจ้าง,21,25,21,14,81,42,63.5002,43,43,191.5002
กิจกรรมทางกฎหมายและบัญชี,0,0,0,0,0,0,0,0,0,0
กิจกรรมทางกฎหมาย,71,53,52,43,219,102.33,66.15,68.3,62.1001,298.8801
กิจกรรมเกี่ยวกับบัญชีการทำบัญชีและการตรวจสอบบัญชี การให้คำปรึกษาด้านภาษี,177,99,77,63,416,99.15,64.191,49.720015,40.01,253.071015
กิจกรรมของสำนักงานใหญ่,0,0,0,1,1,0,0,0,1,1
สำนักงานผู้แทนนิติบุคคลระหว่างประเทศ,0,0,0,0,0,0,0,0,0,0
สำนักงานภูมิภาคของบริษัทข้ามชาติ,0,0,0,2,2,0,0,0,5.1,5.1
สำนักงานปฏิบัติการภูมิภาค,6,6,17,14,43,9.1,31.76789,25.19,15.3313,81.38919
กิจกรรมการให้คำปรึกษาด้านการบริหารจัดการ,0,0,0,0,0,0,0,0,0,0
กิจกรรมให้คำปรึกษาด้านการสื่อสารประชาสัมพันธ์,3,7,8,6,24,3,2.85,12,7.8,25.65
กิจกรรมให้คำปรึกษาด้านการบริหารจัดการการเงิน,6,13,14,11,44,5.2,20.015,10.05,8.62,43.885
กิจกรรมให้คำปรึกษาด้านการบริหารจัดการอื่นๆซึ่งมิได้จัด ประเภทไว้ในที่อื่น,193,168,184,158,703,245.8935,249.505,255.73,200.869887,951.998387
ตัวแทนธุรกิจการค้าระหว่างประเทศ,0,0,0,0,0,0,0,0,0,0
กิจกรรมงานสถาปัตยกรรมและวิศวกรรมและการให้คำปรึกษา ทางด้านเทคนิคที่เกี่ยวข้อง,0,0,0,0,0,0,0,0,0,0
กิจกรรมงานสถาปัตยกรรมและการให้คำปรึกษาที่เกี่ยวข้อง,20,21,19,21,81,23.1,27.7,20.6,29.3,100.7
กิจกรรมงานวิศวกรรมและการให้คำปรึกษาทางด้านเทคนิค ที่เกี่ยวข้อง,63,48,43,38,192,107.65,66.307,73.25,435.65,682.857
กิจกรรมงานธรณีฟิสิกส์ธรณีวิทยาและการให้คำปรึกษาที่ เกี่ยวข้อง,2,2,0,3,7,1.5,3,0,6.7,11.2
การทดสอบและการวิเคราะห์ทางเทคนิค,0,0,0,0,0,0,0,0,0,0
การทดสอบและวิเคราะห์การปฏิบัติการทางกายภาพและเคมี,3,1,1,0,5,4,0.1,1,0,5.1
การตรวจสภาพยานยนต์ทางเทคนิค,8,4,6,8,26,11.5,4.5,5.55,8.051,29.601
การทดสอบและวิเคราะห์ทางเทคนิคอื่นๆซึ่งมิได้จัดประเภท ไว้ในที่อื่น,4,3,7,1,15,12,1.2,13,0.1,26.3
การวิจัยและพัฒนาเชิงทดลองด้านวิทยาศาสตร์ธรรมชาติ,0,1,3,1,5,0,2,4.5,1,7.5
การวิจัยและพัฒนาเชิงทดลองด้านเทคโนโลยีชีวภาพ,5,1,1,3,10,5055.5,1,0.5,3.1,5060.1
การวิจัยและพัฒนาเชิงทดลองด้านวิศวกรรมและเทคโนโลยีอื่นๆ ซึ่งมิได้จัดประเภทไว้ในที่อื่น,14,8,9,13,44,26.15,29,20.5,25.8,101.45
การวิจัยและพัฒนาเชิงทดลองด้านสังคมศาสตร์และมนุษยศาสตร์,1,1,1,1,4,1,0.1,0.1,1,2.2
การโฆษณา,0,0,0,0,0,0,0,0,0,0
กิจกรรมของบริษัทโฆษณา,124,111,131,92,458,129.320998,143.11805,122.586,74.808,469.833048
กิจกรรมของตัวแทนขายสื่อโฆษณา,22,24,21,18,85,16.618,29.85,21.125,16.3,83.893
การวิจัยตลาดและการสำรวจความคิดเห็นของประชาชน (ประชามติ),0,0,0,1,1,0,0,0,1,1
กิจกรรมการออกแบบเฉพาะด้าน,0,0,0,0,0,0,0,0,0,0
กิจกรรมการออกแบบและตกแต่งภายใน,40,41,52,44,177,59.5,64.1,53.16,63.9,240.66
กิจกรรมการออกแบบเฉพาะด้านอื่นๆซึ่งมิได้จัดประเภทไว้ ในที่อื่น,12,17,18,22,69,10.65,12.602,23.75,18.9,65.902
กิจกรรมการถ่ายภาพ,20,12,11,12,55,23.7,6.6,17.1,16.212,63.612
กิจกรรมการแปลการแปลความหมายและล่าม,1,6,5,4,16,1,3.7,4.8,5.2,14.7
กิจกรรมการให้คำปรึกษาด้านสิ่งแวดล้อม,5,6,2,8,21,6,6,10,13.5,35.5
กิจกรรมทางวิชาชีพวิทยาศาสตร์และเทคนิคอื่นๆซึ่งมิได้ จัดประเภทไว้ในที่อื่น,6,3,7,2,18,9.3,6.1,7,1.1,23.5
กิจกรรมเกี่ยวกับสัตวแพทย์,13,11,10,14,48,20,16,14.5,37.1,87.6
การให้เช่าและให้เช่าแบบลีสซิ่งยานยนต์,0,0,0,0,0,0,0,0,0,0
การให้เช่าและให้เช่าแบบลิสซิ่งยานยนต์ชนิดนั่งส่วนบุคคล รถกระบะรถตู้และรถขนาดเล็กที่คล้ายกัน,28,29,28,26,111,43.7,54.25,36.33,41.72,176
การให้เช่าและให้เช่าแบบลิสซิ่งยานยนต์ชนิดรถบรรทุก และยานยนต์หนักอื่นๆ,5,3,5,4,17,11.5,3,6,5.5,26
การให้เช่าและให้เช่าแบบลีสซิ่งสินค้าเพื่อการนันทนาการและการกีฬา,1,1,2,1,5,1,1,4.1,1,7.1
การให้เช่าแถบวีดิทัศน์และแผ่นดิสก์,0,0,0,0,0,0,0,0,0,0
การให้เช่าและให้เช่าแบบลิสซิ่งของใช้ส่วนบุคคลและเครื่องใช้ ในครัวเรือนอื่นๆ,0,0,0,0,0,0,0,0,0,0
การให้เช่าหนังสือ,0,0,0,0,0,0,0,0,0,0
การให้เช่าของใช้ส่วนบุคคลและของใช้ในครัวเรือนอื่นๆ ซึ่งมิได้จัดประเภทไว้ในที่อื่น,5,9,9,8,31,5.5,9.1,10,6.4,31
การให้เช่าและให้เช่าแบบลีสซิ่งเครื่องจักรอุปกรณ์และสินค้า ที่จับต้องได้อื่นๆ,0,0,0,0,0,0,0,0,0,0
การให้เช่าและการให้เช่าแบบลีสซิ่งอุปกรณ์การขนส่งทางบก (ยกเว้นยานยนต์),0,1,3,0,4,0,2,4.4,0,6.4
การให้เช่าและการให้เช่าแบบลีสซิ่งอุปกรณ์การขนส่งทางน้ำ,2,0,1,1,4,2,0,1,1,4
การให้เช่าและการให้เช่าแบบลีสซิ่งอุปกรณ์การขนส่งทางอากาศ,0,0,0,0,0,0,0,0,0,0
การให้เช่าและการให้เช่าแบบลีสซิ่งเครื่องจักรและอุปกรณ์ ทางการเกษตรและการป่าไม้,0,0,0,0,0,0,0,0,0,0
การให้เช่าและการให้เช่าแบบลีสซิ่งเครื่องจักรและอุปกรณ์ ที่ใช้ในการก่อสร้างและงานวิศวกรรมโยธา,14,14,10,6,44,18.5,30,16.25,15,79.75
การให้เช่าและการให้เช่าแบบลีสซิ่งเครื่องจักรและอุปกรณ์ สำนักงาน,3,1,0,1,5,1.6,5,0,1,7.6
การให้เช่าและการให้เช่าแบบลีสซิ่งเครื่องจักรอุปกรณ์ และสินค้าที่จับต้องได้อื่นๆซึ่งมิได้จัดประเภทไว้ในที่อื่น,6,5,12,6,29,17.1,17,27.2,8.2,69.5
การให้เช่าแบบลิสซิ่งผลิตภัณฑ์ที่มีสินทรัพย์ทางปัญญา และผลิตภัณฑ์ที่คล้ายกันยกเว้นงานที่มีลิขสิทธิ์,6,3,6,3,18,6.5,5.65,18.5,4.2,34.85
บริการเกี่ยวกับสิทธิพิเศษอื่น ๆ,0,1,1,0,2,0,0.05,1,0,1.05
กิจกรรมของสำนักงานจัดหางานหรือตัวแทนจัดหางาน,0,0,0,0,0,0,0,0,0,0
กิจกรรมของบริษัทตัวแทนและสำนักงานคัดเลือกนักแสดง,4,3,3,7,17,4,1.6,6,6.55,18.15
กิจกรรมของสำนักงานจัดหางานหรือตัวแทนจัดหางานอื่นๆ ซึ่งมิได้จัดประเภทไว้ในที่อื่น,4,7,5,7,23,12.5,8.1,8.5,26,55.1
กิจกรรมการให้บริการจ้างงานชั่วคราว,18,12,21,8,59,28.7,14.2502,43.5,23,109.4502
กิจกรรมการจัดหาทรัพยากรมนุษย์อื่นๆ,7,6,6,9,28,9.001,7,4.7,13,33.701
ตัวแทนธุรกิจการเดินทางธุรกิจจัดนำเที่ยวและบริการสำรอง และกิจกรรมที่เกี่ยวข้อง,0,0,0,0,0,0,0,0,0,0
ตัวแทนธุรกิจการเดินทางธุรกิจจัดนำเที่ยว,0,0,0,0,0,0,0,0,0,0
ตัวแทนธุรกิจการเดินทาง,12,16,16,12,56,12.4,17.851,16.3,12.52,59.071
ธุรกิจจัดนำเที่ยว,89,100,79,52,320,138.59,156.1,125.57,80.7,500.96
กิจกรรมบริการสำรองอื่นๆและกิจกรรมที่เกี่ยวข้อง,0,0,0,0,0,0,0,0,0,0
กิจกรรมของมัคคุเทศก์,0,0,1,0,1,0,0,1,0,1
กิจกรรมบริการสำรองอื่นๆและกิจกรรมที่เกี่ยวข้องซึ่งมิได้ จัดประเภทไว้ในที่อื่น,6,5,5,10,26,9.1,8.2,11.06,7.8,36.16
กิจกรรมการรักษาความปลอดภัยส่วนบุคคล,25,15,19,15,74,45.15,14,20,29.21,108.36
กิจกรรมการบริการระบบรักษาความปลอดภัย,4,6,6,3,19,3.5,6.5,10,3,23
กิจกรรมสืบสวน,0,1,0,0,1,0,1,0,0,1
กิจกรรมสนับสนุนการอำนวยความสะดวกแบบเบ็ดเสร็จ,0,1,1,0,2,0,2,2,0,4
การบริการทำความสะอาด,0,0,0,0,0,0,0,0,0,0
การบริการทำความสะอาดทั่วไปของตัวอาคาร,40,23,22,19,104,55,38.5,18.46,25.5,137.46
การบริการทำความสะอาดสำหรับอาคารและอุตสาหกรรม อื่นๆ,0,0,0,0,0,0,0,0,0,0
กิจกรรมการทำความสะอาดพื้นผิวภายนอกอาคาร,1,1,1,0,3,0.1,1,0.3,0,1.4
กิจกรรมการทำความสะอาดภายในที่ใช้ความชำนาญเฉพาะด้าน,0,3,4,0,7,0,4.1,3.25,0,7.35
กิจกรรมการฆ่าเชื้อและกำจัด,10,3,3,2,18,7.81,3.03,3,5,18.84
กิจกรรมการทำความสะอาดสำหรับอาคารและอุตสาหกรรมอื่นๆ ซึ่งมิได้จัดประเภทไว้ในที่อื่น,1,3,1,1,6,0.05,1.07,1,0.2,2.32
การบริการดูแลและบำรุงรักษาภูมิทัศน์,17,17,16,9,59,17.51,20.4,18.3,8.5,64.71
กิจกรรมการบริหารและสนับสนุนสำนักงาน,0,0,0,0,0,0,0,0,0,0
กิจกรรมบริการเพื่อการบริหารสำนักงานแบบเบ็ดเสร็จ,12,24,20,17,73,9.55,17.45,21,19.65,67.65
กิจกรรมการถ่ายเอกสารการเตรียมเอกสารและกิจกรรมเฉพาะด้าน อื่นๆที่สนับสนุนสำนักงาน,0,0,0,0,0,0,0,0,0,0
การถ่ายเอกสาร,5,0,3,1,9,4.1,0,7,1,12.1
การเตรียมเอกสารและกิจกรรมเฉพาะด้านอื่นๆที่สนับสนุน สำนักงาน,0,3,5,1,9,0,4,10.5,5,19.5
กิจกรรมศูนย์บริการลูกค้าทางโทรศัพท์,1,0,1,0,2,1,0,1,0,2
การจัดประชุมและการแสดงสินค้า,0,0,0,0,0,0,0,0,0,0
การจัดการประชุม,24,20,21,12,77,41.15,16.8,26.9,15.3,100.15
การจัดการแสดงทางธุรกิจและการแสดงสินค้า,39,37,35,21,132,47.65,56.1,49.228888,23.8,176.778888
กิจกรรมการบริการเพื่อสนับสนุนธุรกิจซึ่งมิได้จัดประเภทไว้ ในที่อื่น,0,0,0,0,0,0,0,0,0,0
กิจกรรมของหน่วยงานตัวแทนที่ทำหน้าที่เรียกเก็บเงินและข้อมูล เครดิต,0,0,0,0,0,0,0,0,0,0
กิจกรรมของตัวแทนที่ทำหน้าที่เรียกเก็บเงิน,2,1,3,1,7,6,1,36,1,44
กิจกรรมการบริการข้อมูลเครดิต,0,0,0,0,0,0,0,0,0,0
กิจกรรมที่เกี่ยวกับการบรรจุภัณฑ์,4,3,6,3,16,8,5.2,7,3,23.2
กิจกรรมการบริการอื่นๆเพื่อสนับสนุนธุรกิจซึ่งมิได้จัดประเภทไว้ ในที่อื่น,238,32,30,33,333,118.303,51.31,55.8459,49.408,274.8669
กิจกรรมการบริหารราชการทั่วไป,0,0,0,0,0,0,0,0,0,0
กิจกรรมด้านการบริการที่ส่งเสริมภาครัฐโดยรวม,0,0,0,0,0,0,0,0,0,0
การกำหนดกฎเกณฑ์เกี่ยวกับกิจกรรมการให้บริการทางสุขภาพ การศึกษาวัฒนธรรมและการบริการทางสังคมอื่นๆยกเว้น การประกันสังคม,0,0,0,0,0,0,0,0,0,0
การกำหนดกฎเกณฑ์เกี่ยวกับกิจกรรมการให้บริการทางการศึกษา,0,0,0,0,0,0,0,0,0,0
การกำหนดกฎเกณฑ์เกี่ยวกับกิจกรรมการให้บริการทางสุขภาพ,0,0,0,0,0,0,0,0,0,0
การกำหนดกฎเกณฑ์เกี่ยวกับกิจกรรมการให้บริการทางสิ่งแวดล้อมและที่พักอาศัย,0,0,0,0,0,0,0,0,0,0
การกำหนดกฎเกณฑ์เกี่ยวกับกิจกรรมการให้บริการด้านกีฬา นันทนาการวัฒนธรรมและศาสนา,0,0,0,0,0,0,0,0,0,0
การกำหนดกฎเกณฑ์และการสนับสนุนเพื่อเพิ่มประสิทธิภาพ ในการดำเนินงานทางการเกษตรกรรมการป่าไม้การประมง และการล่าสัตว์,0,0,0,0,0,0,0,0,0,0
การกำหนดกฎเกณฑ์และการสนับสนุนเพื่อเพิ่มประสิทธิภาพ ในการดำเนินงานทางด้านเชื้อเพลิงและพลังงาน,0,0,0,0,0,0,0,0,0,0
การกำหนดกฎเกณฑ์และการสนับสนุนเพื่อเพิ่มประสิทธิภาพ ในการดำเนินงานด้านการขายส่งและการขายปลีก,0,0,0,0,0,0,0,0,0,0
การกำหนดกฎเกณฑ์และการสนับสนุนเพื่อเพิ่มประสิทธิภาพ ในการดำเนินงานด้านการท่องเที่ยวและบริการที่เกี่ยวข้อง,0,0,0,0,0,0,0,0,0,0
การกำหนดกฎเกณฑ์และการสนับสนุนเพื่อเพิ่มประสิทธิภาพ การบริหารงานทั่วไปเกี่ยวกับเศรษฐกิจพาณิชย์และแรงงาน,0,0,0,0,0,0,0,0,0,0
การต่างประเทศ,0,0,0,0,0,0,0,0,0,0
กิจกรรมการป้องกันประเทศ,0,0,0,0,0,0,0,0,0,0
กิจกรรมของตำรวจ,0,0,0,0,0,0,0,0,0,0
กิจกรรมการจัดระเบียบและความปลอดภัยสาธารณะอื่นๆซึ่งมิได้ จัดประเภทไว้ในที่อื่น,0,0,0,0,0,0,0,0,0,0
การศึกษาระดับประถมศึกษา,0,0,0,0,0,0,0,0,0,0
การศึกษาระดับประถมศึกษาสำหรับเด็กปกติ,2,2,1,1,6,3,3,0.5,0.3,6.8
การศึกษาระดับประถมศึกษาสำหรับเด็กพิการ,0,0,0,0,0,0,0,0,0,0
การศึกษาระดับประถมศึกษาโดยวิธีอื่นๆ,0,0,0,0,0,0,0,0,0,0
การศึกษาระดับมัธยมศึกษาประเภทสามัญศึกษาสำหรับ ผู้เรียนปกติ,1,0,0,1,2,2,0,0,0.1,2.1
การศึกษาระดับมัธยมศึกษาประเภทสามัญศึกษาสำหรับ ผู้เรียนพิการ,0,0,0,0,0,0,0,0,0,0
การศึกษาระดับมัธยมศึกษาประเภทสามัญศึกษาโดยวิธีอื่นๆ,0,1,0,0,1,0,1,0,0,1
การศึกษาระดับมัธยมศึกษาประเภทอาชีวศึกษา,0,0,0,0,0,0,0,0,0,0
การศึกษาระดับอุดมศึกษา ต่ำกว่าปริญญา,0,0,0,0,0,0,0,0,0,0
การศึกษาระดับอุดมศึกษา ปริญญาตรี,0,0,0,1,1,0,0,0,2,2
การศึกษาระดับอุดมศึกษา ระดับปริญญาโทขึ้นไป,0,0,0,0,0,0,0,0,0,0
การศึกษาด้านกีฬาและนันทนาการ,14,14,15,7,50,19.85,23.9,28,7.65,79.4
กิจกรรมการเรียนการสอนด้านการเต้นรำ,1,0,1,1,3,1,0,0.3,0.8,2.1
กิจกรรมการเรียนการสอนด้านดนตรี,8,5,3,5,21,7.4475,4.1,5.21,6.5,23.2575
กิจกรรมการเรียนการสอนด้านศิลปะ,1,1,2,1,5,1,4,1.1,0.1,6.2
การศึกษาด้านวัฒนธรรมอื่น ๆ ซึ่งมิได้จัดประเภทไว้ในที่อื่น,3,0,1,2,6,2.1,0,1,2,5.1
การศึกษาอื่น ๆ ซึ่งมิได้จัดประเภทไว้ในที่อื่น,0,0,0,0,0,0,0,0,0,0
กิจกรรมการเรียนการสอนภาษา,12,9,7,13,41,12.15,7.225,6,17.8,43.175
กิจกรรมการเรียนการสอนด้านเทคโนโลยีสารสนเทศ,4,2,3,6,15,4,3,4,8.5,19.5
กิจกรรมการกวดวิชาทั่วไป,13,6,2,5,26,11.3,4.7,3,5.2,24.2
กิจกรรมการเรียนการสอนตัดเสื้อผ้าและเสริมสวย,3,0,1,3,7,4,0,1,3,8
กิจกรรมการเรียนการสอนสปาบำบัด,0,0,0,2,2,0,0,0,6,6
กิจกรรมการเรียนการสอนนวด,2,1,1,3,7,2,1,3,5.5,11.5
กิจกรรมการเรียนการสอนขับขี่,0,0,0,1,1,0,0,0,1,1
การศึกษาอื่นๆซึ่งมิได้จัดประเภทไว้ในที่อื่น,14,14,20,10,58,10.12,22,31.214,33.6,96.934
การบริการที่สนับสนุนการศึกษา,26,16,16,12,70,22.889,21.1,18.05,16.1,78.139
การศึกษาระดับก่อนประถมศึกษาสำหรับเด็กปกติ,2,1,2,0,5,3,1,6,0,10
การศึกษาระดับก่อนประถมศึกษาสำหรับเด็กพิการ,0,0,0,0,0,0,0,0,0,0
กิจกรรมด้านสุขภาพของมนุษย์,0,0,0,0,0,0,0,0,0,0
กิจกรรมโรงพยาบาล,0,0,0,0,0,0,0,0,0,0
กิจกรรมโรงพยาบาล,21,14,14,16,65,33.75,16.1,23,84.5,157.35
กิจกรรมโรงพยาบาลเฉพาะทาง,4,4,1,4,13,13,9.5,1,8,31.5
กิจกรรมคลินิกโรคทั่วไป,40,28,26,35,129,54.855,43.65,34.5,294.2,427.205
กิจกรรมคลินิกโรคเฉพาะทาง,46,28,31,28,133,54.3667,40.5,53.13,33.2,181.1967
กิจกรรมทางทันตกรรม,16,15,15,16,62,23.4,22.501,23.2,27.3,96.401
กิจกรรมด้านการพยาบาลและผดุงครรภ์,4,2,2,2,10,2.4,1.3,3,3,9.7
กิจกรรมด้านกายภาพบำบัด,5,5,5,1,16,6.5,9,10,0.5,26
กิจกรรมในห้องปฏิบัติการทางการแพทย์,3,2,0,7,12,6,6,0,4.9,16.9
กิจกรรมอื่น ๆ ด้านสุขภาพของมนุษย์ ซึ่งมิได้จัดประเภทไว้ในที่อื่น,13,16,15,11,55,22.8,17.507,53.03,14.1,107.437
หน่วยบริการทางการพยาบาลที่จัดที่พักให้,0,0,2,5,7,0,0,2,11.8,13.8
กิจกรรมการดูแลรักษาในสถานที่ที่มีที่พักและมีคนดูแลประจำ สำหรับผู้พิการทางสมอง,0,0,0,0,0,0,0,0,0,0
กิจกรรมการดูแลรักษาในสถานที่ที่มีที่พักและมีคนดูแลประจำ สำหรับผู้มีปัญหาสุขภาพจิต,0,0,0,0,0,0,0,0,0,0
กิจกรรมการดูแลรักษาในสถานที่ที่มีที่พักและมีคนดูแลประจำ สำหรับผู้ใช้สารเสพติด,1,0,0,1,2,1,0,0,5,6
กิจกรรมการดูแลรักษาในสถานที่ที่มีที่พักและมีคนดูแลประจำ สำหรับผู้สูงอายุ,17,9,12,17,55,26,12,16.5,22.7,77.2
กิจกรรมการดูแลรักษาในสถานที่ที่มีที่พักและมีคนดูแลประจำ สำหรับเด็กและเยาวชนพิการ,0,0,0,0,0,0,0,0,0,0
กิจกรรมการดูแลรักษาในสถานที่ที่มีที่พักและมีคนดูแลประจำ สำหรับผู้พิการ,0,0,0,0,0,0,0,0,0,0
กิจกรรมการดูแลรักษาในสถานที่ที่มีที่พักและมีคนดูแลประจำ สำหรับเด็กและเยาวชน (ยกเว้น ผู้พิการซึ่งไม่สามารถช่วยเหลือตนเองได้ทั้งหมด หรือผู้ที่ไม่สามารถอยู่ตามลำพังได้และผู้ใช้สารเสพติด),1,0,0,0,1,5,0,0,0,5
กิจกรรมการดูแลรักษาในสถานที่ที่มีที่พักและมีคนดูแลประจำ สำหรับบุคคลอื่น ๆ ซึ่งมิได้จัดประเภทไว้ในที่อื่น,0,0,0,0,0,0,0,0,0,0
กิจกรรมสังคมสงเคราะห์โดยไม่มีที่พักอาศัยสำหรับผู้สูงอายุ,1,1,1,1,4,1,0.1,0.5,1,2.6
กิจกรรมสังคมสงเคราะห์โดยไม่มีที่พักอาศัยสำหรับผู้พิการ,0,0,0,0,0,0,0,0,0,0
กิจกรรมการรับเลี้ยงเด็กกลางวัน,1,0,0,0,1,1,0,0,0,1
กิจกรรมงานสังคมสงเคราะห์อื่นๆโดยไม่มีที่พักอาศัยซึ่งมิได้ จัดประเภทไว้ในที่อื่น,0,1,2,1,4,0,1,2,0.17,3.17
กิจกรรมการสร้างสรรค์ศิลปะและความบันเทิง,0,0,0,0,0,0,0,0,0,0
กิจกรรมการสร้างสรรค์ศิลปะ,7,3,5,8,23,8.1,6,10,10.51,34.61
กิจกรรมด้านความบันเทิง,34,26,29,31,120,46.7,25.6,46.3,42.25,160.85
กิจกรรมห้องสมุด,1,0,0,0,1,5,0,0,0,5
กิจกรรมหอจดหมายเหตุ,0,0,0,0,0,0,0,0,0,0
กิจกรรมพิพิธภัณฑ์,0,0,0,1,1,0,0,0,0.1,0.1
กิจกรรมการดำเนินงานเกี่ยวข้องกับโบราณสถานและอาคารทางประวัติศาสตร์,0,0,0,0,0,0,0,0,0,0
กิจกรรมสวนพฤกษชาติและสวนสัตว์,1,2,0,1,4,1,3.65,0,1,5.65
กิจกรรมการอนุรักษ์ธรรมชาติ,1,0,0,0,1,1,0,0,0,1
กิจกรรมการพนันและการเสี่ยงโชค,0,0,0,0,0,0,0,0,0,0
กิจกรรมการขายสลากกินแบ่ง,0,0,3,0,3,0,0,2.5,0,2.5
กิจกรรมการพนันและการเสี่ยงโชคอื่นๆซึ่งมิได้จัดประเภทไว้ ในที่อื่น,0,0,0,1,1,0,0,0,0.3,0.3
กิจกรรมด้านการกีฬา ความบันเทิงและนันทนาการ,0,0,0,0,0,0,0,0,0,0
กิจกรรมด้านการกีฬา,0,0,0,0,0,0,0,0,0,0
การดำเนินงานเกี่ยวกับสิ่งอำนวยความสะดวกทางการกีฬา,0,0,0,0,0,0,0,0,0,0
การดำเนินงานเกี่ยวกับสิ่งอำนวยความสะดวกสำหรับการแข่งขัน กีฬา,16,10,17,11,54,33,30.5,34.5,25.2,123.2
การดำเนินงานของสถานที่ออกกำลังกาย,26,26,22,21,95,46.74,54.3,40.9,54.4,196.34
กิจกรรมด้านสโมสรกีฬา,2,3,3,5,13,5.1,20.2,0.16,4,29.46
กิจกรรมอื่นๆทางด้านการกีฬา,0,0,0,0,0,0,0,0,0,0
กิจกรรมการจัดการแข่งขันกีฬา,3,4,2,2,11,3,8,6,5,22
กิจกรรมของสมาคม/สมาพันธ์กีฬา,1,0,1,0,2,1,0,0.7,0,1.7
กิจกรรมอื่นๆทางด้านการกีฬาซึ่งมิได้จัดประเภทไว้ในที่อื่น,4,1,5,2,12,9,2,3.3,6,20.3
กิจกรรมทางด้านความบันเทิงและนันทนาการอื่น ๆ,0,0,0,0,0,0,0,0,0,0
กิจกรรมด้านสวนสนุกและธีมปาร์ค,2,1,3,3,9,2,2,3,5,12
กิจกรรมด้านความบันเทิงและนันทนาการอื่น ๆ ซึ่งมิได้จัดประเภท ไว้ในที่อื่น,0,0,0,0,0,0,0,0,0,0
กิจกรรมสวนพักผ่อนหย่อนใจและชายหาด,0,0,0,0,0,0,0,0,0,0
กิจกรรมการแสดงโชว์เพื่อความบันเทิงและการนันทนาการ,1,2,5,1,9,4,1.5,7.2,2,14.7
กิจกรรมการดำเนินงานร้านเกมและตู้เกมหยอดเหรียญ,8,0,6,3,17,10.3,0,7.5,3.5,21.3
กิจกรรมด้านความบันเทิงและการนันทนาการอื่นๆซึ่งมิได้ จัดประเภทไว้ในที่อื่น,4,2,4,3,13,4,1.5,3.1,1.6,10.2
กิจกรรมขององค์กรสมาชิกธุรกิจและองค์กรสมาชิกนายจ้าง,0,0,0,0,0,0,0,0,0,0
กิจกรรมขององค์กรสมาชิกผู้ประกอบวิชาชีพ,0,0,0,0,0,0,0,0,0,0
กิจกรรมของสหภาพแรงงาน,0,0,0,0,0,0,0,0,0,0
กิจกรรมขององค์กรทางศาสนา,0,0,0,0,0,0,0,0,0,0
กิจกรรมขององค์กรสิทธิมนุษยชน,0,0,0,0,0,0,0,0,0,0
กิจกรรมของสมาคมเยาวชน,0,0,0,0,0,0,0,0,0,0
กิจกรรมขององค์กรด้านสิ่งแวดล้อมและนิเวศวิทยา,0,0,0,0,0,0,0,0,0,0
กิจกรรมของสมาคมด้านวัฒนธรรมและนันทนาการ,0,0,0,0,0,0,0,0,0,0
กิจกรรมการเป็นสมาชิกองค์กรอื่นๆซึ่งมิได้จัดประเภทไว้ในที่อื่น,0,0,0,0,0,0,0,0,0,0
การซ่อมคอมพิวเตอร์และอุปกรณ์สื่อสาร,0,0,0,0,0,0,0,0,0,0
การซ่อมคอมพิวเตอร์และอุปกรณ์ต่อพ่วง,4,4,4,1,13,8.95,4,5.1,0.1,18.15
การซ่อมอุปกรณ์สื่อสาร,3,2,3,2,10,3,2,3,2,10
การซ่อมเครื่องอิเล็กทรอนิกส์สำหรับผู้บริโภค,1,0,1,2,4,1,0,0.8,1.1,2.9
การซ่อมเครื่องใช้ในครัวเรือนและอุปกรณ์สำหรับบ้านและสวน,5,1,4,1,11,8.15,1,2.2,1,12.35
การซ่อมรองเท้าและเครื่องหนัง,1,1,0,1,3,1,2,0,3,6
การซ่อมเฟอร์นิเจอร์และของตกแต่งบ้าน,1,0,0,1,2,2,0,0,3,5
การซ่อมของใช้ส่วนบุคคลและของใช้ในครัวเรือนอื่นๆ,0,0,0,0,0,0,0,0,0,0
การซ่อมนาฬิกา,0,0,0,0,0,0,0,0,0,0
การซ่อมเครื่องแต่งกาย,0,0,0,0,0,0,0,0,0,0
การซ่อมจักรยานสองล้อ,0,0,0,0,0,0,0,0,0,0
การซ่อมเครื่องดนตรี,1,0,1,0,2,0.3,0,1,0,1.3
การซ่อมเครื่องกีฬา,0,0,0,1,1,0,0,0,1,1
การซ่อมของใช้ส่วนบุคคลและของใช้ในครัวเรือนอื่นๆซึ่งมิได้ จัดประเภทไว้ในที่อื่น,0,2,0,0,2,0,1.09,0,0,1.09
การให้บริการด้านสุขภาพยกเว้นกิจกรรมทางด้านกีฬา,0,0,0,0,0,0,0,0,0,0
กิจกรรมสปา,41,27,29,25,122,55.35,35.8,39.1,40.6,170.85
กิจกรรมการบริการลดน้ำหนัก,0,0,1,0,1,0,0,0.05,0,0.05
กิจกรรมการแต่งผม,32,9,9,14,64,41.15,7.4,8.5,21.12,78.17
กิจกรรมการดูแลความงามแต่งเล็บมือและเล็บเท้า,19,18,13,19,69,17.3,18.7,21.5,20.8,78.3
กิจกรรมการให้บริการด้านสุขภาพอื่นๆซึ่งมิได้จัดประเภทไว้ ในที่อื่น,2,4,6,6,18,5.5,3.1,6.5,12,27.1
การให้บริการซักรีด,0,0,0,0,0,0,0,0,0,0
การบริการซักรีด (ยกเว้นโดยเครื่องซักผ้าชนิดหยอดเหรียญ),12,9,3,9,33,18.6,9.15,3.1,12.73,43.58
การซักผ้าโดยเครื่องซักผ้าชนิดหยอดเหรียญ,19,13,16,7,55,37.6,11.3,25.5,11.4,85.8
การบริการฟอกและย้อมสี,0,0,0,0,0,0,0,0,0,0
กิจกรรมการให้บริการอื่นๆส่วนบุคคล,0,0,0,0,0,0,0,0,0,0
กิจกรรมเกี่ยวกับงานศพและกิจกรรมที่เกี่ยวข้อง,0,0,0,2,2,0,0,0,4.5,4.5
กิจกรรมการดูแลสัตว์เลี้ยง,5,10,8,8,31,4.9,12.2,13,10.501,40.601
กิจกรรมการบริการด้วยเครื่องหยอดเหรียญ,2,4,1,1,8,1.4,3.5,0.5,1,6.4
กิจกรรมโหราศาสตร์และไสยศาสตร์,2,1,2,1,6,5.2,1,1.5,1,8.7
กิจกรรมการบริการอาบอบนวดและการบริการอื่นๆที่คล้ายกัน,3,3,3,3,12,4,2.5,7,6,19.5
กิจกรรมการบริการอื่น ๆ ส่วนบุคคลซึ่งมิได้จัดประเภทไว้ในที่อื่น,66,42,36,29,173,105.96,65.5,48,36.99,256.45
กิจกรรมการจ้างงานในครัวเรือนในฐานะที่เป็นนายจ้างส่วนบุคคล,0,0,0,0,0,0,0,0,0,0
กิจกรรมการผลิตสินค้าเพื่อใช้ในครัวเรือนซึ่งไม่สามารถจำแนก กิจกรรมได้อย่างชัดเจน,0,0,0,0,0,0,0,0,0,0
กิจกรรมการบริการในครัวเรือนซึ่งไม่สามารถจำแนกกิจกรรม ได้อย่างชัดเจน,0,0,0,0,0,0,0,0,0,0
กิจกรรมขององค์การระหว่างประเทศและภาคีสมาชิกอื่น ๆ ซึ่งมิได้จัดประเภทไว้ในที่อื่น,0,0,0,0,0,0,0,0,0,0
